training_select,training_name,subject_id,target,split,fold,fold_label,source_row,sample,sample_c,setup_n,trial_n,exp_setup_name,y_true,y_pred,err,n_estimators,max_depth
3,SingleTrain_WithBaseValsalva,1,DBP,train,1,postExerciseHgcp,2,3,3,1,1,subject1_day1_setup01_baseline,80.3285643476784,80.3285643476784,0.0,32,32
3,SingleTrain_WithBaseValsalva,1,DBP,train,1,postExerciseHgcp,3,4,4,1,1,subject1_day1_setup01_baseline,80.2107769708344,80.2107769708344,0.0,32,32
3,SingleTrain_WithBaseValsalva,1,DBP,train,1,postExerciseHgcp,5,6,6,1,1,subject1_day1_setup01_baseline,79.9886874239125,79.9886874239125,0.0,32,32
3,SingleTrain_WithBaseValsalva,1,DBP,train,1,postExerciseHgcp,6,7,7,1,1,subject1_day1_setup01_baseline,79.8418989769703,79.8418989769703,0.0,32,32
3,SingleTrain_WithBaseValsalva,1,DBP,train,1,postExerciseHgcp,7,8,8,1,1,subject1_day1_setup01_baseline,79.6984365828952,79.6984365828952,0.0,32,32
3,SingleTrain_WithBaseValsalva,1,DBP,train,1,postExerciseHgcp,8,9,9,1,1,subject1_day1_setup01_baseline,79.6766394049151,79.6984365828952,0.02179717798010472,32,32
3,SingleTrain_WithBaseValsalva,1,DBP,train,1,postExerciseHgcp,9,10,10,1,1,subject1_day1_setup01_baseline,79.7337296473028,79.7337296473028,0.0,32,32
3,SingleTrain_WithBaseValsalva,1,DBP,train,1,postExerciseHgcp,10,11,11,1,1,subject1_day1_setup01_baseline,79.8957732508758,79.8957732508758,0.0,32,32
3,SingleTrain_WithBaseValsalva,1,DBP,train,1,postExerciseHgcp,11,12,12,1,1,subject1_day1_setup01_baseline,80.0391140989142,80.0391140989142,0.0,32,32
3,SingleTrain_WithBaseValsalva,1,DBP,train,1,postExerciseHgcp,12,13,13,1,1,subject1_day1_setup01_baseline,80.304589081456,80.304589081456,0.0,32,32
3,SingleTrain_WithBaseValsalva,1,DBP,train,1,postExerciseHgcp,13,14,14,1,1,subject1_day1_setup01_baseline,80.3460888980406,80.3460888980406,0.0,32,32
3,SingleTrain_WithBaseValsalva,1,DBP,train,1,postExerciseHgcp,14,15,15,1,1,subject1_day1_setup01_baseline,80.1368599552057,80.1368599552057,0.0,32,32
3,SingleTrain_WithBaseValsalva,1,DBP,train,1,postExerciseHgcp,15,16,16,1,1,subject1_day1_setup01_baseline,79.8374071707385,79.8374071707385,0.0,32,32
3,SingleTrain_WithBaseValsalva,1,DBP,train,1,postExerciseHgcp,16,17,17,1,1,subject1_day1_setup01_baseline,79.4294569208552,79.4294569208552,0.0,32,32
3,SingleTrain_WithBaseValsalva,1,DBP,train,1,postExerciseHgcp,17,18,18,1,1,subject1_day1_setup01_baseline,78.8392186365755,78.8392186365755,0.0,32,32
3,SingleTrain_WithBaseValsalva,1,DBP,train,1,postExerciseHgcp,18,19,19,1,1,subject1_day1_setup01_baseline,78.1022248789659,78.1022248789659,0.0,32,32
3,SingleTrain_WithBaseValsalva,1,DBP,train,1,postExerciseHgcp,19,20,20,1,1,subject1_day1_setup01_baseline,77.5886627116951,77.5886627116951,0.0,32,32
3,SingleTrain_WithBaseValsalva,1,DBP,train,1,postExerciseHgcp,20,21,21,1,1,subject1_day1_setup01_baseline,76.9534023020057,76.9534023020057,0.0,32,32
3,SingleTrain_WithBaseValsalva,1,DBP,train,1,postExerciseHgcp,21,22,22,1,1,subject1_day1_setup01_baseline,76.4303986154828,76.4303986154828,0.0,32,32
3,SingleTrain_WithBaseValsalva,1,DBP,train,1,postExerciseHgcp,22,23,23,1,1,subject1_day1_setup01_baseline,76.0017278529299,76.0017278529299,0.0,32,32
3,SingleTrain_WithBaseValsalva,1,DBP,train,1,postExerciseHgcp,23,24,24,1,1,subject1_day1_setup01_baseline,75.7054819374799,75.7054819374799,0.0,32,32
3,SingleTrain_WithBaseValsalva,1,DBP,train,1,postExerciseHgcp,24,25,25,1,1,subject1_day1_setup01_baseline,75.2949020325447,75.2949020325447,0.0,32,32
3,SingleTrain_WithBaseValsalva,1,DBP,train,1,postExerciseHgcp,25,26,26,1,1,subject1_day1_setup01_baseline,74.941059368391,74.941059368391,0.0,32,32
3,SingleTrain_WithBaseValsalva,1,DBP,train,1,postExerciseHgcp,26,27,27,1,1,subject1_day1_setup01_baseline,74.6231356232096,74.6231356232096,0.0,32,32
3,SingleTrain_WithBaseValsalva,1,DBP,train,1,postExerciseHgcp,27,28,28,1,1,subject1_day1_setup01_baseline,74.4015920159818,74.4015920159818,0.0,32,32
3,SingleTrain_WithBaseValsalva,1,DBP,train,1,postExerciseHgcp,28,29,29,1,1,subject1_day1_setup01_baseline,74.0989137955304,74.0989137955304,0.0,32,32
3,SingleTrain_WithBaseValsalva,1,DBP,train,1,postExerciseHgcp,29,30,30,1,1,subject1_day1_setup01_baseline,73.7236814655517,73.7236814655517,0.0,32,32
3,SingleTrain_WithBaseValsalva,1,DBP,train,1,postExerciseHgcp,30,31,31,1,1,subject1_day1_setup01_baseline,73.3077944738532,73.3077944738532,0.0,32,32
3,SingleTrain_WithBaseValsalva,1,DBP,train,1,postExerciseHgcp,31,32,32,1,1,subject1_day1_setup01_baseline,73.0492984372758,73.0492984372758,0.0,32,32
3,SingleTrain_WithBaseValsalva,1,DBP,train,1,postExerciseHgcp,32,33,33,1,1,subject1_day1_setup01_baseline,72.6749143904101,72.6749143904101,0.0,32,32
3,SingleTrain_WithBaseValsalva,1,DBP,train,1,postExerciseHgcp,33,34,34,1,1,subject1_day1_setup01_baseline,72.454863344465,72.454863344465,0.0,32,32
3,SingleTrain_WithBaseValsalva,1,DBP,train,1,postExerciseHgcp,34,35,35,1,1,subject1_day1_setup01_baseline,72.4472534861567,72.454863344465,0.007609858308299522,32,32
3,SingleTrain_WithBaseValsalva,1,DBP,train,1,postExerciseHgcp,35,36,36,1,1,subject1_day1_setup01_baseline,72.4942363181537,72.4942363181537,0.0,32,32
3,SingleTrain_WithBaseValsalva,1,DBP,train,1,postExerciseHgcp,36,37,37,1,1,subject1_day1_setup01_baseline,72.5814594112238,72.5814594112238,0.0,32,32
3,SingleTrain_WithBaseValsalva,1,DBP,train,1,postExerciseHgcp,37,38,38,1,1,subject1_day1_setup01_baseline,72.8553905749111,72.8553905749111,0.0,32,32
3,SingleTrain_WithBaseValsalva,1,DBP,train,1,postExerciseHgcp,38,39,39,1,1,subject1_day1_setup01_baseline,73.1521126109457,73.1521126109457,0.0,32,32
3,SingleTrain_WithBaseValsalva,1,DBP,train,1,postExerciseHgcp,39,40,40,1,1,subject1_day1_setup01_baseline,73.4497536110609,73.4497536110609,0.0,32,32
3,SingleTrain_WithBaseValsalva,1,DBP,train,1,postExerciseHgcp,40,41,41,1,1,subject1_day1_setup01_baseline,73.805075951032,73.805075951032,0.0,32,32
3,SingleTrain_WithBaseValsalva,1,DBP,train,1,postExerciseHgcp,41,42,42,1,1,subject1_day1_setup01_baseline,74.1428202773454,74.1428202773454,0.0,32,32
3,SingleTrain_WithBaseValsalva,1,DBP,train,1,postExerciseHgcp,42,43,43,1,1,subject1_day1_setup01_baseline,74.5512423767405,74.5512423767405,0.0,32,32
3,SingleTrain_WithBaseValsalva,1,DBP,train,1,postExerciseHgcp,43,44,44,1,1,subject1_day1_setup01_baseline,74.9524796056785,74.9524796056785,0.0,32,32
3,SingleTrain_WithBaseValsalva,1,DBP,train,1,postExerciseHgcp,44,45,45,1,1,subject1_day1_setup01_baseline,75.4002547357279,75.4002547357279,0.0,32,32
3,SingleTrain_WithBaseValsalva,1,DBP,train,1,postExerciseHgcp,45,46,46,1,1,subject1_day1_setup01_baseline,75.9335045523621,75.9335045523621,0.0,32,32
3,SingleTrain_WithBaseValsalva,1,DBP,train,1,postExerciseHgcp,46,47,47,1,1,subject1_day1_setup01_baseline,76.5118321521464,76.5118321521464,0.0,32,32
3,SingleTrain_WithBaseValsalva,1,DBP,train,1,postExerciseHgcp,47,48,48,1,1,subject1_day1_setup01_baseline,77.1026166055545,77.1026166055545,0.0,32,32
3,SingleTrain_WithBaseValsalva,1,DBP,train,1,postExerciseHgcp,48,49,49,1,1,subject1_day1_setup01_baseline,77.6196682375032,77.6196682375032,0.0,32,32
3,SingleTrain_WithBaseValsalva,1,DBP,train,1,postExerciseHgcp,49,50,50,1,1,subject1_day1_setup01_baseline,78.0475867832289,78.0475867832289,0.0,32,32
3,SingleTrain_WithBaseValsalva,1,DBP,train,1,postExerciseHgcp,50,51,51,1,1,subject1_day1_setup01_baseline,78.4054976052504,78.4054976052504,0.0,32,32
3,SingleTrain_WithBaseValsalva,1,DBP,train,1,postExerciseHgcp,51,52,52,1,1,subject1_day1_setup01_baseline,78.7538764487738,78.7538764487738,0.0,32,32
3,SingleTrain_WithBaseValsalva,1,DBP,train,1,postExerciseHgcp,52,53,53,1,1,subject1_day1_setup01_baseline,79.4130550532196,79.4130550532196,0.0,32,32
3,SingleTrain_WithBaseValsalva,1,DBP,train,1,postExerciseHgcp,53,54,54,1,1,subject1_day1_setup01_baseline,79.9714124399115,79.9714124399115,0.0,32,32
3,SingleTrain_WithBaseValsalva,1,DBP,train,1,postExerciseHgcp,54,55,55,1,1,subject1_day1_setup01_baseline,80.5068680841512,80.5068680841512,0.0,32,32
3,SingleTrain_WithBaseValsalva,1,DBP,train,1,postExerciseHgcp,55,56,56,1,1,subject1_day1_setup01_baseline,81.0304258493363,81.0304258493363,0.0,32,32
3,SingleTrain_WithBaseValsalva,1,DBP,train,1,postExerciseHgcp,56,57,57,1,1,subject1_day1_setup01_baseline,81.4775473810062,81.4775473810062,0.0,32,32
3,SingleTrain_WithBaseValsalva,1,DBP,train,1,postExerciseHgcp,57,58,58,1,1,subject1_day1_setup01_baseline,81.8242990180066,81.8242990180066,0.0,32,32
3,SingleTrain_WithBaseValsalva,1,DBP,train,1,postExerciseHgcp,58,59,59,1,1,subject1_day1_setup01_baseline,82.2453572137908,82.2453572137908,0.0,32,32
3,SingleTrain_WithBaseValsalva,1,DBP,train,1,postExerciseHgcp,59,60,60,1,1,subject1_day1_setup01_baseline,82.6150525700162,82.6150525700162,0.0,32,32
3,SingleTrain_WithBaseValsalva,1,DBP,train,1,postExerciseHgcp,60,61,61,1,1,subject1_day1_setup01_baseline,82.9481219248029,82.9481219248029,0.0,32,32
3,SingleTrain_WithBaseValsalva,1,DBP,train,1,postExerciseHgcp,61,62,62,1,1,subject1_day1_setup01_baseline,83.2283791916128,83.2283791916128,0.0,32,32
3,SingleTrain_WithBaseValsalva,1,DBP,train,1,postExerciseHgcp,62,63,63,1,1,subject1_day1_setup01_baseline,83.517711542079,83.517711542079,0.0,32,32
3,SingleTrain_WithBaseValsalva,1,DBP,train,1,postExerciseHgcp,63,64,64,1,1,subject1_day1_setup01_baseline,83.7039741787988,83.7039741787988,0.0,32,32
3,SingleTrain_WithBaseValsalva,1,DBP,train,1,postExerciseHgcp,64,65,65,1,1,subject1_day1_setup01_baseline,83.7803823854923,83.7079837378654,-0.07239864762689763,32,32
3,SingleTrain_WithBaseValsalva,1,DBP,train,1,postExerciseHgcp,65,66,66,1,1,subject1_day1_setup01_baseline,83.7079837378654,83.7079837378654,0.0,32,32
3,SingleTrain_WithBaseValsalva,1,DBP,train,1,postExerciseHgcp,66,67,67,1,1,subject1_day1_setup01_baseline,83.5255930431127,83.5255930431127,0.0,32,32
3,SingleTrain_WithBaseValsalva,1,DBP,train,1,postExerciseHgcp,67,68,68,1,1,subject1_day1_setup01_baseline,83.2155015733238,83.2155015733238,0.0,32,32
3,SingleTrain_WithBaseValsalva,1,DBP,train,1,postExerciseHgcp,68,69,69,1,1,subject1_day1_setup01_baseline,82.8568119020321,82.8568119020321,0.0,32,32
3,SingleTrain_WithBaseValsalva,1,DBP,train,1,postExerciseHgcp,69,70,70,1,1,subject1_day1_setup01_baseline,82.5710207515427,82.5710207515427,0.0,32,32
3,SingleTrain_WithBaseValsalva,1,DBP,train,1,postExerciseHgcp,70,71,71,1,1,subject1_day1_setup01_baseline,82.3466393870467,82.3466393870467,0.0,32,32
3,SingleTrain_WithBaseValsalva,1,DBP,train,1,postExerciseHgcp,71,72,72,1,1,subject1_day1_setup01_baseline,82.116690800735,82.116690800735,0.0,32,32
3,SingleTrain_WithBaseValsalva,1,DBP,train,1,postExerciseHgcp,72,73,73,1,1,subject1_day1_setup01_baseline,81.691039821615,81.691039821615,0.0,32,32
3,SingleTrain_WithBaseValsalva,1,DBP,train,1,postExerciseHgcp,73,74,74,1,1,subject1_day1_setup01_baseline,81.373560684375,81.373560684375,0.0,32,32
3,SingleTrain_WithBaseValsalva,1,DBP,train,1,postExerciseHgcp,74,75,75,1,1,subject1_day1_setup01_baseline,81.076173957828,81.373560684375,0.29738672654698917,32,32
3,SingleTrain_WithBaseValsalva,1,DBP,train,1,postExerciseHgcp,75,76,76,1,1,subject1_day1_setup01_baseline,80.7672884145172,81.076173957828,0.308885543310808,32,32
3,SingleTrain_WithBaseValsalva,1,DBP,train,1,postExerciseHgcp,76,77,77,1,1,subject1_day1_setup01_baseline,80.4641001741084,80.4641001741084,0.0,32,32
3,SingleTrain_WithBaseValsalva,1,DBP,train,1,postExerciseHgcp,77,78,78,1,1,subject1_day1_setup01_baseline,80.1235929138128,80.1235929138128,0.0,32,32
3,SingleTrain_WithBaseValsalva,1,DBP,train,1,postExerciseHgcp,78,79,79,1,1,subject1_day1_setup01_baseline,79.6769154976115,79.6769154976115,0.0,32,32
3,SingleTrain_WithBaseValsalva,1,DBP,train,1,postExerciseHgcp,79,80,80,1,1,subject1_day1_setup01_baseline,79.2115765457818,79.2115765457818,0.0,32,32
3,SingleTrain_WithBaseValsalva,1,DBP,train,1,postExerciseHgcp,80,81,81,1,1,subject1_day1_setup01_baseline,78.8068965145091,78.8068965145091,0.0,32,32
3,SingleTrain_WithBaseValsalva,1,DBP,train,1,postExerciseHgcp,81,82,82,1,1,subject1_day1_setup01_baseline,78.5570667525045,78.8068965145091,0.24982976200460882,32,32
3,SingleTrain_WithBaseValsalva,1,DBP,train,1,postExerciseHgcp,82,83,83,1,1,subject1_day1_setup01_baseline,78.2825958270396,78.3456641440609,0.06306831702130467,32,32
3,SingleTrain_WithBaseValsalva,1,DBP,train,1,postExerciseHgcp,83,84,84,1,1,subject1_day1_setup01_baseline,78.1288294997869,78.1828049217162,0.0539754219292945,32,32
3,SingleTrain_WithBaseValsalva,1,DBP,train,1,postExerciseHgcp,84,85,85,1,1,subject1_day1_setup01_baseline,78.1828049217162,78.1828049217162,0.0,32,32
3,SingleTrain_WithBaseValsalva,1,DBP,train,1,postExerciseHgcp,85,86,86,1,1,subject1_day1_setup01_baseline,78.3456641440609,78.3456641440609,0.0,32,32
3,SingleTrain_WithBaseValsalva,1,DBP,train,1,postExerciseHgcp,86,87,87,1,1,subject1_day1_setup01_baseline,78.4381105794704,78.4381105794704,0.0,32,32
3,SingleTrain_WithBaseValsalva,1,DBP,train,1,postExerciseHgcp,87,88,88,1,1,subject1_day1_setup01_baseline,78.6014683208624,78.6014683208624,0.0,32,32
3,SingleTrain_WithBaseValsalva,1,DBP,train,1,postExerciseHgcp,88,89,89,1,1,subject1_day1_setup01_baseline,78.8613791960735,78.8613791960735,0.0,32,32
3,SingleTrain_WithBaseValsalva,1,DBP,train,1,postExerciseHgcp,89,90,90,1,1,subject1_day1_setup01_baseline,79.1508185414841,79.2933107252479,0.14249218376380668,32,32
3,SingleTrain_WithBaseValsalva,1,DBP,train,1,postExerciseHgcp,90,91,91,1,1,subject1_day1_setup01_baseline,79.2933107252479,79.2933107252479,0.0,32,32
3,SingleTrain_WithBaseValsalva,1,DBP,train,1,postExerciseHgcp,91,92,92,1,1,subject1_day1_setup01_baseline,79.5244346762153,79.5244346762153,0.0,32,32
3,SingleTrain_WithBaseValsalva,1,DBP,train,1,postExerciseHgcp,92,93,93,1,1,subject1_day1_setup01_baseline,79.6814596454444,79.5244346762153,-0.1570249692291128,32,32
3,SingleTrain_WithBaseValsalva,1,DBP,train,1,postExerciseHgcp,93,94,94,1,1,subject1_day1_setup01_baseline,79.9195937908493,79.9195937908493,0.0,32,32
3,SingleTrain_WithBaseValsalva,1,DBP,train,1,postExerciseHgcp,94,95,95,1,1,subject1_day1_setup01_baseline,80.1560234320207,80.1560234320207,0.0,32,32
3,SingleTrain_WithBaseValsalva,1,DBP,train,1,postExerciseHgcp,95,96,96,1,1,subject1_day1_setup01_baseline,80.4275729162061,80.4275729162061,0.0,32,32
3,SingleTrain_WithBaseValsalva,1,DBP,train,1,postExerciseHgcp,96,97,97,1,1,subject1_day1_setup01_baseline,80.7879742998245,80.7879742998245,0.0,32,32
3,SingleTrain_WithBaseValsalva,1,DBP,train,1,postExerciseHgcp,97,98,98,1,1,subject1_day1_setup01_baseline,81.2212962695313,81.2212962695313,0.0,32,32
3,SingleTrain_WithBaseValsalva,1,DBP,train,1,postExerciseHgcp,98,99,99,1,1,subject1_day1_setup01_baseline,81.6045334023195,81.6045334023195,0.0,32,32
3,SingleTrain_WithBaseValsalva,1,DBP,train,1,postExerciseHgcp,99,100,100,1,1,subject1_day1_setup01_baseline,81.9280062932409,81.9280062932409,0.0,32,32
3,SingleTrain_WithBaseValsalva,1,DBP,train,1,postExerciseHgcp,100,101,101,1,1,subject1_day1_setup01_baseline,82.2591247222068,82.2591247222068,0.0,32,32
3,SingleTrain_WithBaseValsalva,1,DBP,train,1,postExerciseHgcp,101,102,102,1,1,subject1_day1_setup01_baseline,82.4179289156534,82.4179289156534,0.0,32,32
3,SingleTrain_WithBaseValsalva,1,DBP,train,1,postExerciseHgcp,102,103,103,1,1,subject1_day1_setup01_baseline,82.5585232155302,82.5585232155302,0.0,32,32
3,SingleTrain_WithBaseValsalva,1,DBP,train,1,postExerciseHgcp,103,104,104,1,1,subject1_day1_setup01_baseline,82.4890879004081,82.4890879004081,0.0,32,32
3,SingleTrain_WithBaseValsalva,1,DBP,train,1,postExerciseHgcp,104,105,105,1,1,subject1_day1_setup01_baseline,82.3970307978941,82.3970307978941,0.0,32,32
3,SingleTrain_WithBaseValsalva,1,DBP,train,1,postExerciseHgcp,105,106,106,1,1,subject1_day1_setup01_baseline,82.1876304063816,82.1876304063816,0.0,32,32
3,SingleTrain_WithBaseValsalva,1,DBP,train,1,postExerciseHgcp,106,107,107,1,1,subject1_day1_setup01_baseline,82.0770570564995,82.0770570564995,0.0,32,32
3,SingleTrain_WithBaseValsalva,1,DBP,train,1,postExerciseHgcp,107,108,108,1,1,subject1_day1_setup01_baseline,81.8996159727571,81.8996159727571,0.0,32,32
3,SingleTrain_WithBaseValsalva,1,DBP,train,1,postExerciseHgcp,108,109,109,1,1,subject1_day1_setup01_baseline,81.7781810739936,81.7781810739936,0.0,32,32
3,SingleTrain_WithBaseValsalva,1,DBP,train,1,postExerciseHgcp,109,110,110,1,1,subject1_day1_setup01_baseline,81.6806787596431,81.7078913226261,0.02721256298299579,32,32
3,SingleTrain_WithBaseValsalva,1,DBP,train,1,postExerciseHgcp,110,111,111,1,1,subject1_day1_setup01_baseline,81.7078913226261,81.7078913226261,0.0,32,32
3,SingleTrain_WithBaseValsalva,1,DBP,train,1,postExerciseHgcp,111,112,112,1,1,subject1_day1_setup01_baseline,81.6341449365298,81.6526421449322,0.018497208402408205,32,32
3,SingleTrain_WithBaseValsalva,1,DBP,train,1,postExerciseHgcp,112,113,113,1,1,subject1_day1_setup01_baseline,81.6526421449322,81.6526421449322,0.0,32,32
3,SingleTrain_WithBaseValsalva,1,DBP,train,1,postExerciseHgcp,113,114,114,1,1,subject1_day1_setup01_baseline,81.6607381291378,81.6607381291378,0.0,32,32
3,SingleTrain_WithBaseValsalva,1,DBP,train,1,postExerciseHgcp,114,115,115,1,1,subject1_day1_setup01_baseline,81.7219939135568,81.7219939135568,0.0,32,32
3,SingleTrain_WithBaseValsalva,1,DBP,train,1,postExerciseHgcp,115,116,116,1,1,subject1_day1_setup01_baseline,81.734204834979,81.7219939135568,-0.012210921422195042,32,32
3,SingleTrain_WithBaseValsalva,1,DBP,train,1,postExerciseHgcp,116,117,117,1,1,subject1_day1_setup01_baseline,81.5826212035217,81.3899224604279,-0.19269874309379986,32,32
3,SingleTrain_WithBaseValsalva,1,DBP,train,1,postExerciseHgcp,117,118,118,1,1,subject1_day1_setup01_baseline,81.3899224604279,81.3899224604279,0.0,32,32
3,SingleTrain_WithBaseValsalva,1,DBP,train,1,postExerciseHgcp,118,119,119,1,1,subject1_day1_setup01_baseline,81.2727162482424,81.3899224604279,0.11720621218549354,32,32
3,SingleTrain_WithBaseValsalva,1,DBP,train,1,postExerciseHgcp,119,120,120,1,1,subject1_day1_setup01_baseline,81.1609831680241,81.1609831680241,0.0,32,32
3,SingleTrain_WithBaseValsalva,1,DBP,train,1,postExerciseHgcp,120,121,121,1,1,subject1_day1_setup01_baseline,81.0050574601335,81.0050574601335,0.0,32,32
3,SingleTrain_WithBaseValsalva,1,DBP,train,1,postExerciseHgcp,121,122,122,1,1,subject1_day1_setup01_baseline,80.9099900381523,81.0050574601335,0.09506742198119866,32,32
3,SingleTrain_WithBaseValsalva,1,DBP,train,1,postExerciseHgcp,122,123,123,1,1,subject1_day1_setup01_baseline,80.8235581307582,80.8814795562416,0.05792142548339996,32,32
3,SingleTrain_WithBaseValsalva,1,DBP,train,1,postExerciseHgcp,123,124,124,1,1,subject1_day1_setup01_baseline,80.8789900912077,80.8814795562416,0.0024894650339035707,32,32
3,SingleTrain_WithBaseValsalva,1,DBP,train,1,postExerciseHgcp,124,125,125,1,1,subject1_day1_setup01_baseline,80.8814795562416,80.8814795562416,0.0,32,32
3,SingleTrain_WithBaseValsalva,1,DBP,train,1,postExerciseHgcp,125,126,126,1,2,subject1_day1_setup01_baseline,85.535532254221,85.535532254221,0.0,32,32
3,SingleTrain_WithBaseValsalva,1,DBP,train,1,postExerciseHgcp,126,127,127,1,2,subject1_day1_setup01_baseline,85.7099143153441,85.7099143153441,0.0,32,32
3,SingleTrain_WithBaseValsalva,1,DBP,train,1,postExerciseHgcp,127,128,128,1,2,subject1_day1_setup01_baseline,85.8765343498047,85.8765343498047,0.0,32,32
3,SingleTrain_WithBaseValsalva,1,DBP,train,1,postExerciseHgcp,128,129,129,1,2,subject1_day1_setup01_baseline,85.9138896764697,85.8880945352638,-0.025795141205890104,32,32
3,SingleTrain_WithBaseValsalva,1,DBP,train,1,postExerciseHgcp,129,130,130,1,2,subject1_day1_setup01_baseline,85.9045298014335,85.8880945352638,-0.01643526616969382,32,32
3,SingleTrain_WithBaseValsalva,1,DBP,train,1,postExerciseHgcp,130,131,131,1,2,subject1_day1_setup01_baseline,85.8880945352638,85.8880945352638,0.0,32,32
3,SingleTrain_WithBaseValsalva,1,DBP,train,1,postExerciseHgcp,131,132,132,1,2,subject1_day1_setup01_baseline,85.869022520852,85.869022520852,0.0,32,32
3,SingleTrain_WithBaseValsalva,1,DBP,train,1,postExerciseHgcp,132,133,133,1,2,subject1_day1_setup01_baseline,85.8611862720925,85.8508486083356,-0.010337663756899929,32,32
3,SingleTrain_WithBaseValsalva,1,DBP,train,1,postExerciseHgcp,133,134,134,1,2,subject1_day1_setup01_baseline,85.8568370907805,85.8338541123128,-0.022982978467695148,32,32
3,SingleTrain_WithBaseValsalva,1,DBP,train,1,postExerciseHgcp,134,135,135,1,2,subject1_day1_setup01_baseline,85.8338541123128,85.8338541123128,0.0,32,32
3,SingleTrain_WithBaseValsalva,1,DBP,train,1,postExerciseHgcp,135,136,136,1,2,subject1_day1_setup01_baseline,85.8508486083356,85.7693506645961,-0.08149794373949248,32,32
3,SingleTrain_WithBaseValsalva,1,DBP,train,1,postExerciseHgcp,136,137,137,1,2,subject1_day1_setup01_baseline,85.7693506645961,85.7693506645961,0.0,32,32
3,SingleTrain_WithBaseValsalva,1,DBP,train,1,postExerciseHgcp,137,138,138,1,2,subject1_day1_setup01_baseline,85.7253553285463,85.7253553285463,0.0,32,32
3,SingleTrain_WithBaseValsalva,1,DBP,train,1,postExerciseHgcp,138,139,139,1,2,subject1_day1_setup01_baseline,85.6181938174328,85.6181938174328,0.0,32,32
3,SingleTrain_WithBaseValsalva,1,DBP,train,1,postExerciseHgcp,139,140,140,1,2,subject1_day1_setup01_baseline,85.5599791582175,85.597025187177,0.03704602895949449,32,32
3,SingleTrain_WithBaseValsalva,1,DBP,train,1,postExerciseHgcp,140,141,141,1,2,subject1_day1_setup01_baseline,85.5699298858218,85.597025187177,0.027095301355203105,32,32
3,SingleTrain_WithBaseValsalva,1,DBP,train,1,postExerciseHgcp,141,142,142,1,2,subject1_day1_setup01_baseline,85.597025187177,85.597025187177,0.0,32,32
3,SingleTrain_WithBaseValsalva,1,DBP,train,1,postExerciseHgcp,142,143,143,1,2,subject1_day1_setup01_baseline,85.535723431443,85.535723431443,0.0,32,32
3,SingleTrain_WithBaseValsalva,1,DBP,train,1,postExerciseHgcp,143,144,144,1,2,subject1_day1_setup01_baseline,85.3649391599867,85.3649391599867,0.0,32,32
3,SingleTrain_WithBaseValsalva,1,DBP,train,1,postExerciseHgcp,144,145,145,1,2,subject1_day1_setup01_baseline,85.1064939249976,85.1064939249976,0.0,32,32
3,SingleTrain_WithBaseValsalva,1,DBP,train,1,postExerciseHgcp,145,146,146,1,2,subject1_day1_setup01_baseline,84.8621424036521,84.8621424036521,0.0,32,32
3,SingleTrain_WithBaseValsalva,1,DBP,train,1,postExerciseHgcp,146,147,147,1,2,subject1_day1_setup01_baseline,84.5330235443888,84.5330235443888,0.0,32,32
3,SingleTrain_WithBaseValsalva,1,DBP,train,1,postExerciseHgcp,147,148,148,1,2,subject1_day1_setup01_baseline,84.2219260632728,84.2219260632728,0.0,32,32
3,SingleTrain_WithBaseValsalva,1,DBP,train,1,postExerciseHgcp,148,149,149,1,2,subject1_day1_setup01_baseline,84.0154456398558,84.0154456398558,0.0,32,32
3,SingleTrain_WithBaseValsalva,1,DBP,train,1,postExerciseHgcp,149,150,150,1,2,subject1_day1_setup01_baseline,83.8854310610144,83.8854310610144,0.0,32,32
3,SingleTrain_WithBaseValsalva,1,DBP,train,1,postExerciseHgcp,150,151,151,1,2,subject1_day1_setup01_baseline,83.711132433794,83.711132433794,0.0,32,32
3,SingleTrain_WithBaseValsalva,1,DBP,train,1,postExerciseHgcp,151,152,152,1,2,subject1_day1_setup01_baseline,83.6171734148464,83.6171734148464,0.0,32,32
3,SingleTrain_WithBaseValsalva,1,DBP,train,1,postExerciseHgcp,152,153,153,1,2,subject1_day1_setup01_baseline,83.4508301196888,83.4508301196888,0.0,32,32
3,SingleTrain_WithBaseValsalva,1,DBP,train,1,postExerciseHgcp,153,154,154,1,2,subject1_day1_setup01_baseline,83.316847435774,83.316847435774,0.0,32,32
3,SingleTrain_WithBaseValsalva,1,DBP,train,1,postExerciseHgcp,154,155,155,1,2,subject1_day1_setup01_baseline,83.1456128592048,83.1456128592048,0.0,32,32
3,SingleTrain_WithBaseValsalva,1,DBP,train,1,postExerciseHgcp,155,156,156,1,2,subject1_day1_setup01_baseline,82.976957371055,82.976957371055,0.0,32,32
3,SingleTrain_WithBaseValsalva,1,DBP,train,1,postExerciseHgcp,156,157,157,1,2,subject1_day1_setup01_baseline,82.7878766805165,82.7878766805165,0.0,32,32
3,SingleTrain_WithBaseValsalva,1,DBP,train,1,postExerciseHgcp,157,158,158,1,2,subject1_day1_setup01_baseline,82.5770678714472,82.5770678714472,0.0,32,32
3,SingleTrain_WithBaseValsalva,1,DBP,train,1,postExerciseHgcp,158,159,159,1,2,subject1_day1_setup01_baseline,82.424239526277,82.424239526277,0.0,32,32
3,SingleTrain_WithBaseValsalva,1,DBP,train,1,postExerciseHgcp,159,160,160,1,2,subject1_day1_setup01_baseline,82.2554065643986,82.2554065643986,0.0,32,32
3,SingleTrain_WithBaseValsalva,1,DBP,train,1,postExerciseHgcp,160,161,161,1,2,subject1_day1_setup01_baseline,82.1365125277521,82.1365125277521,0.0,32,32
3,SingleTrain_WithBaseValsalva,1,DBP,train,1,postExerciseHgcp,161,162,162,1,2,subject1_day1_setup01_baseline,82.0940309828468,82.0940309828468,0.0,32,32
3,SingleTrain_WithBaseValsalva,1,DBP,train,1,postExerciseHgcp,162,163,163,1,2,subject1_day1_setup01_baseline,82.196690189357,82.196690189357,0.0,32,32
3,SingleTrain_WithBaseValsalva,1,DBP,train,1,postExerciseHgcp,163,164,164,1,2,subject1_day1_setup01_baseline,82.4957664133357,82.4957664133357,0.0,32,32
3,SingleTrain_WithBaseValsalva,1,DBP,train,1,postExerciseHgcp,164,165,165,1,2,subject1_day1_setup01_baseline,82.8677995983946,83.2020523692518,0.33425277085720495,32,32
3,SingleTrain_WithBaseValsalva,1,DBP,train,1,postExerciseHgcp,165,166,166,1,2,subject1_day1_setup01_baseline,83.2020523692518,83.2020523692518,0.0,32,32
3,SingleTrain_WithBaseValsalva,1,DBP,train,1,postExerciseHgcp,166,167,167,1,2,subject1_day1_setup01_baseline,83.6013683384379,83.6013683384379,0.0,32,32
3,SingleTrain_WithBaseValsalva,1,DBP,train,1,postExerciseHgcp,167,168,168,1,2,subject1_day1_setup01_baseline,84.0463998905843,84.0463998905843,0.0,32,32
3,SingleTrain_WithBaseValsalva,1,DBP,train,1,postExerciseHgcp,168,169,169,1,2,subject1_day1_setup01_baseline,84.4074967571582,84.4074967571582,0.0,32,32
3,SingleTrain_WithBaseValsalva,1,DBP,train,1,postExerciseHgcp,169,170,170,1,2,subject1_day1_setup01_baseline,84.6966933314047,84.6966933314047,0.0,32,32
3,SingleTrain_WithBaseValsalva,1,DBP,train,1,postExerciseHgcp,170,171,171,1,2,subject1_day1_setup01_baseline,85.008744910178,85.008744910178,0.0,32,32
3,SingleTrain_WithBaseValsalva,1,DBP,train,1,postExerciseHgcp,171,172,172,1,2,subject1_day1_setup01_baseline,85.2309006257648,85.2309006257648,0.0,32,32
3,SingleTrain_WithBaseValsalva,1,DBP,train,1,postExerciseHgcp,172,173,173,1,2,subject1_day1_setup01_baseline,85.5111939785021,85.5111939785021,0.0,32,32
3,SingleTrain_WithBaseValsalva,1,DBP,train,1,postExerciseHgcp,173,174,174,1,2,subject1_day1_setup01_baseline,85.7405399602322,85.7405399602322,0.0,32,32
3,SingleTrain_WithBaseValsalva,1,DBP,train,1,postExerciseHgcp,174,175,175,1,2,subject1_day1_setup01_baseline,85.9480120706311,85.9480120706311,0.0,32,32
3,SingleTrain_WithBaseValsalva,1,DBP,train,1,postExerciseHgcp,175,176,176,1,2,subject1_day1_setup01_baseline,86.1959467997962,86.1959467997962,0.0,32,32
3,SingleTrain_WithBaseValsalva,1,DBP,train,1,postExerciseHgcp,176,177,177,1,2,subject1_day1_setup01_baseline,86.4933905113912,86.4933905113912,0.0,32,32
3,SingleTrain_WithBaseValsalva,1,DBP,train,1,postExerciseHgcp,177,178,178,1,2,subject1_day1_setup01_baseline,86.7821441907814,86.7821441907814,0.0,32,32
3,SingleTrain_WithBaseValsalva,1,DBP,train,1,postExerciseHgcp,178,179,179,1,2,subject1_day1_setup01_baseline,86.973076983611,86.973076983611,0.0,32,32
3,SingleTrain_WithBaseValsalva,1,DBP,train,1,postExerciseHgcp,179,180,180,1,2,subject1_day1_setup01_baseline,87.2066118457438,87.2066118457438,0.0,32,32
3,SingleTrain_WithBaseValsalva,1,DBP,train,1,postExerciseHgcp,180,181,181,1,2,subject1_day1_setup01_baseline,87.3409129781102,87.3409129781102,0.0,32,32
3,SingleTrain_WithBaseValsalva,1,DBP,train,1,postExerciseHgcp,181,182,182,1,2,subject1_day1_setup01_baseline,87.4461638287636,87.4461638287636,0.0,32,32
3,SingleTrain_WithBaseValsalva,1,DBP,train,1,postExerciseHgcp,182,183,183,1,2,subject1_day1_setup01_baseline,87.3549745851814,87.3409129781102,-0.014061607071198523,32,32
3,SingleTrain_WithBaseValsalva,1,DBP,train,1,postExerciseHgcp,183,184,184,1,2,subject1_day1_setup01_baseline,87.1272829959561,87.1272829959561,0.0,32,32
3,SingleTrain_WithBaseValsalva,1,DBP,train,1,postExerciseHgcp,184,185,185,1,2,subject1_day1_setup01_baseline,86.8336204596516,86.8336204596516,0.0,32,32
3,SingleTrain_WithBaseValsalva,1,DBP,train,1,postExerciseHgcp,185,186,186,1,2,subject1_day1_setup01_baseline,86.7034906237414,86.7034906237414,0.0,32,32
3,SingleTrain_WithBaseValsalva,1,DBP,train,1,postExerciseHgcp,186,187,187,1,2,subject1_day1_setup01_baseline,86.529210354758,86.529210354758,0.0,32,32
3,SingleTrain_WithBaseValsalva,1,DBP,train,1,postExerciseHgcp,187,188,188,1,2,subject1_day1_setup01_baseline,86.2784121345522,86.1392365199207,-0.13917561463149752,32,32
3,SingleTrain_WithBaseValsalva,1,DBP,train,1,postExerciseHgcp,188,189,189,1,2,subject1_day1_setup01_baseline,86.1392365199207,86.1392365199207,0.0,32,32
3,SingleTrain_WithBaseValsalva,1,DBP,train,1,postExerciseHgcp,189,190,190,1,2,subject1_day1_setup01_baseline,86.1051048127823,86.1051048127823,0.0,32,32
3,SingleTrain_WithBaseValsalva,1,DBP,train,1,postExerciseHgcp,190,191,191,1,2,subject1_day1_setup01_baseline,86.0242575807958,86.1051048127823,0.08084723198649613,32,32
3,SingleTrain_WithBaseValsalva,1,DBP,train,1,postExerciseHgcp,191,192,192,1,2,subject1_day1_setup01_baseline,86.0595448370355,86.1051048127823,0.04555997574679793,32,32
3,SingleTrain_WithBaseValsalva,1,DBP,train,1,postExerciseHgcp,192,193,193,1,2,subject1_day1_setup01_baseline,86.1348129016677,86.1348129016677,0.0,32,32
3,SingleTrain_WithBaseValsalva,1,DBP,train,1,postExerciseHgcp,193,194,194,1,2,subject1_day1_setup01_baseline,86.1456426428177,86.1392365199207,-0.006406122897004707,32,32
3,SingleTrain_WithBaseValsalva,1,DBP,train,1,postExerciseHgcp,194,195,195,1,2,subject1_day1_setup01_baseline,86.1418232826433,86.1348129016677,-0.007010380975600583,32,32
3,SingleTrain_WithBaseValsalva,1,DBP,train,1,postExerciseHgcp,195,196,196,1,2,subject1_day1_setup01_baseline,86.1093636679769,86.0251159978514,-0.08424767012549239,32,32
3,SingleTrain_WithBaseValsalva,1,DBP,train,1,postExerciseHgcp,196,197,197,1,2,subject1_day1_setup01_baseline,86.0806225716071,86.0251159978514,-0.05550657375569301,32,32
3,SingleTrain_WithBaseValsalva,1,DBP,train,1,postExerciseHgcp,197,198,198,1,2,subject1_day1_setup01_baseline,86.0251159978514,86.0251159978514,0.0,32,32
3,SingleTrain_WithBaseValsalva,1,DBP,train,1,postExerciseHgcp,198,199,199,1,2,subject1_day1_setup01_baseline,85.9337531635552,85.9337531635552,0.0,32,32
3,SingleTrain_WithBaseValsalva,1,DBP,train,1,postExerciseHgcp,199,200,200,1,2,subject1_day1_setup01_baseline,85.8600460661955,85.8832838775172,0.02323781132170666,32,32
3,SingleTrain_WithBaseValsalva,1,DBP,train,1,postExerciseHgcp,200,201,201,1,2,subject1_day1_setup01_baseline,85.8832838775172,85.8832838775172,0.0,32,32
3,SingleTrain_WithBaseValsalva,1,DBP,train,1,postExerciseHgcp,201,202,202,1,2,subject1_day1_setup01_baseline,85.8962122330823,86.0251159978514,0.12890376476910603,32,32
3,SingleTrain_WithBaseValsalva,1,DBP,train,1,postExerciseHgcp,202,203,203,1,2,subject1_day1_setup01_baseline,86.0164520251208,86.0447468164819,0.028294791361105354,32,32
3,SingleTrain_WithBaseValsalva,1,DBP,train,1,postExerciseHgcp,203,204,204,1,2,subject1_day1_setup01_baseline,86.0447468164819,86.0447468164819,0.0,32,32
3,SingleTrain_WithBaseValsalva,1,DBP,train,1,postExerciseHgcp,204,205,205,1,2,subject1_day1_setup01_baseline,86.2460792681344,86.2460792681344,0.0,32,32
3,SingleTrain_WithBaseValsalva,1,DBP,train,1,postExerciseHgcp,205,206,206,1,2,subject1_day1_setup01_baseline,86.428749946962,86.428749946962,0.0,32,32
3,SingleTrain_WithBaseValsalva,1,DBP,train,1,postExerciseHgcp,206,207,207,1,2,subject1_day1_setup01_baseline,86.541025547981,86.428749946962,-0.11227560101899314,32,32
3,SingleTrain_WithBaseValsalva,1,DBP,train,1,postExerciseHgcp,207,208,208,1,2,subject1_day1_setup01_baseline,86.5103569121809,86.4799497100248,-0.03040720215609838,32,32
3,SingleTrain_WithBaseValsalva,1,DBP,train,1,postExerciseHgcp,208,209,209,1,2,subject1_day1_setup01_baseline,86.4799497100248,86.3429834049665,-0.13696630505829432,32,32
3,SingleTrain_WithBaseValsalva,1,DBP,train,1,postExerciseHgcp,209,210,210,1,2,subject1_day1_setup01_baseline,86.3429834049665,86.3429834049665,0.0,32,32
3,SingleTrain_WithBaseValsalva,1,DBP,train,1,postExerciseHgcp,210,211,211,1,2,subject1_day1_setup01_baseline,86.2485555603015,86.2485555603015,0.0,32,32
3,SingleTrain_WithBaseValsalva,1,DBP,train,1,postExerciseHgcp,211,212,212,1,2,subject1_day1_setup01_baseline,85.9724436956483,85.9724436956483,0.0,32,32
3,SingleTrain_WithBaseValsalva,1,DBP,train,1,postExerciseHgcp,212,213,213,1,2,subject1_day1_setup01_baseline,85.661677385712,85.661677385712,0.0,32,32
3,SingleTrain_WithBaseValsalva,1,DBP,train,1,postExerciseHgcp,213,214,214,1,2,subject1_day1_setup01_baseline,85.4482106668781,85.4482106668781,0.0,32,32
3,SingleTrain_WithBaseValsalva,1,DBP,train,1,postExerciseHgcp,214,215,215,1,2,subject1_day1_setup01_baseline,85.335732204107,85.335732204107,0.0,32,32
3,SingleTrain_WithBaseValsalva,1,DBP,train,1,postExerciseHgcp,215,216,216,1,2,subject1_day1_setup01_baseline,85.1431953776706,85.1431953776706,0.0,32,32
3,SingleTrain_WithBaseValsalva,1,DBP,train,1,postExerciseHgcp,216,217,217,1,2,subject1_day1_setup01_baseline,84.8728216674893,84.8728216674893,0.0,32,32
3,SingleTrain_WithBaseValsalva,1,DBP,train,1,postExerciseHgcp,217,218,218,1,2,subject1_day1_setup01_baseline,84.6823437422719,84.6823437422719,0.0,32,32
3,SingleTrain_WithBaseValsalva,1,DBP,train,1,postExerciseHgcp,218,219,219,1,2,subject1_day1_setup01_baseline,84.6348803318809,84.6348803318809,0.0,32,32
3,SingleTrain_WithBaseValsalva,1,DBP,train,1,postExerciseHgcp,219,220,220,1,2,subject1_day1_setup01_baseline,84.5365251969025,84.5365251969025,0.0,32,32
3,SingleTrain_WithBaseValsalva,1,DBP,train,1,postExerciseHgcp,220,221,221,1,2,subject1_day1_setup01_baseline,84.2659803737999,84.2659803737999,0.0,32,32
3,SingleTrain_WithBaseValsalva,1,DBP,train,1,postExerciseHgcp,221,222,222,1,2,subject1_day1_setup01_baseline,84.0409566737353,84.0409566737353,0.0,32,32
3,SingleTrain_WithBaseValsalva,1,DBP,train,1,postExerciseHgcp,222,223,223,1,2,subject1_day1_setup01_baseline,83.8282511902294,83.8282511902294,0.0,32,32
3,SingleTrain_WithBaseValsalva,1,DBP,train,1,postExerciseHgcp,223,224,224,1,2,subject1_day1_setup01_baseline,83.6549491129347,83.6549491129347,0.0,32,32
3,SingleTrain_WithBaseValsalva,1,DBP,train,1,postExerciseHgcp,224,225,225,1,2,subject1_day1_setup01_baseline,83.2980483091335,83.6549491129347,0.3569008038011958,32,32
3,SingleTrain_WithBaseValsalva,1,DBP,train,1,postExerciseHgcp,225,226,226,1,2,subject1_day1_setup01_baseline,82.8433076747413,82.8433076747413,0.0,32,32
3,SingleTrain_WithBaseValsalva,1,DBP,train,1,postExerciseHgcp,226,227,227,1,2,subject1_day1_setup01_baseline,82.4905681231947,82.4905681231947,0.0,32,32
3,SingleTrain_WithBaseValsalva,1,DBP,train,1,postExerciseHgcp,227,228,228,1,2,subject1_day1_setup01_baseline,82.3083867333407,82.3083867333407,0.0,32,32
3,SingleTrain_WithBaseValsalva,1,DBP,train,1,postExerciseHgcp,228,229,229,1,2,subject1_day1_setup01_baseline,82.0663722484113,82.0663722484113,0.0,32,32
3,SingleTrain_WithBaseValsalva,1,DBP,train,1,postExerciseHgcp,229,230,230,1,2,subject1_day1_setup01_baseline,81.7324353166422,81.7324353166422,0.0,32,32
3,SingleTrain_WithBaseValsalva,1,DBP,train,1,postExerciseHgcp,230,231,231,1,2,subject1_day1_setup01_baseline,81.4396247015282,81.4396247015282,0.0,32,32
3,SingleTrain_WithBaseValsalva,1,DBP,train,1,postExerciseHgcp,231,232,232,1,2,subject1_day1_setup01_baseline,81.2306054173919,81.2306054173919,0.0,32,32
3,SingleTrain_WithBaseValsalva,1,DBP,train,1,postExerciseHgcp,232,233,233,1,2,subject1_day1_setup01_baseline,80.9947637183423,80.9947637183423,0.0,32,32
3,SingleTrain_WithBaseValsalva,1,DBP,train,1,postExerciseHgcp,233,234,234,1,2,subject1_day1_setup01_baseline,80.6988765131422,80.6988765131422,0.0,32,32
3,SingleTrain_WithBaseValsalva,1,DBP,train,1,postExerciseHgcp,234,235,235,1,2,subject1_day1_setup01_baseline,80.3699256233336,80.3699256233336,0.0,32,32
3,SingleTrain_WithBaseValsalva,1,DBP,train,1,postExerciseHgcp,235,236,236,1,2,subject1_day1_setup01_baseline,80.1574679621711,80.1574679621711,0.0,32,32
3,SingleTrain_WithBaseValsalva,1,DBP,train,1,postExerciseHgcp,236,237,237,1,2,subject1_day1_setup01_baseline,80.0524540078866,80.0524540078866,0.0,32,32
3,SingleTrain_WithBaseValsalva,1,DBP,train,1,postExerciseHgcp,237,238,238,1,2,subject1_day1_setup01_baseline,79.9685532862667,79.9685532862667,0.0,32,32
3,SingleTrain_WithBaseValsalva,1,DBP,train,1,postExerciseHgcp,238,239,239,1,2,subject1_day1_setup01_baseline,79.8282014451416,79.8282014451416,0.0,32,32
3,SingleTrain_WithBaseValsalva,1,DBP,train,1,postExerciseHgcp,239,240,240,1,2,subject1_day1_setup01_baseline,79.7243948317534,79.7243948317534,0.0,32,32
3,SingleTrain_WithBaseValsalva,1,DBP,train,1,postExerciseHgcp,240,241,241,1,2,subject1_day1_setup01_baseline,79.6694002061521,79.6694002061521,0.0,32,32
3,SingleTrain_WithBaseValsalva,1,DBP,train,1,postExerciseHgcp,241,242,242,1,2,subject1_day1_setup01_baseline,79.6227713887342,79.4742798702838,-0.14849151845039898,32,32
3,SingleTrain_WithBaseValsalva,1,DBP,train,1,postExerciseHgcp,242,243,243,1,2,subject1_day1_setup01_baseline,79.4742798702838,79.4742798702838,0.0,32,32
3,SingleTrain_WithBaseValsalva,1,DBP,train,1,postExerciseHgcp,243,244,244,1,2,subject1_day1_setup01_baseline,79.4087228181903,79.4087228181903,0.0,32,32
3,SingleTrain_WithBaseValsalva,1,DBP,train,1,postExerciseHgcp,244,245,245,1,2,subject1_day1_setup01_baseline,79.3102216456726,79.322521248446,0.012299602773396145,32,32
3,SingleTrain_WithBaseValsalva,1,DBP,train,1,postExerciseHgcp,245,246,246,1,2,subject1_day1_setup01_baseline,79.322521248446,79.322521248446,0.0,32,32
3,SingleTrain_WithBaseValsalva,1,DBP,train,1,postExerciseHgcp,246,247,247,1,2,subject1_day1_setup01_baseline,79.2889667769071,79.4087228181903,0.11975604128319617,32,32
3,SingleTrain_WithBaseValsalva,1,DBP,train,1,postExerciseHgcp,247,248,248,1,2,subject1_day1_setup01_baseline,79.2734423295195,79.4087228181903,0.13528048867080145,32,32
3,SingleTrain_WithBaseValsalva,1,DBP,train,1,postExerciseHgcp,248,249,249,1,2,subject1_day1_setup01_baseline,79.2537414135295,79.4087228181903,0.154981404660802,32,32
3,SingleTrain_WithBaseValsalva,1,DBP,train,1,postExerciseHgcp,249,250,250,1,2,subject1_day1_setup01_baseline,79.401759188959,79.4202019881337,0.018442799174692937,32,32
3,SingleTrain_WithBaseValsalva,1,DBP,train,1,postExerciseHgcp,250,251,251,1,2,subject1_day1_setup01_baseline,79.4202019881337,79.4352132993378,0.015011311204105482,32,32
3,SingleTrain_WithBaseValsalva,1,DBP,train,1,postExerciseHgcp,251,252,252,1,2,subject1_day1_setup01_baseline,79.4352132993378,79.4742798702838,0.039066570945990975,32,32
3,SingleTrain_WithBaseValsalva,1,DBP,train,1,postExerciseHgcp,252,253,253,1,2,subject1_day1_setup01_baseline,79.4850488724482,79.5953842202823,0.11033534783409493,32,32
3,SingleTrain_WithBaseValsalva,1,DBP,train,1,postExerciseHgcp,253,254,254,1,2,subject1_day1_setup01_baseline,79.5953842202823,79.7524140402073,0.15702981992500042,32,32
3,SingleTrain_WithBaseValsalva,1,DBP,train,1,postExerciseHgcp,254,255,255,1,2,subject1_day1_setup01_baseline,79.7524140402073,79.7524140402073,0.0,32,32
3,SingleTrain_WithBaseValsalva,1,DBP,train,1,postExerciseHgcp,255,256,256,1,2,subject1_day1_setup01_baseline,79.8054259853818,79.8054259853818,0.0,32,32
3,SingleTrain_WithBaseValsalva,1,DBP,train,1,postExerciseHgcp,256,257,257,1,2,subject1_day1_setup01_baseline,79.8937041541892,79.8862182001785,-0.007485954010689966,32,32
3,SingleTrain_WithBaseValsalva,1,DBP,train,1,postExerciseHgcp,257,258,258,1,2,subject1_day1_setup01_baseline,79.8862182001785,79.8862182001785,0.0,32,32
3,SingleTrain_WithBaseValsalva,1,DBP,train,1,postExerciseHgcp,258,259,259,1,2,subject1_day1_setup01_baseline,79.9963788812291,79.8862182001785,-0.11016068105060128,32,32
3,SingleTrain_WithBaseValsalva,1,DBP,train,1,postExerciseHgcp,276,277,277,2,3,subject1_day1_setup02_hgcp,77.7460393668165,77.7460393668165,0.0,32,32
3,SingleTrain_WithBaseValsalva,1,DBP,train,1,postExerciseHgcp,277,278,278,2,3,subject1_day1_setup02_hgcp,77.809546210971,77.809546210971,0.0,32,32
3,SingleTrain_WithBaseValsalva,1,DBP,train,1,postExerciseHgcp,278,279,279,2,3,subject1_day1_setup02_hgcp,77.9142206881127,77.9142206881127,0.0,32,32
3,SingleTrain_WithBaseValsalva,1,DBP,train,1,postExerciseHgcp,279,280,280,2,3,subject1_day1_setup02_hgcp,78.1480808497284,78.1480808497284,0.0,32,32
3,SingleTrain_WithBaseValsalva,1,DBP,train,1,postExerciseHgcp,280,281,281,2,3,subject1_day1_setup02_hgcp,78.5075945404183,78.5075945404183,0.0,32,32
3,SingleTrain_WithBaseValsalva,1,DBP,train,1,postExerciseHgcp,281,282,282,2,3,subject1_day1_setup02_hgcp,79.6481274510061,79.6481274510061,0.0,32,32
3,SingleTrain_WithBaseValsalva,1,DBP,train,1,postExerciseHgcp,282,283,283,2,3,subject1_day1_setup02_hgcp,80.4846994784267,80.4846994784267,0.0,32,32
3,SingleTrain_WithBaseValsalva,1,DBP,train,1,postExerciseHgcp,284,285,285,2,3,subject1_day1_setup02_hgcp,82.0043974880362,82.0043974880362,0.0,32,32
3,SingleTrain_WithBaseValsalva,1,DBP,train,1,postExerciseHgcp,285,286,286,2,3,subject1_day1_setup02_hgcp,82.5665331989758,82.5665331989758,0.0,32,32
3,SingleTrain_WithBaseValsalva,1,DBP,train,1,postExerciseHgcp,286,287,287,2,3,subject1_day1_setup02_hgcp,83.0885078881286,83.0885078881286,0.0,32,32
3,SingleTrain_WithBaseValsalva,1,DBP,train,1,postExerciseHgcp,287,288,288,2,3,subject1_day1_setup02_hgcp,83.7208002381635,83.7208002381635,0.0,32,32
3,SingleTrain_WithBaseValsalva,1,DBP,train,1,postExerciseHgcp,289,290,290,2,3,subject1_day1_setup02_hgcp,83.2890324583728,83.2890324583728,0.0,32,32
3,SingleTrain_WithBaseValsalva,1,DBP,train,1,postExerciseHgcp,291,292,292,2,3,subject1_day1_setup02_hgcp,83.0817558204386,83.0817558204386,0.0,32,32
3,SingleTrain_WithBaseValsalva,1,DBP,train,1,postExerciseHgcp,292,293,293,2,3,subject1_day1_setup02_hgcp,84.0542932167648,84.0542932167648,0.0,32,32
3,SingleTrain_WithBaseValsalva,1,DBP,train,1,postExerciseHgcp,293,294,294,2,3,subject1_day1_setup02_hgcp,84.8732049928813,84.8732049928813,0.0,32,32
3,SingleTrain_WithBaseValsalva,1,DBP,train,1,postExerciseHgcp,294,295,295,2,3,subject1_day1_setup02_hgcp,85.8111502689416,85.8111502689416,0.0,32,32
3,SingleTrain_WithBaseValsalva,1,DBP,train,1,postExerciseHgcp,295,296,296,2,3,subject1_day1_setup02_hgcp,86.4111957757035,86.4111957757035,0.0,32,32
3,SingleTrain_WithBaseValsalva,1,DBP,train,1,postExerciseHgcp,296,297,297,2,3,subject1_day1_setup02_hgcp,86.9610183365463,86.9610183365463,0.0,32,32
3,SingleTrain_WithBaseValsalva,1,DBP,train,1,postExerciseHgcp,297,298,298,2,3,subject1_day1_setup02_hgcp,87.4762807607188,87.4762807607188,0.0,32,32
3,SingleTrain_WithBaseValsalva,1,DBP,train,1,postExerciseHgcp,298,299,299,2,3,subject1_day1_setup02_hgcp,88.0345257725403,88.0345257725403,0.0,32,32
3,SingleTrain_WithBaseValsalva,1,DBP,train,1,postExerciseHgcp,299,300,300,2,3,subject1_day1_setup02_hgcp,88.5100393394705,88.5100393394705,0.0,32,32
3,SingleTrain_WithBaseValsalva,1,DBP,train,1,postExerciseHgcp,300,301,301,2,3,subject1_day1_setup02_hgcp,88.8552724089571,88.8552724089571,0.0,32,32
3,SingleTrain_WithBaseValsalva,1,DBP,train,1,postExerciseHgcp,301,302,302,2,3,subject1_day1_setup02_hgcp,88.6055910260023,88.6055910260023,0.0,32,32
3,SingleTrain_WithBaseValsalva,1,DBP,train,1,postExerciseHgcp,302,303,303,2,3,subject1_day1_setup02_hgcp,88.6136121092709,88.6136121092709,0.0,32,32
3,SingleTrain_WithBaseValsalva,1,DBP,train,1,postExerciseHgcp,303,304,304,2,3,subject1_day1_setup02_hgcp,88.7425749441807,88.7425749441807,0.0,32,32
3,SingleTrain_WithBaseValsalva,1,DBP,train,1,postExerciseHgcp,304,305,305,2,3,subject1_day1_setup02_hgcp,89.0306726134975,89.0306726134975,0.0,32,32
3,SingleTrain_WithBaseValsalva,1,DBP,train,1,postExerciseHgcp,305,306,306,2,3,subject1_day1_setup02_hgcp,89.4843050552782,89.4843050552782,0.0,32,32
3,SingleTrain_WithBaseValsalva,1,DBP,train,1,postExerciseHgcp,306,307,307,2,3,subject1_day1_setup02_hgcp,89.9946934814988,89.9946934814988,0.0,32,32
3,SingleTrain_WithBaseValsalva,1,DBP,train,1,postExerciseHgcp,307,308,308,2,3,subject1_day1_setup02_hgcp,90.3469993007397,90.3469993007397,0.0,32,32
3,SingleTrain_WithBaseValsalva,1,DBP,train,1,postExerciseHgcp,308,309,309,2,3,subject1_day1_setup02_hgcp,90.5933220594268,90.5933220594268,0.0,32,32
3,SingleTrain_WithBaseValsalva,1,DBP,train,1,postExerciseHgcp,309,310,310,2,3,subject1_day1_setup02_hgcp,90.910663635807,90.910663635807,0.0,32,32
3,SingleTrain_WithBaseValsalva,1,DBP,train,1,postExerciseHgcp,310,311,311,2,3,subject1_day1_setup02_hgcp,91.10513471074,90.910663635807,-0.19447107493300564,32,32
3,SingleTrain_WithBaseValsalva,1,DBP,train,1,postExerciseHgcp,311,312,312,2,3,subject1_day1_setup02_hgcp,91.175806135943,91.175806135943,0.0,32,32
3,SingleTrain_WithBaseValsalva,1,DBP,train,1,postExerciseHgcp,312,313,313,2,3,subject1_day1_setup02_hgcp,90.0539776417585,90.0539776417585,0.0,32,32
3,SingleTrain_WithBaseValsalva,1,DBP,train,1,postExerciseHgcp,313,314,314,2,3,subject1_day1_setup02_hgcp,89.2168921147662,89.2168921147662,0.0,32,32
3,SingleTrain_WithBaseValsalva,1,DBP,train,1,postExerciseHgcp,314,315,315,2,3,subject1_day1_setup02_hgcp,88.4034887324111,88.4034887324111,0.0,32,32
3,SingleTrain_WithBaseValsalva,1,DBP,train,1,postExerciseHgcp,315,316,316,2,3,subject1_day1_setup02_hgcp,87.7841958282737,87.7841958282737,0.0,32,32
3,SingleTrain_WithBaseValsalva,1,DBP,train,1,postExerciseHgcp,316,317,317,2,3,subject1_day1_setup02_hgcp,87.9361022202681,87.9361022202681,0.0,32,32
3,SingleTrain_WithBaseValsalva,1,DBP,train,1,postExerciseHgcp,317,318,318,2,3,subject1_day1_setup02_hgcp,88.2736017637412,88.2736017637412,0.0,32,32
3,SingleTrain_WithBaseValsalva,1,DBP,train,1,postExerciseHgcp,318,319,319,2,3,subject1_day1_setup02_hgcp,88.4945854456563,88.4945854456563,0.0,32,32
3,SingleTrain_WithBaseValsalva,1,DBP,train,1,postExerciseHgcp,319,320,320,2,3,subject1_day1_setup02_hgcp,88.7913587480408,88.7913587480408,0.0,32,32
3,SingleTrain_WithBaseValsalva,1,DBP,train,1,postExerciseHgcp,320,321,321,2,3,subject1_day1_setup02_hgcp,89.1684404007252,89.1684404007252,0.0,32,32
3,SingleTrain_WithBaseValsalva,1,DBP,train,1,postExerciseHgcp,321,322,322,2,3,subject1_day1_setup02_hgcp,89.4934134894731,89.4934134894731,0.0,32,32
3,SingleTrain_WithBaseValsalva,1,DBP,train,1,postExerciseHgcp,322,323,323,2,3,subject1_day1_setup02_hgcp,89.5665479387664,89.5665479387664,0.0,32,32
3,SingleTrain_WithBaseValsalva,1,DBP,train,1,postExerciseHgcp,323,324,324,2,3,subject1_day1_setup02_hgcp,89.4502890725771,89.4502890725771,0.0,32,32
3,SingleTrain_WithBaseValsalva,1,DBP,train,1,postExerciseHgcp,324,325,325,2,3,subject1_day1_setup02_hgcp,89.4028592810428,89.4028592810428,0.0,32,32
3,SingleTrain_WithBaseValsalva,1,DBP,train,1,postExerciseHgcp,325,326,326,2,3,subject1_day1_setup02_hgcp,89.2494029498446,89.2494029498446,0.0,32,32
3,SingleTrain_WithBaseValsalva,1,DBP,train,1,postExerciseHgcp,326,327,327,2,3,subject1_day1_setup02_hgcp,88.9647922627793,88.9647922627793,0.0,32,32
3,SingleTrain_WithBaseValsalva,1,DBP,train,1,postExerciseHgcp,327,328,328,2,3,subject1_day1_setup02_hgcp,88.6904107432703,88.6904107432703,0.0,32,32
3,SingleTrain_WithBaseValsalva,1,DBP,train,1,postExerciseHgcp,328,329,329,2,3,subject1_day1_setup02_hgcp,88.6875012554211,88.6875012554211,0.0,32,32
3,SingleTrain_WithBaseValsalva,1,DBP,train,1,postExerciseHgcp,329,330,330,2,3,subject1_day1_setup02_hgcp,88.6032014155591,88.6032014155591,0.0,32,32
3,SingleTrain_WithBaseValsalva,1,DBP,train,1,postExerciseHgcp,330,331,331,2,3,subject1_day1_setup02_hgcp,88.5460909301609,88.5460909301609,0.0,32,32
3,SingleTrain_WithBaseValsalva,1,DBP,train,1,postExerciseHgcp,331,332,332,2,3,subject1_day1_setup02_hgcp,88.6922902776452,88.6922902776452,0.0,32,32
3,SingleTrain_WithBaseValsalva,1,DBP,train,1,postExerciseHgcp,332,333,333,2,3,subject1_day1_setup02_hgcp,88.9448293666663,88.9448293666663,0.0,32,32
3,SingleTrain_WithBaseValsalva,1,DBP,train,1,postExerciseHgcp,339,340,340,2,3,subject1_day1_setup02_hgcp,87.7811112579487,87.7811112579487,0.0,32,32
3,SingleTrain_WithBaseValsalva,1,DBP,train,1,postExerciseHgcp,340,341,341,2,3,subject1_day1_setup02_hgcp,87.3625490690602,87.3625490690602,0.0,32,32
3,SingleTrain_WithBaseValsalva,1,DBP,train,1,postExerciseHgcp,342,343,343,2,3,subject1_day1_setup02_hgcp,86.7255636410283,86.7255636410283,0.0,32,32
3,SingleTrain_WithBaseValsalva,1,DBP,train,1,postExerciseHgcp,343,344,344,2,3,subject1_day1_setup02_hgcp,86.7985869555644,86.7985869555644,0.0,32,32
3,SingleTrain_WithBaseValsalva,1,DBP,train,1,postExerciseHgcp,344,345,345,2,3,subject1_day1_setup02_hgcp,86.8484778187656,86.8484778187656,0.0,32,32
3,SingleTrain_WithBaseValsalva,1,DBP,train,1,postExerciseHgcp,345,346,346,2,3,subject1_day1_setup02_hgcp,86.870194576945,86.870194576945,0.0,32,32
3,SingleTrain_WithBaseValsalva,1,DBP,train,1,postExerciseHgcp,346,347,347,2,3,subject1_day1_setup02_hgcp,87.0064707283385,87.0064707283385,0.0,32,32
3,SingleTrain_WithBaseValsalva,1,DBP,train,1,postExerciseHgcp,350,351,351,2,3,subject1_day1_setup02_hgcp,88.7707984027931,88.7707984027931,0.0,32,32
3,SingleTrain_WithBaseValsalva,1,DBP,train,1,postExerciseHgcp,360,361,361,2,3,subject1_day1_setup02_hgcp,93.9552869893639,93.9552869893639,0.0,32,32
3,SingleTrain_WithBaseValsalva,1,DBP,train,1,postExerciseHgcp,376,377,377,2,3,subject1_day1_setup02_hgcp,96.8133697457081,96.8133697457081,0.0,32,32
3,SingleTrain_WithBaseValsalva,1,DBP,train,1,postExerciseHgcp,399,400,400,2,4,subject1_day1_setup02_hgcp,97.3978867292374,97.3978867292374,0.0,32,32
3,SingleTrain_WithBaseValsalva,1,DBP,train,1,postExerciseHgcp,559,560,560,2,5,subject1_day1_setup02_hgcp,84.9225172956713,84.9225172956713,0.0,32,32
3,SingleTrain_WithBaseValsalva,1,DBP,train,1,postExerciseHgcp,560,561,561,2,5,subject1_day1_setup02_hgcp,83.9178396814847,83.9178396814847,0.0,32,32
3,SingleTrain_WithBaseValsalva,1,DBP,train,1,postExerciseHgcp,561,562,562,2,5,subject1_day1_setup02_hgcp,82.9127179868271,82.9127179868271,0.0,32,32
3,SingleTrain_WithBaseValsalva,1,DBP,train,1,postExerciseHgcp,562,563,563,2,5,subject1_day1_setup02_hgcp,82.1454498214444,82.1454498214444,0.0,32,32
3,SingleTrain_WithBaseValsalva,1,DBP,train,1,postExerciseHgcp,563,564,564,2,5,subject1_day1_setup02_hgcp,83.2684406082628,83.2684406082628,0.0,32,32
3,SingleTrain_WithBaseValsalva,1,DBP,train,1,postExerciseHgcp,564,565,565,2,5,subject1_day1_setup02_hgcp,84.346538456796,84.346538456796,0.0,32,32
3,SingleTrain_WithBaseValsalva,1,DBP,train,1,postExerciseHgcp,565,566,566,2,5,subject1_day1_setup02_hgcp,85.2085308626277,85.2085308626277,0.0,32,32
3,SingleTrain_WithBaseValsalva,1,DBP,train,1,postExerciseHgcp,566,567,567,2,5,subject1_day1_setup02_hgcp,85.7765554779916,85.7765554779916,0.0,32,32
3,SingleTrain_WithBaseValsalva,1,DBP,train,1,postExerciseHgcp,567,568,568,2,5,subject1_day1_setup02_hgcp,86.1818387671232,86.1818387671232,0.0,32,32
3,SingleTrain_WithBaseValsalva,1,DBP,train,1,postExerciseHgcp,568,569,569,2,5,subject1_day1_setup02_hgcp,86.544505026591,86.544505026591,0.0,32,32
3,SingleTrain_WithBaseValsalva,1,DBP,train,1,postExerciseHgcp,569,570,570,2,5,subject1_day1_setup02_hgcp,86.9002530837617,86.9002530837617,0.0,32,32
3,SingleTrain_WithBaseValsalva,1,DBP,train,1,postExerciseHgcp,570,571,571,2,5,subject1_day1_setup02_hgcp,87.2915451764066,87.2915451764066,0.0,32,32
3,SingleTrain_WithBaseValsalva,1,DBP,train,1,postExerciseHgcp,571,572,572,2,5,subject1_day1_setup02_hgcp,88.0511508624652,88.0511508624652,0.0,32,32
3,SingleTrain_WithBaseValsalva,1,DBP,train,1,postExerciseHgcp,572,573,573,2,5,subject1_day1_setup02_hgcp,88.7973471574328,88.7973471574328,0.0,32,32
3,SingleTrain_WithBaseValsalva,1,DBP,train,1,postExerciseHgcp,573,574,574,2,5,subject1_day1_setup02_hgcp,89.8079385709764,89.8079385709764,0.0,32,32
3,SingleTrain_WithBaseValsalva,1,DBP,train,1,postExerciseHgcp,574,575,575,2,5,subject1_day1_setup02_hgcp,90.7275368455902,90.7275368455902,0.0,32,32
3,SingleTrain_WithBaseValsalva,1,DBP,train,1,postExerciseHgcp,575,576,576,2,5,subject1_day1_setup02_hgcp,91.610454194489,91.610454194489,0.0,32,32
3,SingleTrain_WithBaseValsalva,1,DBP,train,1,postExerciseHgcp,576,577,577,2,5,subject1_day1_setup02_hgcp,92.6416311712035,92.6416311712035,0.0,32,32
3,SingleTrain_WithBaseValsalva,1,DBP,train,1,postExerciseHgcp,577,578,578,2,5,subject1_day1_setup02_hgcp,93.5850769119305,93.5850769119305,0.0,32,32
3,SingleTrain_WithBaseValsalva,1,DBP,train,1,postExerciseHgcp,578,579,579,2,5,subject1_day1_setup02_hgcp,94.5369506223013,94.5369506223013,0.0,32,32
3,SingleTrain_WithBaseValsalva,1,DBP,train,1,postExerciseHgcp,579,580,580,2,5,subject1_day1_setup02_hgcp,95.5234230462771,95.5234230462771,0.0,32,32
3,SingleTrain_WithBaseValsalva,1,DBP,train,1,postExerciseHgcp,580,581,581,2,5,subject1_day1_setup02_hgcp,96.6044779050965,96.6044779050965,0.0,32,32
3,SingleTrain_WithBaseValsalva,1,DBP,train,1,postExerciseHgcp,581,582,582,2,5,subject1_day1_setup02_hgcp,97.755533497911,97.755533497911,0.0,32,32
3,SingleTrain_WithBaseValsalva,1,DBP,train,1,postExerciseHgcp,582,583,583,2,5,subject1_day1_setup02_hgcp,98.6923505815371,98.6923505815371,0.0,32,32
3,SingleTrain_WithBaseValsalva,1,DBP,train,1,postExerciseHgcp,583,584,584,2,5,subject1_day1_setup02_hgcp,97.7741262368256,97.7741262368256,0.0,32,32
3,SingleTrain_WithBaseValsalva,1,DBP,train,1,postExerciseHgcp,584,585,585,2,5,subject1_day1_setup02_hgcp,97.1653442531498,97.1653442531498,0.0,32,32
3,SingleTrain_WithBaseValsalva,1,DBP,train,1,postExerciseHgcp,585,586,586,2,5,subject1_day1_setup02_hgcp,96.8906236064598,96.8906236064598,0.0,32,32
3,SingleTrain_WithBaseValsalva,1,DBP,train,1,postExerciseHgcp,586,587,587,2,5,subject1_day1_setup02_hgcp,96.7534262432029,96.7534262432029,0.0,32,32
3,SingleTrain_WithBaseValsalva,1,DBP,train,1,postExerciseHgcp,587,588,588,2,5,subject1_day1_setup02_hgcp,96.4882240741153,96.4882240741153,0.0,32,32
3,SingleTrain_WithBaseValsalva,1,DBP,train,1,postExerciseHgcp,588,589,589,2,5,subject1_day1_setup02_hgcp,96.2395382422553,96.2395382422553,0.0,32,32
3,SingleTrain_WithBaseValsalva,1,DBP,train,1,postExerciseHgcp,589,590,590,2,5,subject1_day1_setup02_hgcp,95.8315276104173,95.8315276104173,0.0,32,32
3,SingleTrain_WithBaseValsalva,1,DBP,train,1,postExerciseHgcp,590,591,591,2,5,subject1_day1_setup02_hgcp,95.5449278142754,95.5449278142754,0.0,32,32
3,SingleTrain_WithBaseValsalva,1,DBP,train,1,postExerciseHgcp,591,592,592,2,5,subject1_day1_setup02_hgcp,95.0225508003257,95.0225508003257,0.0,32,32
3,SingleTrain_WithBaseValsalva,1,DBP,train,1,postExerciseHgcp,592,593,593,2,5,subject1_day1_setup02_hgcp,94.5503963748481,94.5503963748481,0.0,32,32
3,SingleTrain_WithBaseValsalva,1,DBP,train,1,postExerciseHgcp,593,594,594,2,5,subject1_day1_setup02_hgcp,94.0720851326859,94.0720851326859,0.0,32,32
3,SingleTrain_WithBaseValsalva,1,DBP,train,1,postExerciseHgcp,594,595,595,2,5,subject1_day1_setup02_hgcp,93.7496252384092,93.7496252384092,0.0,32,32
3,SingleTrain_WithBaseValsalva,1,DBP,train,1,postExerciseHgcp,595,596,596,2,5,subject1_day1_setup02_hgcp,93.5657553743908,93.5657553743908,0.0,32,32
3,SingleTrain_WithBaseValsalva,1,DBP,train,1,postExerciseHgcp,596,597,597,2,5,subject1_day1_setup02_hgcp,93.4205085664308,93.4205085664308,0.0,32,32
3,SingleTrain_WithBaseValsalva,1,DBP,train,1,postExerciseHgcp,597,598,598,2,5,subject1_day1_setup02_hgcp,93.3222505208986,93.3222505208986,0.0,32,32
3,SingleTrain_WithBaseValsalva,1,DBP,train,1,postExerciseHgcp,598,599,599,2,5,subject1_day1_setup02_hgcp,93.2818413401185,93.2818413401185,0.0,32,32
3,SingleTrain_WithBaseValsalva,1,DBP,train,1,postExerciseHgcp,599,600,600,2,5,subject1_day1_setup02_hgcp,93.353881020279,93.353881020279,0.0,32,32
3,SingleTrain_WithBaseValsalva,1,DBP,train,1,postExerciseHgcp,600,601,601,2,5,subject1_day1_setup02_hgcp,93.1452378971129,93.1452378971129,0.0,32,32
3,SingleTrain_WithBaseValsalva,1,DBP,train,1,postExerciseHgcp,601,602,602,2,5,subject1_day1_setup02_hgcp,92.8740297485177,92.8740297485177,0.0,32,32
3,SingleTrain_WithBaseValsalva,1,DBP,train,1,postExerciseHgcp,602,603,603,2,5,subject1_day1_setup02_hgcp,92.8069623090927,92.8069623090927,0.0,32,32
3,SingleTrain_WithBaseValsalva,1,DBP,train,1,postExerciseHgcp,603,604,604,2,5,subject1_day1_setup02_hgcp,92.5886344607693,92.5886344607693,0.0,32,32
3,SingleTrain_WithBaseValsalva,1,DBP,train,1,postExerciseHgcp,604,605,605,2,5,subject1_day1_setup02_hgcp,92.3536160602726,92.3536160602726,0.0,32,32
3,SingleTrain_WithBaseValsalva,1,DBP,train,1,postExerciseHgcp,605,606,606,2,5,subject1_day1_setup02_hgcp,92.0931986381122,92.0931986381122,0.0,32,32
3,SingleTrain_WithBaseValsalva,1,DBP,train,1,postExerciseHgcp,606,607,607,2,5,subject1_day1_setup02_hgcp,91.8795049869764,91.8795049869764,0.0,32,32
3,SingleTrain_WithBaseValsalva,1,DBP,train,1,postExerciseHgcp,607,608,608,2,5,subject1_day1_setup02_hgcp,91.7795273221586,91.8795049869764,0.0999776648177999,32,32
3,SingleTrain_WithBaseValsalva,1,DBP,train,1,postExerciseHgcp,608,609,609,2,5,subject1_day1_setup02_hgcp,91.5561843219042,91.5561843219042,0.0,32,32
3,SingleTrain_WithBaseValsalva,1,DBP,train,1,postExerciseHgcp,609,610,610,2,5,subject1_day1_setup02_hgcp,91.4095300639172,91.4095300639172,0.0,32,32
3,SingleTrain_WithBaseValsalva,1,DBP,train,1,postExerciseHgcp,610,611,611,2,5,subject1_day1_setup02_hgcp,91.5367407525207,91.7739796291712,0.23723887665049403,32,32
3,SingleTrain_WithBaseValsalva,1,DBP,train,1,postExerciseHgcp,611,612,612,2,5,subject1_day1_setup02_hgcp,91.7210070116408,91.7739796291712,0.05297261753040061,32,32
3,SingleTrain_WithBaseValsalva,1,DBP,train,1,postExerciseHgcp,612,613,613,2,5,subject1_day1_setup02_hgcp,91.7739796291712,91.8519877118736,0.07800808270241077,32,32
3,SingleTrain_WithBaseValsalva,1,DBP,train,1,postExerciseHgcp,613,614,614,2,5,subject1_day1_setup02_hgcp,91.8542958191209,91.8542958191209,0.0,32,32
3,SingleTrain_WithBaseValsalva,1,DBP,train,1,postExerciseHgcp,614,615,615,2,5,subject1_day1_setup02_hgcp,92.0401950542825,91.8671704243055,-0.1730246299770073,32,32
3,SingleTrain_WithBaseValsalva,1,DBP,train,1,postExerciseHgcp,615,616,616,2,5,subject1_day1_setup02_hgcp,92.0067326148898,92.0067326148898,0.0,32,32
3,SingleTrain_WithBaseValsalva,1,DBP,train,1,postExerciseHgcp,616,617,617,2,5,subject1_day1_setup02_hgcp,92.0512035059274,91.9417629656486,-0.10944054027879702,32,32
3,SingleTrain_WithBaseValsalva,1,DBP,train,1,postExerciseHgcp,617,618,618,2,5,subject1_day1_setup02_hgcp,92.0316996870317,91.9925872758312,-0.0391124112005059,32,32
3,SingleTrain_WithBaseValsalva,1,DBP,train,1,postExerciseHgcp,618,619,619,2,5,subject1_day1_setup02_hgcp,91.9925872758312,91.8795049869764,-0.11308228885479821,32,32
3,SingleTrain_WithBaseValsalva,1,DBP,train,1,postExerciseHgcp,619,620,620,2,5,subject1_day1_setup02_hgcp,91.9417629656486,91.9417629656486,0.0,32,32
3,SingleTrain_WithBaseValsalva,1,DBP,train,1,postExerciseHgcp,620,621,621,2,5,subject1_day1_setup02_hgcp,91.8645055628413,91.8645055628413,0.0,32,32
3,SingleTrain_WithBaseValsalva,1,DBP,train,1,postExerciseHgcp,621,622,622,2,5,subject1_day1_setup02_hgcp,91.8519877118736,91.8519877118736,0.0,32,32
3,SingleTrain_WithBaseValsalva,1,DBP,train,1,postExerciseHgcp,622,623,623,2,5,subject1_day1_setup02_hgcp,91.8671704243055,91.8671704243055,0.0,32,32
3,SingleTrain_WithBaseValsalva,1,DBP,train,1,postExerciseHgcp,623,624,624,2,5,subject1_day1_setup02_hgcp,91.9694594940523,91.9417629656486,-0.027696528403694742,32,32
3,SingleTrain_WithBaseValsalva,1,DBP,train,1,postExerciseHgcp,624,625,625,2,5,subject1_day1_setup02_hgcp,91.8217035796773,91.8217035796773,0.0,32,32
3,SingleTrain_WithBaseValsalva,1,DBP,train,1,postExerciseHgcp,625,626,626,2,5,subject1_day1_setup02_hgcp,91.5998122839037,91.7739796291712,0.17416734526749167,32,32
3,SingleTrain_WithBaseValsalva,1,DBP,train,1,postExerciseHgcp,626,627,627,2,5,subject1_day1_setup02_hgcp,91.2897485848093,91.2897485848093,0.0,32,32
3,SingleTrain_WithBaseValsalva,1,DBP,train,1,postExerciseHgcp,627,628,628,2,5,subject1_day1_setup02_hgcp,90.8318583170864,90.8318583170864,0.0,32,32
3,SingleTrain_WithBaseValsalva,1,DBP,train,1,postExerciseHgcp,628,629,629,2,5,subject1_day1_setup02_hgcp,90.5392148552218,90.5392148552218,0.0,32,32
3,SingleTrain_WithBaseValsalva,1,DBP,train,1,postExerciseHgcp,629,630,630,2,5,subject1_day1_setup02_hgcp,90.2422548671933,90.2422548671933,0.0,32,32
3,SingleTrain_WithBaseValsalva,1,DBP,train,1,postExerciseHgcp,630,631,631,2,5,subject1_day1_setup02_hgcp,89.8203007933137,89.8203007933137,0.0,32,32
3,SingleTrain_WithBaseValsalva,1,DBP,train,1,postExerciseHgcp,631,632,632,2,5,subject1_day1_setup02_hgcp,89.4489017329039,89.4489017329039,0.0,32,32
3,SingleTrain_WithBaseValsalva,1,DBP,train,1,postExerciseHgcp,632,633,633,2,5,subject1_day1_setup02_hgcp,89.2357060224655,89.2357060224655,0.0,32,32
3,SingleTrain_WithBaseValsalva,1,DBP,train,1,postExerciseHgcp,633,634,634,2,5,subject1_day1_setup02_hgcp,89.0704251900737,89.0704251900737,0.0,32,32
3,SingleTrain_WithBaseValsalva,1,DBP,train,1,postExerciseHgcp,634,635,635,2,5,subject1_day1_setup02_hgcp,88.8090528840625,88.8090528840625,0.0,32,32
3,SingleTrain_WithBaseValsalva,1,DBP,train,1,postExerciseHgcp,635,636,636,2,5,subject1_day1_setup02_hgcp,88.5989740440071,88.5989740440071,0.0,32,32
3,SingleTrain_WithBaseValsalva,1,DBP,train,1,postExerciseHgcp,636,637,637,2,5,subject1_day1_setup02_hgcp,88.2563966797808,88.2563966797808,0.0,32,32
3,SingleTrain_WithBaseValsalva,1,DBP,train,1,postExerciseHgcp,638,639,639,2,5,subject1_day1_setup02_hgcp,88.8322364695373,88.8322364695373,0.0,32,32
3,SingleTrain_WithBaseValsalva,1,DBP,train,1,postExerciseHgcp,639,640,640,2,5,subject1_day1_setup02_hgcp,88.7476067606525,88.7476067606525,0.0,32,32
3,SingleTrain_WithBaseValsalva,1,DBP,train,1,postExerciseHgcp,646,647,647,2,5,subject1_day1_setup02_hgcp,89.3351898334704,89.3351898334704,0.0,32,32
3,SingleTrain_WithBaseValsalva,1,DBP,train,1,postExerciseHgcp,647,648,648,2,5,subject1_day1_setup02_hgcp,89.561776983814,89.561776983814,0.0,32,32
3,SingleTrain_WithBaseValsalva,1,DBP,train,1,postExerciseHgcp,648,649,649,2,5,subject1_day1_setup02_hgcp,89.6325712291975,89.6325712291975,0.0,32,32
3,SingleTrain_WithBaseValsalva,1,DBP,train,1,postExerciseHgcp,649,650,650,2,5,subject1_day1_setup02_hgcp,89.7415694615482,89.7415694615482,0.0,32,32
3,SingleTrain_WithBaseValsalva,1,DBP,train,1,postExerciseHgcp,650,651,651,2,5,subject1_day1_setup02_hgcp,89.9824853910556,89.9824853910556,0.0,32,32
3,SingleTrain_WithBaseValsalva,1,DBP,train,1,postExerciseHgcp,651,652,652,2,5,subject1_day1_setup02_hgcp,90.2541540717917,90.2541540717917,0.0,32,32
3,SingleTrain_WithBaseValsalva,1,DBP,train,1,postExerciseHgcp,652,653,653,2,5,subject1_day1_setup02_hgcp,90.1511938279373,90.0148904571364,-0.1363033708009027,32,32
3,SingleTrain_WithBaseValsalva,1,DBP,train,1,postExerciseHgcp,653,654,654,2,5,subject1_day1_setup02_hgcp,89.9847873390028,89.867364173654,-0.1174231653488107,32,32
3,SingleTrain_WithBaseValsalva,1,DBP,train,1,postExerciseHgcp,654,655,655,2,5,subject1_day1_setup02_hgcp,89.8697467429884,89.8697467429884,0.0,32,32
3,SingleTrain_WithBaseValsalva,1,DBP,train,1,postExerciseHgcp,655,656,656,2,5,subject1_day1_setup02_hgcp,89.867364173654,89.867364173654,0.0,32,32
3,SingleTrain_WithBaseValsalva,1,DBP,train,1,postExerciseHgcp,656,657,657,2,5,subject1_day1_setup02_hgcp,90.0148904571364,89.5282900242778,-0.48660043285860866,32,32
3,SingleTrain_WithBaseValsalva,1,DBP,train,1,postExerciseHgcp,657,658,658,2,5,subject1_day1_setup02_hgcp,89.4459484355477,89.4459484355477,0.0,32,32
3,SingleTrain_WithBaseValsalva,1,DBP,train,1,postExerciseHgcp,658,659,659,2,5,subject1_day1_setup02_hgcp,89.3510336422927,89.3510336422927,0.0,32,32
3,SingleTrain_WithBaseValsalva,1,DBP,train,1,postExerciseHgcp,659,660,660,2,5,subject1_day1_setup02_hgcp,89.5282900242778,89.225263755155,-0.30302626912279607,32,32
3,SingleTrain_WithBaseValsalva,1,DBP,train,1,postExerciseHgcp,660,661,661,2,5,subject1_day1_setup02_hgcp,89.225263755155,89.100624439385,-0.12463931576999698,32,32
3,SingleTrain_WithBaseValsalva,1,DBP,train,1,postExerciseHgcp,661,662,662,2,5,subject1_day1_setup02_hgcp,89.100624439385,88.9080418927615,-0.19258254662349827,32,32
3,SingleTrain_WithBaseValsalva,1,DBP,train,1,postExerciseHgcp,662,663,663,2,5,subject1_day1_setup02_hgcp,88.9080418927615,88.9080418927615,0.0,32,32
3,SingleTrain_WithBaseValsalva,1,DBP,train,1,postExerciseHgcp,663,664,664,2,5,subject1_day1_setup02_hgcp,88.4754219065506,88.7106357637914,0.235213857240808,32,32
3,SingleTrain_WithBaseValsalva,1,DBP,train,1,postExerciseHgcp,664,665,665,2,5,subject1_day1_setup02_hgcp,88.2685292417596,88.7106357637914,0.442106522031807,32,32
3,SingleTrain_WithBaseValsalva,1,DBP,train,1,postExerciseHgcp,666,667,667,2,5,subject1_day1_setup02_hgcp,88.7106357637914,88.8563800089094,0.14574424511799577,32,32
3,SingleTrain_WithBaseValsalva,1,DBP,train,1,postExerciseHgcp,668,669,669,2,5,subject1_day1_setup02_hgcp,88.8563800089094,88.8563800089094,0.0,32,32
3,SingleTrain_WithBaseValsalva,1,DBP,train,1,postExerciseHgcp,671,672,672,2,6,subject1_day1_setup02_hgcp,87.9373054895795,87.9373054895795,0.0,32,32
3,SingleTrain_WithBaseValsalva,1,DBP,train,1,postExerciseHgcp,672,673,673,2,6,subject1_day1_setup02_hgcp,87.7459068573941,87.6571395416973,-0.08876731569679919,32,32
3,SingleTrain_WithBaseValsalva,1,DBP,train,1,postExerciseHgcp,673,674,674,2,6,subject1_day1_setup02_hgcp,87.444017775163,87.444017775163,0.0,32,32
3,SingleTrain_WithBaseValsalva,1,DBP,train,1,postExerciseHgcp,674,675,675,2,6,subject1_day1_setup02_hgcp,87.2850492971649,87.2850492971649,0.0,32,32
3,SingleTrain_WithBaseValsalva,1,DBP,train,1,postExerciseHgcp,675,676,676,2,6,subject1_day1_setup02_hgcp,87.032065176115,87.032065176115,0.0,32,32
3,SingleTrain_WithBaseValsalva,1,DBP,train,1,postExerciseHgcp,676,677,677,2,6,subject1_day1_setup02_hgcp,86.532844591371,86.532844591371,0.0,32,32
3,SingleTrain_WithBaseValsalva,1,DBP,train,1,postExerciseHgcp,677,678,678,2,6,subject1_day1_setup02_hgcp,86.3142025790958,86.3142025790958,0.0,32,32
3,SingleTrain_WithBaseValsalva,1,DBP,train,1,postExerciseHgcp,678,679,679,2,6,subject1_day1_setup02_hgcp,86.1851803430856,86.1851803430856,0.0,32,32
3,SingleTrain_WithBaseValsalva,1,DBP,train,1,postExerciseHgcp,679,680,680,2,6,subject1_day1_setup02_hgcp,86.1242892086765,86.1242892086765,0.0,32,32
3,SingleTrain_WithBaseValsalva,1,DBP,train,1,postExerciseHgcp,680,681,681,2,6,subject1_day1_setup02_hgcp,85.8817448127782,85.8817448127782,0.0,32,32
3,SingleTrain_WithBaseValsalva,1,DBP,train,1,postExerciseHgcp,681,682,682,2,6,subject1_day1_setup02_hgcp,85.8536428131165,85.8536428131165,0.0,32,32
3,SingleTrain_WithBaseValsalva,1,DBP,train,1,postExerciseHgcp,682,683,683,2,6,subject1_day1_setup02_hgcp,85.8738369587422,85.8738369587422,0.0,32,32
3,SingleTrain_WithBaseValsalva,1,DBP,train,1,postExerciseHgcp,683,684,684,2,6,subject1_day1_setup02_hgcp,85.8380409705717,85.8380409705717,0.0,32,32
3,SingleTrain_WithBaseValsalva,1,DBP,train,1,postExerciseHgcp,684,685,685,2,6,subject1_day1_setup02_hgcp,85.4424919128765,85.4424919128765,0.0,32,32
3,SingleTrain_WithBaseValsalva,1,DBP,train,1,postExerciseHgcp,685,686,686,2,6,subject1_day1_setup02_hgcp,85.3949295150507,85.3949295150507,0.0,32,32
3,SingleTrain_WithBaseValsalva,1,DBP,train,1,postExerciseHgcp,686,687,687,2,6,subject1_day1_setup02_hgcp,85.2357347458591,84.8686273765276,-0.36710736933150656,32,32
3,SingleTrain_WithBaseValsalva,1,DBP,train,1,postExerciseHgcp,687,688,688,2,6,subject1_day1_setup02_hgcp,84.8686273765276,84.8686273765276,0.0,32,32
3,SingleTrain_WithBaseValsalva,1,DBP,train,1,postExerciseHgcp,688,689,689,2,6,subject1_day1_setup02_hgcp,84.4768864228903,84.4768864228903,0.0,32,32
3,SingleTrain_WithBaseValsalva,1,DBP,train,1,postExerciseHgcp,689,690,690,2,6,subject1_day1_setup02_hgcp,84.4235267317481,84.4235267317481,0.0,32,32
3,SingleTrain_WithBaseValsalva,1,DBP,train,1,postExerciseHgcp,690,691,691,2,6,subject1_day1_setup02_hgcp,84.2185537286167,84.2185537286167,0.0,32,32
3,SingleTrain_WithBaseValsalva,1,DBP,train,1,postExerciseHgcp,691,692,692,2,6,subject1_day1_setup02_hgcp,84.0669003708874,84.2185537286167,0.15165335772930177,32,32
3,SingleTrain_WithBaseValsalva,1,DBP,train,1,postExerciseHgcp,692,693,693,2,6,subject1_day1_setup02_hgcp,83.9222111867682,84.0669003708874,0.1446891841192013,32,32
3,SingleTrain_WithBaseValsalva,1,DBP,train,1,postExerciseHgcp,693,694,694,2,6,subject1_day1_setup02_hgcp,83.9756589409995,84.0669003708874,0.0912414298879014,32,32
3,SingleTrain_WithBaseValsalva,1,DBP,train,1,postExerciseHgcp,694,695,695,2,6,subject1_day1_setup02_hgcp,83.891951151035,83.891951151035,0.0,32,32
3,SingleTrain_WithBaseValsalva,1,DBP,train,1,postExerciseHgcp,695,696,696,2,6,subject1_day1_setup02_hgcp,83.8974282924771,84.20074536832,0.303317075842898,32,32
3,SingleTrain_WithBaseValsalva,1,DBP,train,1,postExerciseHgcp,696,697,697,2,6,subject1_day1_setup02_hgcp,84.20074536832,84.20074536832,0.0,32,32
3,SingleTrain_WithBaseValsalva,1,DBP,train,1,postExerciseHgcp,697,698,698,2,6,subject1_day1_setup02_hgcp,84.286585085447,84.286585085447,0.0,32,32
3,SingleTrain_WithBaseValsalva,1,DBP,train,1,postExerciseHgcp,698,699,699,2,6,subject1_day1_setup02_hgcp,84.3675137295042,84.3675137295042,0.0,32,32
3,SingleTrain_WithBaseValsalva,1,DBP,train,1,postExerciseHgcp,699,700,700,2,6,subject1_day1_setup02_hgcp,84.4130203880197,84.4130203880197,0.0,32,32
3,SingleTrain_WithBaseValsalva,1,DBP,train,1,postExerciseHgcp,700,701,701,2,6,subject1_day1_setup02_hgcp,84.6371867583909,84.6371867583909,0.0,32,32
3,SingleTrain_WithBaseValsalva,1,DBP,train,1,postExerciseHgcp,701,702,702,2,6,subject1_day1_setup02_hgcp,84.6711651721152,84.6711651721152,0.0,32,32
3,SingleTrain_WithBaseValsalva,1,DBP,train,1,postExerciseHgcp,702,703,703,2,6,subject1_day1_setup02_hgcp,84.7990613474138,84.7990613474138,0.0,32,32
3,SingleTrain_WithBaseValsalva,1,DBP,train,1,postExerciseHgcp,703,704,704,2,6,subject1_day1_setup02_hgcp,84.8536016690327,84.8536016690327,0.0,32,32
3,SingleTrain_WithBaseValsalva,1,DBP,train,1,postExerciseHgcp,704,705,705,2,6,subject1_day1_setup02_hgcp,85.2085244929857,85.2085244929857,0.0,32,32
3,SingleTrain_WithBaseValsalva,1,DBP,train,1,postExerciseHgcp,705,706,706,2,6,subject1_day1_setup02_hgcp,85.3059848839767,85.3059848839767,0.0,32,32
3,SingleTrain_WithBaseValsalva,1,DBP,train,1,postExerciseHgcp,706,707,707,2,6,subject1_day1_setup02_hgcp,85.4454821292298,85.4454821292298,0.0,32,32
3,SingleTrain_WithBaseValsalva,1,DBP,train,1,postExerciseHgcp,707,708,708,2,6,subject1_day1_setup02_hgcp,85.8348520324425,85.8348520324425,0.0,32,32
3,SingleTrain_WithBaseValsalva,1,DBP,train,1,postExerciseHgcp,708,709,709,2,6,subject1_day1_setup02_hgcp,86.1990488676584,86.1990488676584,0.0,32,32
3,SingleTrain_WithBaseValsalva,1,DBP,train,1,postExerciseHgcp,709,710,710,2,6,subject1_day1_setup02_hgcp,86.403303807882,86.1990488676584,-0.20425494022359203,32,32
3,SingleTrain_WithBaseValsalva,1,DBP,train,1,postExerciseHgcp,710,711,711,2,6,subject1_day1_setup02_hgcp,86.6945777332735,86.6945777332735,0.0,32,32
3,SingleTrain_WithBaseValsalva,1,DBP,train,1,postExerciseHgcp,711,712,712,2,6,subject1_day1_setup02_hgcp,87.063388087602,87.063388087602,0.0,32,32
3,SingleTrain_WithBaseValsalva,1,DBP,train,1,postExerciseHgcp,712,713,713,2,6,subject1_day1_setup02_hgcp,87.3940703715546,87.3940703715546,0.0,32,32
3,SingleTrain_WithBaseValsalva,1,DBP,train,1,postExerciseHgcp,713,714,714,2,6,subject1_day1_setup02_hgcp,87.4109607308417,87.3940703715546,-0.01689035928708904,32,32
3,SingleTrain_WithBaseValsalva,1,DBP,train,1,postExerciseHgcp,714,715,715,2,6,subject1_day1_setup02_hgcp,87.5288671555144,87.4187222926061,-0.1101448629082995,32,32
3,SingleTrain_WithBaseValsalva,1,DBP,train,1,postExerciseHgcp,715,716,716,2,6,subject1_day1_setup02_hgcp,87.6445338634835,87.6445338634835,0.0,32,32
3,SingleTrain_WithBaseValsalva,1,DBP,train,1,postExerciseHgcp,716,717,717,2,6,subject1_day1_setup02_hgcp,87.5299338312384,87.4233993419567,-0.10653448928169951,32,32
3,SingleTrain_WithBaseValsalva,1,DBP,train,1,postExerciseHgcp,717,718,718,2,6,subject1_day1_setup02_hgcp,87.3105337611179,87.3105337611179,0.0,32,32
3,SingleTrain_WithBaseValsalva,1,DBP,train,1,postExerciseHgcp,718,719,719,2,6,subject1_day1_setup02_hgcp,87.084905186772,86.9262665353749,-0.15863865139711208,32,32
3,SingleTrain_WithBaseValsalva,1,DBP,train,1,postExerciseHgcp,719,720,720,2,6,subject1_day1_setup02_hgcp,86.8407251415614,86.8407251415614,0.0,32,32
3,SingleTrain_WithBaseValsalva,1,DBP,train,1,postExerciseHgcp,720,721,721,2,6,subject1_day1_setup02_hgcp,86.6655941188696,86.3940781440712,-0.2715159747984046,32,32
3,SingleTrain_WithBaseValsalva,1,DBP,train,1,postExerciseHgcp,721,722,722,2,6,subject1_day1_setup02_hgcp,86.3940781440712,86.3940781440712,0.0,32,32
3,SingleTrain_WithBaseValsalva,1,DBP,train,1,postExerciseHgcp,722,723,723,2,6,subject1_day1_setup02_hgcp,86.1179308053376,86.1179308053376,0.0,32,32
3,SingleTrain_WithBaseValsalva,1,DBP,train,1,postExerciseHgcp,723,724,724,2,6,subject1_day1_setup02_hgcp,85.9097464001283,85.9097464001283,0.0,32,32
3,SingleTrain_WithBaseValsalva,1,DBP,train,1,postExerciseHgcp,724,725,725,2,6,subject1_day1_setup02_hgcp,85.6613323486243,85.6613323486243,0.0,32,32
3,SingleTrain_WithBaseValsalva,1,DBP,train,1,postExerciseHgcp,725,726,726,2,6,subject1_day1_setup02_hgcp,85.5356401882689,85.5356401882689,0.0,32,32
3,SingleTrain_WithBaseValsalva,1,DBP,train,1,postExerciseHgcp,726,727,727,2,6,subject1_day1_setup02_hgcp,85.6271449571979,85.6271449571979,0.0,32,32
3,SingleTrain_WithBaseValsalva,1,DBP,train,1,postExerciseHgcp,727,728,728,2,6,subject1_day1_setup02_hgcp,85.4339913473738,85.4339913473738,0.0,32,32
3,SingleTrain_WithBaseValsalva,1,DBP,train,1,postExerciseHgcp,728,729,729,2,6,subject1_day1_setup02_hgcp,85.3338565689695,85.1507599458591,-0.18309662311040142,32,32
3,SingleTrain_WithBaseValsalva,1,DBP,train,1,postExerciseHgcp,729,730,730,2,6,subject1_day1_setup02_hgcp,85.1507599458591,85.1507599458591,0.0,32,32
3,SingleTrain_WithBaseValsalva,1,DBP,train,1,postExerciseHgcp,730,731,731,2,6,subject1_day1_setup02_hgcp,84.963990188205,84.963990188205,0.0,32,32
3,SingleTrain_WithBaseValsalva,1,DBP,train,1,postExerciseHgcp,731,732,732,2,6,subject1_day1_setup02_hgcp,84.6989544608092,84.8853691298347,0.18641466902549553,32,32
3,SingleTrain_WithBaseValsalva,1,DBP,train,1,postExerciseHgcp,732,733,733,2,6,subject1_day1_setup02_hgcp,84.4988325969912,84.5514249219415,0.05259232495029664,32,32
3,SingleTrain_WithBaseValsalva,1,DBP,train,1,postExerciseHgcp,733,734,734,2,6,subject1_day1_setup02_hgcp,84.5824193448008,84.5824193448008,0.0,32,32
3,SingleTrain_WithBaseValsalva,1,DBP,train,1,postExerciseHgcp,734,735,735,2,6,subject1_day1_setup02_hgcp,84.5554707137785,84.5824193448008,0.026948631022293057,32,32
3,SingleTrain_WithBaseValsalva,1,DBP,train,1,postExerciseHgcp,735,736,736,2,6,subject1_day1_setup02_hgcp,84.5514249219415,84.5824193448008,0.03099442285929399,32,32
3,SingleTrain_WithBaseValsalva,1,DBP,train,1,postExerciseHgcp,736,737,737,2,6,subject1_day1_setup02_hgcp,84.8277748033238,85.1507599458591,0.32298514253528765,32,32
3,SingleTrain_WithBaseValsalva,1,DBP,train,1,postExerciseHgcp,737,738,738,2,6,subject1_day1_setup02_hgcp,85.3333406154643,85.3333406154643,0.0,32,32
3,SingleTrain_WithBaseValsalva,1,DBP,train,1,postExerciseHgcp,738,739,739,2,6,subject1_day1_setup02_hgcp,85.7220770913425,85.7220770913425,0.0,32,32
3,SingleTrain_WithBaseValsalva,1,DBP,train,1,postExerciseHgcp,739,740,740,2,6,subject1_day1_setup02_hgcp,86.0352147181099,86.0352147181099,0.0,32,32
3,SingleTrain_WithBaseValsalva,1,DBP,train,1,postExerciseHgcp,740,741,741,2,6,subject1_day1_setup02_hgcp,86.4707286423323,86.4707286423323,0.0,32,32
3,SingleTrain_WithBaseValsalva,1,DBP,train,1,postExerciseHgcp,741,742,742,2,6,subject1_day1_setup02_hgcp,86.9262665353749,86.9262665353749,0.0,32,32
3,SingleTrain_WithBaseValsalva,1,DBP,train,1,postExerciseHgcp,742,743,743,2,6,subject1_day1_setup02_hgcp,87.1719642375704,86.9262665353749,-0.245697702195514,32,32
3,SingleTrain_WithBaseValsalva,1,DBP,train,1,postExerciseHgcp,743,744,744,2,6,subject1_day1_setup02_hgcp,87.4187222926061,87.4187222926061,0.0,32,32
3,SingleTrain_WithBaseValsalva,1,DBP,train,1,postExerciseHgcp,744,745,745,2,6,subject1_day1_setup02_hgcp,87.631995330135,87.631995330135,0.0,32,32
3,SingleTrain_WithBaseValsalva,1,DBP,train,1,postExerciseHgcp,745,746,746,2,6,subject1_day1_setup02_hgcp,87.7951200909157,87.631995330135,-0.16312476078070404,32,32
3,SingleTrain_WithBaseValsalva,1,DBP,train,1,postExerciseHgcp,746,747,747,2,6,subject1_day1_setup02_hgcp,87.6846211256279,87.5018785376623,-0.18274258796560616,32,32
3,SingleTrain_WithBaseValsalva,1,DBP,train,1,postExerciseHgcp,747,748,748,2,6,subject1_day1_setup02_hgcp,87.5619591661412,87.444017775163,-0.11794139097818856,32,32
3,SingleTrain_WithBaseValsalva,1,DBP,train,1,postExerciseHgcp,748,749,749,2,6,subject1_day1_setup02_hgcp,87.5018785376623,87.4517253214151,-0.05015321624719604,32,32
3,SingleTrain_WithBaseValsalva,1,DBP,train,1,postExerciseHgcp,749,750,750,2,6,subject1_day1_setup02_hgcp,87.4517253214151,87.3280620505398,-0.12366327087529783,32,32
3,SingleTrain_WithBaseValsalva,1,DBP,train,1,postExerciseHgcp,750,751,751,2,6,subject1_day1_setup02_hgcp,87.393207753636,87.3025119829968,-0.09069577063920065,32,32
3,SingleTrain_WithBaseValsalva,1,DBP,train,1,postExerciseHgcp,751,752,752,2,6,subject1_day1_setup02_hgcp,87.3025119829968,87.3025119829968,0.0,32,32
3,SingleTrain_WithBaseValsalva,1,DBP,train,1,postExerciseHgcp,752,753,753,2,6,subject1_day1_setup02_hgcp,87.3280620505398,87.3025119829968,-0.02555006754299427,32,32
3,SingleTrain_WithBaseValsalva,1,DBP,train,1,postExerciseHgcp,753,754,754,2,6,subject1_day1_setup02_hgcp,87.121229928879,87.121229928879,0.0,32,32
3,SingleTrain_WithBaseValsalva,1,DBP,train,1,postExerciseHgcp,754,755,755,2,6,subject1_day1_setup02_hgcp,86.8917120076045,86.8917120076045,0.0,32,32
3,SingleTrain_WithBaseValsalva,1,DBP,train,1,postExerciseHgcp,755,756,756,2,6,subject1_day1_setup02_hgcp,86.7273591130551,86.7273591130551,0.0,32,32
3,SingleTrain_WithBaseValsalva,1,DBP,train,1,postExerciseHgcp,756,757,757,2,6,subject1_day1_setup02_hgcp,86.4897666258919,86.4897666258919,0.0,32,32
3,SingleTrain_WithBaseValsalva,1,DBP,train,1,postExerciseHgcp,757,758,758,2,6,subject1_day1_setup02_hgcp,86.0860241076823,86.0860241076823,0.0,32,32
3,SingleTrain_WithBaseValsalva,1,DBP,train,1,postExerciseHgcp,758,759,759,2,6,subject1_day1_setup02_hgcp,85.7917938107987,85.7917938107987,0.0,32,32
3,SingleTrain_WithBaseValsalva,1,DBP,train,1,postExerciseHgcp,759,760,760,2,6,subject1_day1_setup02_hgcp,85.5752248066476,85.5752248066476,0.0,32,32
3,SingleTrain_WithBaseValsalva,1,DBP,train,1,postExerciseHgcp,760,761,761,2,6,subject1_day1_setup02_hgcp,85.2013004142522,85.2013004142522,0.0,32,32
3,SingleTrain_WithBaseValsalva,1,DBP,train,1,postExerciseHgcp,761,762,762,2,6,subject1_day1_setup02_hgcp,84.8853691298347,84.8853691298347,0.0,32,32
3,SingleTrain_WithBaseValsalva,1,DBP,train,1,postExerciseHgcp,762,763,763,2,6,subject1_day1_setup02_hgcp,84.556824228269,84.556824228269,0.0,32,32
3,SingleTrain_WithBaseValsalva,1,DBP,train,1,postExerciseHgcp,763,764,764,2,6,subject1_day1_setup02_hgcp,84.3146184102948,84.3146184102948,0.0,32,32
3,SingleTrain_WithBaseValsalva,1,DBP,train,1,postExerciseHgcp,764,765,765,2,6,subject1_day1_setup02_hgcp,84.0311801537912,84.0311801537912,0.0,32,32
3,SingleTrain_WithBaseValsalva,1,DBP,train,1,postExerciseHgcp,765,766,766,2,6,subject1_day1_setup02_hgcp,83.8081789050299,83.9639438870177,0.15576498198780087,32,32
3,SingleTrain_WithBaseValsalva,1,DBP,train,1,postExerciseHgcp,766,767,767,2,6,subject1_day1_setup02_hgcp,83.8189539715895,83.9639438870177,0.14498991542821216,32,32
3,SingleTrain_WithBaseValsalva,1,DBP,train,1,postExerciseHgcp,767,768,768,2,6,subject1_day1_setup02_hgcp,83.9639438870177,83.9639438870177,0.0,32,32
3,SingleTrain_WithBaseValsalva,1,DBP,train,1,postExerciseHgcp,768,769,769,2,6,subject1_day1_setup02_hgcp,84.0631688997665,84.2272773215355,0.16410842176900076,32,32
3,SingleTrain_WithBaseValsalva,1,DBP,train,1,postExerciseHgcp,769,770,770,2,6,subject1_day1_setup02_hgcp,84.2272773215355,84.2272773215355,0.0,32,32
3,SingleTrain_WithBaseValsalva,1,DBP,train,1,postExerciseHgcp,770,771,771,2,6,subject1_day1_setup02_hgcp,84.4548650525074,84.4988325969912,0.04396754448380591,32,32
3,SingleTrain_WithBaseValsalva,1,DBP,train,1,postExerciseHgcp,771,772,772,2,6,subject1_day1_setup02_hgcp,84.5004447838766,84.5004447838766,0.0,32,32
3,SingleTrain_WithBaseValsalva,1,DBP,train,1,postExerciseHgcp,772,773,773,2,6,subject1_day1_setup02_hgcp,84.4704963440898,84.5004447838766,0.029948439786807057,32,32
3,SingleTrain_WithBaseValsalva,1,DBP,train,1,postExerciseHgcp,773,774,774,2,6,subject1_day1_setup02_hgcp,84.5903106014405,84.5903106014405,0.0,32,32
3,SingleTrain_WithBaseValsalva,1,DBP,train,1,postExerciseHgcp,774,775,775,2,6,subject1_day1_setup02_hgcp,84.8187735577471,84.8187735577471,0.0,32,32
3,SingleTrain_WithBaseValsalva,1,DBP,train,1,postExerciseHgcp,775,776,776,2,6,subject1_day1_setup02_hgcp,85.023090455021,85.023090455021,0.0,32,32
3,SingleTrain_WithBaseValsalva,1,DBP,train,1,postExerciseHgcp,776,777,777,2,6,subject1_day1_setup02_hgcp,85.2657153375846,85.2657153375846,0.0,32,32
3,SingleTrain_WithBaseValsalva,1,DBP,train,1,postExerciseHgcp,777,778,778,2,6,subject1_day1_setup02_hgcp,85.7254824802694,85.7254824802694,0.0,32,32
3,SingleTrain_WithBaseValsalva,1,DBP,train,1,postExerciseHgcp,778,779,779,2,6,subject1_day1_setup02_hgcp,85.8627736875971,85.8627736875971,0.0,32,32
3,SingleTrain_WithBaseValsalva,1,DBP,train,1,postExerciseHgcp,779,780,780,2,6,subject1_day1_setup02_hgcp,86.0192030790112,86.0192030790112,0.0,32,32
3,SingleTrain_WithBaseValsalva,1,DBP,train,1,postExerciseHgcp,780,781,781,2,6,subject1_day1_setup02_hgcp,86.1539536556156,86.1539536556156,0.0,32,32
3,SingleTrain_WithBaseValsalva,1,DBP,train,1,postExerciseHgcp,781,782,782,2,6,subject1_day1_setup02_hgcp,86.3285078984313,86.3285078984313,0.0,32,32
3,SingleTrain_WithBaseValsalva,1,DBP,train,1,postExerciseHgcp,782,783,783,2,6,subject1_day1_setup02_hgcp,86.5885800542098,86.5885800542098,0.0,32,32
3,SingleTrain_WithBaseValsalva,1,DBP,train,1,postExerciseHgcp,783,784,784,2,6,subject1_day1_setup02_hgcp,86.7762158873702,86.7762158873702,0.0,32,32
3,SingleTrain_WithBaseValsalva,1,DBP,train,1,postExerciseHgcp,784,785,785,2,6,subject1_day1_setup02_hgcp,87.0564295045341,87.0564295045341,0.0,32,32
3,SingleTrain_WithBaseValsalva,1,DBP,train,1,postExerciseHgcp,785,786,786,2,6,subject1_day1_setup02_hgcp,87.3148555954103,87.3148555954103,0.0,32,32
3,SingleTrain_WithBaseValsalva,1,DBP,train,1,postExerciseHgcp,786,787,787,2,6,subject1_day1_setup02_hgcp,87.4233993419567,87.4233993419567,0.0,32,32
3,SingleTrain_WithBaseValsalva,1,DBP,train,1,postExerciseHgcp,787,788,788,2,7,subject1_day1_setup02_hgcp,91.0637419916779,91.0637419916779,0.0,32,32
3,SingleTrain_WithBaseValsalva,1,DBP,train,1,postExerciseHgcp,788,789,789,2,7,subject1_day1_setup02_hgcp,90.7164081380155,90.7164081380155,0.0,32,32
3,SingleTrain_WithBaseValsalva,1,DBP,train,1,postExerciseHgcp,789,790,790,2,7,subject1_day1_setup02_hgcp,90.2138235319409,90.2138235319409,0.0,32,32
3,SingleTrain_WithBaseValsalva,1,DBP,train,1,postExerciseHgcp,790,791,791,2,7,subject1_day1_setup02_hgcp,89.696921129665,89.696921129665,0.0,32,32
3,SingleTrain_WithBaseValsalva,1,DBP,train,1,postExerciseHgcp,791,792,792,2,7,subject1_day1_setup02_hgcp,89.2282124100019,89.2282124100019,0.0,32,32
3,SingleTrain_WithBaseValsalva,1,DBP,train,1,postExerciseHgcp,792,793,793,2,7,subject1_day1_setup02_hgcp,88.6736180445088,88.6736180445088,0.0,32,32
3,SingleTrain_WithBaseValsalva,1,DBP,train,1,postExerciseHgcp,793,794,794,2,7,subject1_day1_setup02_hgcp,88.1242259353437,88.1242259353437,0.0,32,32
3,SingleTrain_WithBaseValsalva,1,DBP,train,1,postExerciseHgcp,794,795,795,2,7,subject1_day1_setup02_hgcp,87.6571395416973,87.6571395416973,0.0,32,32
3,SingleTrain_WithBaseValsalva,1,DBP,train,1,postExerciseHgcp,795,796,796,2,7,subject1_day1_setup02_hgcp,87.3404071653146,87.3404071653146,0.0,32,32
3,SingleTrain_WithBaseValsalva,1,DBP,train,1,postExerciseHgcp,796,797,797,2,7,subject1_day1_setup02_hgcp,86.987780088442,86.987780088442,0.0,32,32
3,SingleTrain_WithBaseValsalva,1,DBP,train,1,postExerciseHgcp,797,798,798,2,7,subject1_day1_setup02_hgcp,86.6571645126801,86.6571645126801,0.0,32,32
3,SingleTrain_WithBaseValsalva,1,DBP,train,1,postExerciseHgcp,798,799,799,2,7,subject1_day1_setup02_hgcp,86.2380090041445,86.2380090041445,0.0,32,32
3,SingleTrain_WithBaseValsalva,1,DBP,train,1,postExerciseHgcp,799,800,800,2,7,subject1_day1_setup02_hgcp,85.8941580218871,85.8941580218871,0.0,32,32
3,SingleTrain_WithBaseValsalva,1,DBP,train,1,postExerciseHgcp,800,801,801,2,7,subject1_day1_setup02_hgcp,85.363692689267,85.363692689267,0.0,32,32
3,SingleTrain_WithBaseValsalva,1,DBP,train,1,postExerciseHgcp,801,802,802,2,7,subject1_day1_setup02_hgcp,84.6212821699822,84.6212821699822,0.0,32,32
3,SingleTrain_WithBaseValsalva,1,DBP,train,1,postExerciseHgcp,802,803,803,2,7,subject1_day1_setup02_hgcp,84.0622877412551,84.0622877412551,0.0,32,32
3,SingleTrain_WithBaseValsalva,1,DBP,train,1,postExerciseHgcp,803,804,804,2,7,subject1_day1_setup02_hgcp,83.84386408043,83.84386408043,0.0,32,32
3,SingleTrain_WithBaseValsalva,1,DBP,train,1,postExerciseHgcp,804,805,805,2,7,subject1_day1_setup02_hgcp,83.3768873964555,83.3768873964555,0.0,32,32
3,SingleTrain_WithBaseValsalva,1,DBP,train,1,postExerciseHgcp,805,806,806,2,7,subject1_day1_setup02_hgcp,82.9176463435557,82.9176463435557,0.0,32,32
3,SingleTrain_WithBaseValsalva,1,DBP,train,1,postExerciseHgcp,806,807,807,2,7,subject1_day1_setup02_hgcp,82.8058326703704,82.8058326703704,0.0,32,32
3,SingleTrain_WithBaseValsalva,1,DBP,train,1,postExerciseHgcp,807,808,808,2,7,subject1_day1_setup02_hgcp,82.686212241573,82.686212241573,0.0,32,32
3,SingleTrain_WithBaseValsalva,1,DBP,train,1,postExerciseHgcp,808,809,809,2,7,subject1_day1_setup02_hgcp,82.5212006863481,82.7756510793326,0.2544503929845092,32,32
3,SingleTrain_WithBaseValsalva,1,DBP,train,1,postExerciseHgcp,809,810,810,2,7,subject1_day1_setup02_hgcp,82.6136529904522,82.9176463435557,0.3039933531035075,32,32
3,SingleTrain_WithBaseValsalva,1,DBP,train,1,postExerciseHgcp,810,811,811,2,7,subject1_day1_setup02_hgcp,82.7756510793326,82.7756510793326,0.0,32,32
3,SingleTrain_WithBaseValsalva,1,DBP,train,1,postExerciseHgcp,811,812,812,2,7,subject1_day1_setup02_hgcp,82.8923490678955,82.9176463435557,0.025297275660207674,32,32
3,SingleTrain_WithBaseValsalva,1,DBP,train,1,postExerciseHgcp,812,813,813,2,7,subject1_day1_setup02_hgcp,83.0977674319068,83.0977674319068,0.0,32,32
3,SingleTrain_WithBaseValsalva,1,DBP,train,1,postExerciseHgcp,813,814,814,2,7,subject1_day1_setup02_hgcp,83.4832957865527,83.4832957865527,0.0,32,32
3,SingleTrain_WithBaseValsalva,1,DBP,train,1,postExerciseHgcp,814,815,815,2,7,subject1_day1_setup02_hgcp,83.7801344729342,83.7801344729342,0.0,32,32
3,SingleTrain_WithBaseValsalva,1,DBP,train,1,postExerciseHgcp,815,816,816,2,7,subject1_day1_setup02_hgcp,83.9890859216839,83.9890859216839,0.0,32,32
3,SingleTrain_WithBaseValsalva,1,DBP,train,1,postExerciseHgcp,816,817,817,2,7,subject1_day1_setup02_hgcp,84.4198903896967,84.4198903896967,0.0,32,32
3,SingleTrain_WithBaseValsalva,1,DBP,train,1,postExerciseHgcp,817,818,818,2,7,subject1_day1_setup02_hgcp,84.7801899397084,84.4198903896967,-0.360299550011689,32,32
3,SingleTrain_WithBaseValsalva,1,DBP,train,1,postExerciseHgcp,818,819,819,2,7,subject1_day1_setup02_hgcp,85.0555861285955,85.0555861285955,0.0,32,32
3,SingleTrain_WithBaseValsalva,1,DBP,train,1,postExerciseHgcp,819,820,820,2,7,subject1_day1_setup02_hgcp,85.317593484065,85.317593484065,0.0,32,32
3,SingleTrain_WithBaseValsalva,1,DBP,train,1,postExerciseHgcp,820,821,821,2,7,subject1_day1_setup02_hgcp,85.5281384509399,85.5281384509399,0.0,32,32
3,SingleTrain_WithBaseValsalva,1,DBP,train,1,postExerciseHgcp,821,822,822,2,7,subject1_day1_setup02_hgcp,85.7336510780169,85.7336510780169,0.0,32,32
3,SingleTrain_WithBaseValsalva,1,DBP,train,1,postExerciseHgcp,822,823,823,2,7,subject1_day1_setup02_hgcp,85.8631838303557,85.8631838303557,0.0,32,32
3,SingleTrain_WithBaseValsalva,1,DBP,train,1,postExerciseHgcp,823,824,824,2,7,subject1_day1_setup02_hgcp,86.0720855878962,86.0720855878962,0.0,32,32
3,SingleTrain_WithBaseValsalva,1,DBP,train,1,postExerciseHgcp,824,825,825,2,7,subject1_day1_setup02_hgcp,86.2303107548315,86.2303107548315,0.0,32,32
3,SingleTrain_WithBaseValsalva,1,DBP,train,1,postExerciseHgcp,825,826,826,2,7,subject1_day1_setup02_hgcp,86.474263710971,86.474263710971,0.0,32,32
3,SingleTrain_WithBaseValsalva,1,DBP,train,1,postExerciseHgcp,826,827,827,2,7,subject1_day1_setup02_hgcp,86.7062606009826,86.7062606009826,0.0,32,32
3,SingleTrain_WithBaseValsalva,1,DBP,train,1,postExerciseHgcp,827,828,828,2,7,subject1_day1_setup02_hgcp,87.0039102952048,87.0039102952048,0.0,32,32
3,SingleTrain_WithBaseValsalva,1,DBP,train,1,postExerciseHgcp,828,829,829,2,7,subject1_day1_setup02_hgcp,87.1360605980927,87.0558298038891,-0.08023079420360091,32,32
3,SingleTrain_WithBaseValsalva,1,DBP,train,1,postExerciseHgcp,829,830,830,2,7,subject1_day1_setup02_hgcp,87.0812020996612,87.0558298038891,-0.025372295772100983,32,32
3,SingleTrain_WithBaseValsalva,1,DBP,train,1,postExerciseHgcp,830,831,831,2,7,subject1_day1_setup02_hgcp,87.0558298038891,87.0039102952048,-0.05191950868429274,32,32
3,SingleTrain_WithBaseValsalva,1,DBP,train,1,postExerciseHgcp,831,832,832,2,7,subject1_day1_setup02_hgcp,86.8891824964162,86.7394724616615,-0.14971003475469047,32,32
3,SingleTrain_WithBaseValsalva,1,DBP,train,1,postExerciseHgcp,832,833,833,2,7,subject1_day1_setup02_hgcp,86.6355043295972,86.6355043295972,0.0,32,32
3,SingleTrain_WithBaseValsalva,1,DBP,train,1,postExerciseHgcp,833,834,834,2,7,subject1_day1_setup02_hgcp,86.268857217553,86.268857217553,0.0,32,32
3,SingleTrain_WithBaseValsalva,1,DBP,train,1,postExerciseHgcp,834,835,835,2,7,subject1_day1_setup02_hgcp,85.9918653958959,85.9918653958959,0.0,32,32
3,SingleTrain_WithBaseValsalva,1,DBP,train,1,postExerciseHgcp,835,836,836,2,7,subject1_day1_setup02_hgcp,85.592244079407,85.592244079407,0.0,32,32
3,SingleTrain_WithBaseValsalva,1,DBP,train,1,postExerciseHgcp,836,837,837,2,7,subject1_day1_setup02_hgcp,84.9679780003418,85.0501603650647,0.08218236472289675,32,32
3,SingleTrain_WithBaseValsalva,1,DBP,train,1,postExerciseHgcp,837,838,838,2,7,subject1_day1_setup02_hgcp,84.4274680458542,84.8224181210453,0.3949500751911046,32,32
3,SingleTrain_WithBaseValsalva,1,DBP,train,1,postExerciseHgcp,838,839,839,2,7,subject1_day1_setup02_hgcp,85.0501603650647,84.9372982497314,-0.11286211533330004,32,32
3,SingleTrain_WithBaseValsalva,1,DBP,train,1,postExerciseHgcp,839,840,840,2,7,subject1_day1_setup02_hgcp,84.8224181210453,84.8224181210453,0.0,32,32
3,SingleTrain_WithBaseValsalva,1,DBP,train,1,postExerciseHgcp,840,841,841,2,7,subject1_day1_setup02_hgcp,84.7118721659026,84.8224181210453,0.1105459551426975,32,32
3,SingleTrain_WithBaseValsalva,1,DBP,train,1,postExerciseHgcp,841,842,842,2,7,subject1_day1_setup02_hgcp,84.770141303891,84.770141303891,0.0,32,32
3,SingleTrain_WithBaseValsalva,1,DBP,train,1,postExerciseHgcp,842,843,843,2,7,subject1_day1_setup02_hgcp,84.5876680865002,84.5876680865002,0.0,32,32
3,SingleTrain_WithBaseValsalva,1,DBP,train,1,postExerciseHgcp,843,844,844,2,7,subject1_day1_setup02_hgcp,84.2852878210627,84.3693903278839,0.08410250682121045,32,32
3,SingleTrain_WithBaseValsalva,1,DBP,train,1,postExerciseHgcp,844,845,845,2,7,subject1_day1_setup02_hgcp,84.2260830264499,84.2260830264499,0.0,32,32
3,SingleTrain_WithBaseValsalva,1,DBP,train,1,postExerciseHgcp,845,846,846,2,7,subject1_day1_setup02_hgcp,84.1559925316365,84.1559925316365,0.0,32,32
3,SingleTrain_WithBaseValsalva,1,DBP,train,1,postExerciseHgcp,846,847,847,2,7,subject1_day1_setup02_hgcp,83.9407676631211,83.9407676631211,0.0,32,32
3,SingleTrain_WithBaseValsalva,1,DBP,train,1,postExerciseHgcp,847,848,848,2,7,subject1_day1_setup02_hgcp,83.8124334613017,84.1559925316365,0.3435590703348055,32,32
3,SingleTrain_WithBaseValsalva,1,DBP,train,1,postExerciseHgcp,848,849,849,2,7,subject1_day1_setup02_hgcp,83.9968601500364,84.0463998905843,0.04953974054789967,32,32
3,SingleTrain_WithBaseValsalva,1,DBP,train,1,postExerciseHgcp,849,850,850,2,7,subject1_day1_setup02_hgcp,84.163503545437,84.2260830264499,0.06257948101290367,32,32
3,SingleTrain_WithBaseValsalva,1,DBP,train,1,postExerciseHgcp,850,851,851,2,7,subject1_day1_setup02_hgcp,84.2476478555276,84.4771206468124,0.2294727912847918,32,32
3,SingleTrain_WithBaseValsalva,1,DBP,train,1,postExerciseHgcp,851,852,852,2,7,subject1_day1_setup02_hgcp,84.3553007481219,84.6706231780603,0.31532242993839077,32,32
3,SingleTrain_WithBaseValsalva,1,DBP,train,1,postExerciseHgcp,852,853,853,2,7,subject1_day1_setup02_hgcp,84.6706231780603,84.7262230097344,0.0555998316741011,32,32
3,SingleTrain_WithBaseValsalva,1,DBP,train,1,postExerciseHgcp,853,854,854,2,7,subject1_day1_setup02_hgcp,84.7262230097344,84.7262230097344,0.0,32,32
3,SingleTrain_WithBaseValsalva,1,DBP,train,1,postExerciseHgcp,854,855,855,2,7,subject1_day1_setup02_hgcp,84.7740701727563,84.7740701727563,0.0,32,32
3,SingleTrain_WithBaseValsalva,1,DBP,train,1,postExerciseHgcp,855,856,856,2,7,subject1_day1_setup02_hgcp,85.0192927370683,85.0192927370683,0.0,32,32
3,SingleTrain_WithBaseValsalva,1,DBP,train,1,postExerciseHgcp,856,857,857,2,7,subject1_day1_setup02_hgcp,85.2904127177424,85.2904127177424,0.0,32,32
3,SingleTrain_WithBaseValsalva,1,DBP,train,1,postExerciseHgcp,857,858,858,2,7,subject1_day1_setup02_hgcp,85.5414087665232,85.2904127177424,-0.25099604878080584,32,32
3,SingleTrain_WithBaseValsalva,1,DBP,train,1,postExerciseHgcp,858,859,859,2,7,subject1_day1_setup02_hgcp,84.5985650499221,84.6825390397609,0.08397398983879611,32,32
3,SingleTrain_WithBaseValsalva,1,DBP,train,1,postExerciseHgcp,859,860,860,2,7,subject1_day1_setup02_hgcp,84.5700600612351,84.5985650499221,0.02850498868700413,32,32
3,SingleTrain_WithBaseValsalva,1,DBP,train,1,postExerciseHgcp,860,861,861,2,7,subject1_day1_setup02_hgcp,84.5501877917845,84.5902324869962,0.04004469521170506,32,32
3,SingleTrain_WithBaseValsalva,1,DBP,train,1,postExerciseHgcp,861,862,862,2,7,subject1_day1_setup02_hgcp,84.4816916466435,84.5902324869962,0.10854084035270262,32,32
3,SingleTrain_WithBaseValsalva,1,DBP,train,1,postExerciseHgcp,862,863,863,2,7,subject1_day1_setup02_hgcp,84.5902324869962,84.5902324869962,0.0,32,32
3,SingleTrain_WithBaseValsalva,1,DBP,train,1,postExerciseHgcp,863,864,864,2,7,subject1_day1_setup02_hgcp,84.9412784541085,84.8740892363562,-0.06718921775230058,32,32
3,SingleTrain_WithBaseValsalva,1,DBP,train,1,postExerciseHgcp,864,865,865,2,7,subject1_day1_setup02_hgcp,85.0439513235054,84.8424289735036,-0.2015223500017953,32,32
3,SingleTrain_WithBaseValsalva,1,DBP,train,1,postExerciseHgcp,865,866,866,2,7,subject1_day1_setup02_hgcp,84.8740892363562,84.7801899397084,-0.09389929664780539,32,32
3,SingleTrain_WithBaseValsalva,1,DBP,train,1,postExerciseHgcp,866,867,867,2,7,subject1_day1_setup02_hgcp,84.6825390397609,84.5514249219415,-0.13111411781939353,32,32
3,SingleTrain_WithBaseValsalva,1,DBP,train,1,postExerciseHgcp,867,868,868,2,7,subject1_day1_setup02_hgcp,84.4771206468124,84.4771206468124,0.0,32,32
3,SingleTrain_WithBaseValsalva,1,DBP,train,1,postExerciseHgcp,868,869,869,2,7,subject1_day1_setup02_hgcp,83.9513274421765,83.9513274421765,0.0,32,32
3,SingleTrain_WithBaseValsalva,1,DBP,train,1,postExerciseHgcp,869,870,870,2,7,subject1_day1_setup02_hgcp,83.4961091827767,83.5101180442405,0.01400886146379321,32,32
3,SingleTrain_WithBaseValsalva,1,DBP,train,1,postExerciseHgcp,870,871,871,2,7,subject1_day1_setup02_hgcp,83.3083957376136,83.4961091827767,0.18771344516311217,32,32
3,SingleTrain_WithBaseValsalva,1,DBP,train,1,postExerciseHgcp,871,872,872,2,7,subject1_day1_setup02_hgcp,83.4230593219112,83.4961091827767,0.07304986086550969,32,32
3,SingleTrain_WithBaseValsalva,1,DBP,train,1,postExerciseHgcp,872,873,873,2,7,subject1_day1_setup02_hgcp,83.5101180442405,83.5101180442405,0.0,32,32
3,SingleTrain_WithBaseValsalva,1,DBP,train,1,postExerciseHgcp,873,874,874,2,7,subject1_day1_setup02_hgcp,83.7731399967598,83.7731399967598,0.0,32,32
3,SingleTrain_WithBaseValsalva,1,DBP,train,1,postExerciseHgcp,874,875,875,2,7,subject1_day1_setup02_hgcp,84.1324832121121,84.1324832121121,0.0,32,32
3,SingleTrain_WithBaseValsalva,1,DBP,train,1,postExerciseHgcp,875,876,876,2,7,subject1_day1_setup02_hgcp,84.3470937410203,84.1324832121121,-0.21461052890819587,32,32
3,SingleTrain_WithBaseValsalva,1,DBP,train,1,postExerciseHgcp,876,877,877,2,7,subject1_day1_setup02_hgcp,84.3693903278839,84.1324832121121,-0.23690711577179968,32,32
3,SingleTrain_WithBaseValsalva,1,DBP,train,1,postExerciseHgcp,877,878,878,2,7,subject1_day1_setup02_hgcp,84.4622624612927,84.4622624612927,0.0,32,32
3,SingleTrain_WithBaseValsalva,1,DBP,train,1,postExerciseHgcp,878,879,879,2,7,subject1_day1_setup02_hgcp,84.6759000680489,84.5304591364891,-0.1454409315598042,32,32
3,SingleTrain_WithBaseValsalva,1,DBP,train,1,postExerciseHgcp,879,880,880,2,7,subject1_day1_setup02_hgcp,84.6312423976196,84.5501877917845,-0.08105460583510649,32,32
3,SingleTrain_WithBaseValsalva,1,DBP,train,1,postExerciseHgcp,880,881,881,2,7,subject1_day1_setup02_hgcp,84.5304591364891,84.5237457510967,-0.00671338539240196,32,32
3,SingleTrain_WithBaseValsalva,1,DBP,train,1,postExerciseHgcp,881,882,882,2,7,subject1_day1_setup02_hgcp,84.5237457510967,84.4771206468124,-0.046625104284302665,32,32
3,SingleTrain_WithBaseValsalva,1,DBP,train,1,postExerciseHgcp,882,883,883,2,7,subject1_day1_setup02_hgcp,84.4018360766948,84.4018360766948,0.0,32,32
3,SingleTrain_WithBaseValsalva,1,DBP,train,1,postExerciseHgcp,883,884,884,2,7,subject1_day1_setup02_hgcp,84.1411558744893,84.2260830264499,0.08492715196059919,32,32
3,SingleTrain_WithBaseValsalva,1,DBP,train,1,postExerciseHgcp,884,885,885,2,7,subject1_day1_setup02_hgcp,83.9733523619407,84.1884861073505,0.21513374540980124,32,32
3,SingleTrain_WithBaseValsalva,1,DBP,train,1,postExerciseHgcp,885,886,886,2,7,subject1_day1_setup02_hgcp,84.1884861073505,84.4018360766948,0.21334996934430706,32,32
3,SingleTrain_WithBaseValsalva,1,DBP,train,1,postExerciseHgcp,886,887,887,2,7,subject1_day1_setup02_hgcp,84.4108140684041,84.4108140684041,0.0,32,32
3,SingleTrain_WithBaseValsalva,1,DBP,train,1,postExerciseHgcp,887,888,888,2,7,subject1_day1_setup02_hgcp,84.526798939105,84.526798939105,0.0,32,32
3,SingleTrain_WithBaseValsalva,1,DBP,train,1,postExerciseHgcp,888,889,889,2,7,subject1_day1_setup02_hgcp,84.8424289735036,84.8424289735036,0.0,32,32
3,SingleTrain_WithBaseValsalva,1,DBP,train,1,postExerciseHgcp,889,890,890,2,7,subject1_day1_setup02_hgcp,85.1941379906382,85.1941379906382,0.0,32,32
3,SingleTrain_WithBaseValsalva,1,DBP,train,1,postExerciseHgcp,890,891,891,2,7,subject1_day1_setup02_hgcp,85.2776482700514,85.1941379906382,-0.0835102794132041,32,32
3,SingleTrain_WithBaseValsalva,1,DBP,train,1,postExerciseHgcp,891,892,892,2,7,subject1_day1_setup02_hgcp,85.1943958675126,85.1941379906382,-0.0002578768744001536,32,32
3,SingleTrain_WithBaseValsalva,1,DBP,train,1,postExerciseHgcp,892,893,893,2,7,subject1_day1_setup02_hgcp,85.1297421250229,85.1297421250229,0.0,32,32
3,SingleTrain_WithBaseValsalva,1,DBP,train,1,postExerciseHgcp,893,894,894,2,7,subject1_day1_setup02_hgcp,85.0822642275531,85.0822642275531,0.0,32,32
3,SingleTrain_WithBaseValsalva,1,DBP,train,1,postExerciseHgcp,894,895,895,2,7,subject1_day1_setup02_hgcp,84.8077708691917,84.8077708691917,0.0,32,32
3,SingleTrain_WithBaseValsalva,1,DBP,train,1,postExerciseHgcp,895,896,896,2,7,subject1_day1_setup02_hgcp,84.5353263086406,84.6351018072827,0.09977549864208868,32,32
3,SingleTrain_WithBaseValsalva,1,DBP,train,1,postExerciseHgcp,896,897,897,2,7,subject1_day1_setup02_hgcp,84.6351018072827,84.6351018072827,0.0,32,32
3,SingleTrain_WithBaseValsalva,1,DBP,train,1,postExerciseHgcp,897,898,898,2,7,subject1_day1_setup02_hgcp,84.6899061228274,84.6899061228274,0.0,32,32
3,SingleTrain_WithBaseValsalva,1,DBP,train,1,postExerciseHgcp,898,899,899,2,7,subject1_day1_setup02_hgcp,84.685668724169,84.6899061228274,0.0042373986583896794,32,32
3,SingleTrain_WithBaseValsalva,1,DBP,train,1,postExerciseHgcp,899,900,900,2,7,subject1_day1_setup02_hgcp,84.8195366212411,84.9372982497314,0.11776162849029959,32,32
3,SingleTrain_WithBaseValsalva,1,DBP,train,1,postExerciseHgcp,900,901,901,2,7,subject1_day1_setup02_hgcp,84.9710272261946,84.9372982497314,-0.033728976463194726,32,32
3,SingleTrain_WithBaseValsalva,1,DBP,train,1,postExerciseHgcp,901,902,902,2,7,subject1_day1_setup02_hgcp,84.9372982497314,84.9372982497314,0.0,32,32
3,SingleTrain_WithBaseValsalva,1,DBP,train,1,postExerciseHgcp,1086,1087,1087,3,9,subject1_day1_setup03_hgcp,108.7823596155,108.7823596155,0.0,32,32
3,SingleTrain_WithBaseValsalva,1,DBP,train,1,postExerciseHgcp,1087,1088,1088,3,9,subject1_day1_setup03_hgcp,108.58812902411,108.58812902411,0.0,32,32
3,SingleTrain_WithBaseValsalva,1,DBP,train,1,postExerciseHgcp,1088,1089,1089,3,9,subject1_day1_setup03_hgcp,108.450085928784,108.450085928784,0.0,32,32
3,SingleTrain_WithBaseValsalva,1,DBP,train,1,postExerciseHgcp,1089,1090,1090,3,9,subject1_day1_setup03_hgcp,108.26321203226,108.26321203226,0.0,32,32
3,SingleTrain_WithBaseValsalva,1,DBP,train,1,postExerciseHgcp,1090,1091,1091,3,9,subject1_day1_setup03_hgcp,108.178099493838,108.178099493838,0.0,32,32
3,SingleTrain_WithBaseValsalva,1,DBP,train,1,postExerciseHgcp,1091,1092,1092,3,9,subject1_day1_setup03_hgcp,108.13867620891,108.178099493838,0.03942328492800584,32,32
3,SingleTrain_WithBaseValsalva,1,DBP,train,1,postExerciseHgcp,1092,1093,1093,3,9,subject1_day1_setup03_hgcp,108.061534470659,108.061534470659,0.0,32,32
3,SingleTrain_WithBaseValsalva,1,DBP,train,1,postExerciseHgcp,1093,1094,1094,3,9,subject1_day1_setup03_hgcp,108.080849311532,108.080849311532,0.0,32,32
3,SingleTrain_WithBaseValsalva,1,DBP,train,1,postExerciseHgcp,1094,1095,1095,3,9,subject1_day1_setup03_hgcp,108.068437878008,108.080849311532,0.012411433524007975,32,32
3,SingleTrain_WithBaseValsalva,1,DBP,train,1,postExerciseHgcp,1095,1096,1096,3,9,subject1_day1_setup03_hgcp,108.217948265693,108.140073531653,-0.07787473403999456,32,32
3,SingleTrain_WithBaseValsalva,1,DBP,train,1,postExerciseHgcp,1096,1097,1097,3,9,subject1_day1_setup03_hgcp,108.140073531653,108.140073531653,0.0,32,32
3,SingleTrain_WithBaseValsalva,1,DBP,train,1,postExerciseHgcp,1097,1098,1098,3,9,subject1_day1_setup03_hgcp,106.149110066427,106.149110066427,0.0,32,32
3,SingleTrain_WithBaseValsalva,1,DBP,train,1,postExerciseHgcp,1098,1099,1099,3,9,subject1_day1_setup03_hgcp,104.131001077053,104.131001077053,0.0,32,32
3,SingleTrain_WithBaseValsalva,1,DBP,train,1,postExerciseHgcp,1209,1210,1210,3,10,subject1_day1_setup03_hgcp,99.4164306691056,99.4164306691056,0.0,32,32
3,SingleTrain_WithBaseValsalva,1,DBP,train,1,postExerciseHgcp,1212,1213,1213,3,10,subject1_day1_setup03_hgcp,98.3727122340886,98.37271223408858,-1.4210854715202004e-14,32,32
3,SingleTrain_WithBaseValsalva,1,DBP,train,1,postExerciseHgcp,1305,1306,1306,3,10,subject1_day1_setup03_hgcp,94.4521565465829,94.4521565465829,0.0,32,32
3,SingleTrain_WithBaseValsalva,1,DBP,train,1,postExerciseHgcp,1306,1307,1307,3,10,subject1_day1_setup03_hgcp,94.3646931695168,94.3646931695168,0.0,32,32
3,SingleTrain_WithBaseValsalva,1,DBP,train,1,postExerciseHgcp,1307,1308,1308,3,10,subject1_day1_setup03_hgcp,94.1731545066965,94.3646931695168,0.19153866282029242,32,32
3,SingleTrain_WithBaseValsalva,1,DBP,train,1,postExerciseHgcp,1308,1309,1309,3,10,subject1_day1_setup03_hgcp,94.1275586254166,94.1731545066965,0.04559588127990821,32,32
3,SingleTrain_WithBaseValsalva,1,DBP,train,1,postExerciseHgcp,1309,1310,1310,3,10,subject1_day1_setup03_hgcp,93.759398375748,93.759398375748,0.0,32,32
3,SingleTrain_WithBaseValsalva,1,DBP,train,1,postExerciseHgcp,1310,1311,1311,3,10,subject1_day1_setup03_hgcp,93.4688840547115,93.4688840547115,0.0,32,32
3,SingleTrain_WithBaseValsalva,1,DBP,train,1,postExerciseHgcp,1311,1312,1312,3,10,subject1_day1_setup03_hgcp,92.9694266119484,92.9694266119484,0.0,32,32
3,SingleTrain_WithBaseValsalva,1,DBP,train,1,postExerciseHgcp,1312,1313,1313,3,10,subject1_day1_setup03_hgcp,92.284762082249,92.284762082249,0.0,32,32
3,SingleTrain_WithBaseValsalva,1,DBP,train,1,postExerciseHgcp,1313,1314,1314,3,10,subject1_day1_setup03_hgcp,92.1605759620171,92.2334236815906,0.07284771957348823,32,32
3,SingleTrain_WithBaseValsalva,1,DBP,train,1,postExerciseHgcp,1314,1315,1315,3,10,subject1_day1_setup03_hgcp,92.1619497839315,92.1619497839315,0.0,32,32
3,SingleTrain_WithBaseValsalva,1,DBP,train,1,postExerciseHgcp,1315,1316,1316,3,10,subject1_day1_setup03_hgcp,92.3190051065872,92.3190051065872,0.0,32,32
3,SingleTrain_WithBaseValsalva,1,DBP,train,1,postExerciseHgcp,1316,1317,1317,3,10,subject1_day1_setup03_hgcp,92.2334236815906,92.2334236815906,0.0,32,32
3,SingleTrain_WithBaseValsalva,1,DBP,train,1,postExerciseHgcp,1317,1318,1318,3,10,subject1_day1_setup03_hgcp,92.2419279597794,92.2419279597794,0.0,32,32
3,SingleTrain_WithBaseValsalva,1,DBP,train,1,postExerciseHgcp,1318,1319,1319,3,10,subject1_day1_setup03_hgcp,92.0394273697513,92.1619497839315,0.12252241418021015,32,32
3,SingleTrain_WithBaseValsalva,1,DBP,train,1,postExerciseHgcp,1363,1364,1364,3,11,subject1_day1_setup03_hgcp,88.0712827741384,88.0712827741384,0.0,32,32
3,SingleTrain_WithBaseValsalva,1,DBP,train,1,postExerciseHgcp,1383,1384,1384,3,11,subject1_day1_setup03_hgcp,89.0228019662368,89.0228019662368,0.0,32,32
3,SingleTrain_WithBaseValsalva,1,DBP,train,1,postExerciseHgcp,1503,1504,1504,3,12,subject1_day1_setup03_hgcp,88.5072533774512,88.5072533774512,0.0,32,32
3,SingleTrain_WithBaseValsalva,1,DBP,train,1,postExerciseHgcp,2229,2230,2230,5,18,subject1_day1_setup05_hgcp,85.7500167775935,85.7500167775935,0.0,32,32
3,SingleTrain_WithBaseValsalva,1,DBP,train,1,postExerciseHgcp,2230,2231,2231,5,18,subject1_day1_setup05_hgcp,85.7344157025926,85.7344157025926,0.0,32,32
3,SingleTrain_WithBaseValsalva,1,DBP,train,1,postExerciseHgcp,2231,2232,2232,5,18,subject1_day1_setup05_hgcp,85.26942186355,85.26942186355,0.0,32,32
3,SingleTrain_WithBaseValsalva,1,DBP,train,1,postExerciseHgcp,2232,2233,2233,5,18,subject1_day1_setup05_hgcp,84.4748846385698,84.4748846385698,0.0,32,32
3,SingleTrain_WithBaseValsalva,1,DBP,train,1,postExerciseHgcp,2233,2234,2234,5,18,subject1_day1_setup05_hgcp,83.8721490341494,83.8721490341494,0.0,32,32
3,SingleTrain_WithBaseValsalva,1,DBP,train,1,postExerciseHgcp,2234,2235,2235,5,18,subject1_day1_setup05_hgcp,83.2431888585511,83.2431888585511,0.0,32,32
3,SingleTrain_WithBaseValsalva,1,DBP,train,1,postExerciseHgcp,2235,2236,2236,5,18,subject1_day1_setup05_hgcp,82.6549735060799,82.6549735060799,0.0,32,32
3,SingleTrain_WithBaseValsalva,1,DBP,train,1,postExerciseHgcp,2236,2237,2237,5,18,subject1_day1_setup05_hgcp,81.9994398448578,81.9994398448578,0.0,32,32
3,SingleTrain_WithBaseValsalva,1,DBP,train,1,postExerciseHgcp,2237,2238,2238,5,18,subject1_day1_setup05_hgcp,81.5179285420413,81.5179285420413,0.0,32,32
3,SingleTrain_WithBaseValsalva,1,DBP,train,1,postExerciseHgcp,2238,2239,2239,5,18,subject1_day1_setup05_hgcp,81.0189742628212,81.0189742628212,0.0,32,32
3,SingleTrain_WithBaseValsalva,1,DBP,train,1,postExerciseHgcp,2239,2240,2240,5,18,subject1_day1_setup05_hgcp,80.595672902609,80.595672902609,0.0,32,32
3,SingleTrain_WithBaseValsalva,1,DBP,train,1,postExerciseHgcp,2240,2241,2241,5,18,subject1_day1_setup05_hgcp,79.812771172389,79.812771172389,0.0,32,32
3,SingleTrain_WithBaseValsalva,1,DBP,train,1,postExerciseHgcp,2241,2242,2242,5,18,subject1_day1_setup05_hgcp,79.1627653147157,79.1627653147157,0.0,32,32
3,SingleTrain_WithBaseValsalva,1,DBP,train,1,postExerciseHgcp,2242,2243,2243,5,18,subject1_day1_setup05_hgcp,78.7328069720675,78.7328069720675,0.0,32,32
3,SingleTrain_WithBaseValsalva,1,DBP,train,1,postExerciseHgcp,2243,2244,2244,5,18,subject1_day1_setup05_hgcp,78.5464370047679,78.5464370047679,0.0,32,32
3,SingleTrain_WithBaseValsalva,1,DBP,train,1,postExerciseHgcp,2244,2245,2245,5,18,subject1_day1_setup05_hgcp,78.1598434996342,78.1598434996342,0.0,32,32
3,SingleTrain_WithBaseValsalva,1,DBP,train,1,postExerciseHgcp,2245,2246,2246,5,18,subject1_day1_setup05_hgcp,77.8115792805081,77.8115792805081,0.0,32,32
3,SingleTrain_WithBaseValsalva,1,DBP,train,1,postExerciseHgcp,2246,2247,2247,5,18,subject1_day1_setup05_hgcp,77.3736156177964,77.3736156177964,0.0,32,32
3,SingleTrain_WithBaseValsalva,1,DBP,train,1,postExerciseHgcp,2247,2248,2248,5,18,subject1_day1_setup05_hgcp,77.0629743308537,77.0629743308537,0.0,32,32
3,SingleTrain_WithBaseValsalva,1,DBP,train,1,postExerciseHgcp,2248,2249,2249,5,18,subject1_day1_setup05_hgcp,76.5953315620181,76.5953315620181,0.0,32,32
3,SingleTrain_WithBaseValsalva,1,DBP,train,1,postExerciseHgcp,2249,2250,2250,5,18,subject1_day1_setup05_hgcp,76.1093724610174,76.1093724610174,0.0,32,32
3,SingleTrain_WithBaseValsalva,1,DBP,train,1,postExerciseHgcp,2250,2251,2251,5,18,subject1_day1_setup05_hgcp,75.5844260952714,75.5844260952714,0.0,32,32
3,SingleTrain_WithBaseValsalva,1,DBP,train,1,postExerciseHgcp,2251,2252,2252,5,18,subject1_day1_setup05_hgcp,75.3404063221386,75.3404063221386,0.0,32,32
3,SingleTrain_WithBaseValsalva,1,DBP,train,1,postExerciseHgcp,2252,2253,2253,5,18,subject1_day1_setup05_hgcp,75.2789694570803,75.2789694570803,0.0,32,32
3,SingleTrain_WithBaseValsalva,1,DBP,train,1,postExerciseHgcp,2253,2254,2254,5,18,subject1_day1_setup05_hgcp,75.2745539446723,75.2745539446723,0.0,32,32
3,SingleTrain_WithBaseValsalva,1,DBP,train,1,postExerciseHgcp,2254,2255,2255,5,18,subject1_day1_setup05_hgcp,75.4221922691694,75.6453389120323,0.22314664286290053,32,32
3,SingleTrain_WithBaseValsalva,1,DBP,train,1,postExerciseHgcp,2255,2256,2256,5,18,subject1_day1_setup05_hgcp,75.6453389120323,75.6453389120323,0.0,32,32
3,SingleTrain_WithBaseValsalva,1,DBP,train,1,postExerciseHgcp,2256,2257,2257,5,18,subject1_day1_setup05_hgcp,75.9904387429532,75.9904387429532,0.0,32,32
3,SingleTrain_WithBaseValsalva,1,DBP,train,1,postExerciseHgcp,2257,2258,2258,5,18,subject1_day1_setup05_hgcp,76.4053016863043,76.4053016863043,0.0,32,32
3,SingleTrain_WithBaseValsalva,1,DBP,train,1,postExerciseHgcp,2258,2259,2259,5,18,subject1_day1_setup05_hgcp,76.9296941765109,76.9296941765109,0.0,32,32
3,SingleTrain_WithBaseValsalva,1,DBP,train,1,postExerciseHgcp,2259,2260,2260,5,18,subject1_day1_setup05_hgcp,77.4180336663198,77.4180336663198,0.0,32,32
3,SingleTrain_WithBaseValsalva,1,DBP,train,1,postExerciseHgcp,2260,2261,2261,5,18,subject1_day1_setup05_hgcp,77.8895913173187,77.8895913173187,0.0,32,32
3,SingleTrain_WithBaseValsalva,1,DBP,train,1,postExerciseHgcp,2261,2262,2262,5,18,subject1_day1_setup05_hgcp,78.228253095771,78.228253095771,0.0,32,32
3,SingleTrain_WithBaseValsalva,1,DBP,train,1,postExerciseHgcp,2262,2263,2263,5,18,subject1_day1_setup05_hgcp,78.5822568811396,78.5822568811396,0.0,32,32
3,SingleTrain_WithBaseValsalva,1,DBP,train,1,postExerciseHgcp,2263,2264,2264,5,18,subject1_day1_setup05_hgcp,78.7966716443982,78.7966716443982,0.0,32,32
3,SingleTrain_WithBaseValsalva,1,DBP,train,1,postExerciseHgcp,2264,2265,2265,5,18,subject1_day1_setup05_hgcp,79.6263965443435,79.6263965443435,0.0,32,32
3,SingleTrain_WithBaseValsalva,1,DBP,train,1,postExerciseHgcp,2265,2266,2266,5,18,subject1_day1_setup05_hgcp,80.379064018763,80.379064018763,0.0,32,32
3,SingleTrain_WithBaseValsalva,1,DBP,train,1,postExerciseHgcp,2266,2267,2267,5,18,subject1_day1_setup05_hgcp,80.9464503529536,80.9464503529536,0.0,32,32
3,SingleTrain_WithBaseValsalva,1,DBP,train,1,postExerciseHgcp,2267,2268,2268,5,18,subject1_day1_setup05_hgcp,81.359075428577,81.359075428577,0.0,32,32
3,SingleTrain_WithBaseValsalva,1,DBP,train,1,postExerciseHgcp,2268,2269,2269,5,18,subject1_day1_setup05_hgcp,81.8831907249814,81.8831907249814,0.0,32,32
3,SingleTrain_WithBaseValsalva,1,DBP,train,1,postExerciseHgcp,2269,2270,2270,5,18,subject1_day1_setup05_hgcp,82.4067633913709,82.4067633913709,0.0,32,32
3,SingleTrain_WithBaseValsalva,1,DBP,train,1,postExerciseHgcp,2270,2271,2271,5,18,subject1_day1_setup05_hgcp,83.0110005874487,83.0110005874487,0.0,32,32
3,SingleTrain_WithBaseValsalva,1,DBP,train,1,postExerciseHgcp,2271,2272,2272,5,18,subject1_day1_setup05_hgcp,83.5759222537715,83.5759222537715,0.0,32,32
3,SingleTrain_WithBaseValsalva,1,DBP,train,1,postExerciseHgcp,2272,2273,2273,5,18,subject1_day1_setup05_hgcp,84.2172700621583,84.2172700621583,0.0,32,32
3,SingleTrain_WithBaseValsalva,1,DBP,train,1,postExerciseHgcp,2273,2274,2274,5,18,subject1_day1_setup05_hgcp,84.8869276493743,84.8869276493743,0.0,32,32
3,SingleTrain_WithBaseValsalva,1,DBP,train,1,postExerciseHgcp,2274,2275,2275,5,18,subject1_day1_setup05_hgcp,85.3889885334125,85.3889885334125,0.0,32,32
3,SingleTrain_WithBaseValsalva,1,DBP,train,1,postExerciseHgcp,2275,2276,2276,5,18,subject1_day1_setup05_hgcp,85.8683323471498,85.8683323471498,0.0,32,32
3,SingleTrain_WithBaseValsalva,1,DBP,train,1,postExerciseHgcp,2276,2277,2277,5,18,subject1_day1_setup05_hgcp,86.4604864448822,86.4604864448822,0.0,32,32
3,SingleTrain_WithBaseValsalva,1,DBP,train,1,postExerciseHgcp,2277,2278,2278,5,18,subject1_day1_setup05_hgcp,86.9366937639127,86.9366937639127,0.0,32,32
3,SingleTrain_WithBaseValsalva,1,DBP,train,1,postExerciseHgcp,2278,2279,2279,5,18,subject1_day1_setup05_hgcp,87.4246089584786,87.4246089584786,0.0,32,32
3,SingleTrain_WithBaseValsalva,1,DBP,train,1,postExerciseHgcp,2279,2280,2280,5,18,subject1_day1_setup05_hgcp,87.8350058693901,87.8350058693901,0.0,32,32
3,SingleTrain_WithBaseValsalva,1,DBP,train,1,postExerciseHgcp,2280,2281,2281,5,18,subject1_day1_setup05_hgcp,88.2135747886826,88.2135747886826,0.0,32,32
3,SingleTrain_WithBaseValsalva,1,DBP,train,1,postExerciseHgcp,2281,2282,2282,5,18,subject1_day1_setup05_hgcp,88.6622942044518,88.6622942044518,0.0,32,32
3,SingleTrain_WithBaseValsalva,1,DBP,train,1,postExerciseHgcp,2282,2283,2283,5,18,subject1_day1_setup05_hgcp,88.8247100741823,88.8247100741823,0.0,32,32
3,SingleTrain_WithBaseValsalva,1,DBP,train,1,postExerciseHgcp,2283,2284,2284,5,18,subject1_day1_setup05_hgcp,89.1297670317745,89.1297670317745,0.0,32,32
3,SingleTrain_WithBaseValsalva,1,DBP,train,1,postExerciseHgcp,2284,2285,2285,5,18,subject1_day1_setup05_hgcp,89.0087050062778,89.0087050062778,0.0,32,32
3,SingleTrain_WithBaseValsalva,1,DBP,train,1,postExerciseHgcp,2285,2286,2286,5,18,subject1_day1_setup05_hgcp,88.9026521502165,88.9026521502165,0.0,32,32
3,SingleTrain_WithBaseValsalva,1,DBP,train,1,postExerciseHgcp,2286,2287,2287,5,18,subject1_day1_setup05_hgcp,89.015269724044,89.015269724044,0.0,32,32
3,SingleTrain_WithBaseValsalva,1,DBP,train,1,postExerciseHgcp,2287,2288,2288,5,18,subject1_day1_setup05_hgcp,89.1186346726614,89.1186346726614,0.0,32,32
3,SingleTrain_WithBaseValsalva,1,DBP,train,1,postExerciseHgcp,2288,2289,2289,5,18,subject1_day1_setup05_hgcp,89.4113295233258,89.4113295233258,0.0,32,32
3,SingleTrain_WithBaseValsalva,1,DBP,train,1,postExerciseHgcp,2289,2290,2290,5,18,subject1_day1_setup05_hgcp,89.8042557247129,89.8042557247129,0.0,32,32
3,SingleTrain_WithBaseValsalva,1,DBP,train,1,postExerciseHgcp,2290,2291,2291,5,18,subject1_day1_setup05_hgcp,90.1686234302394,90.1686234302394,0.0,32,32
3,SingleTrain_WithBaseValsalva,1,DBP,train,1,postExerciseHgcp,2291,2292,2292,5,18,subject1_day1_setup05_hgcp,90.5916513683684,90.5916513683684,0.0,32,32
3,SingleTrain_WithBaseValsalva,1,DBP,train,1,postExerciseHgcp,2292,2293,2293,5,18,subject1_day1_setup05_hgcp,91.0615630854328,91.0615630854328,0.0,32,32
3,SingleTrain_WithBaseValsalva,1,DBP,train,1,postExerciseHgcp,2293,2294,2294,5,18,subject1_day1_setup05_hgcp,91.4145325807975,91.4145325807975,0.0,32,32
3,SingleTrain_WithBaseValsalva,1,DBP,train,1,postExerciseHgcp,2294,2295,2295,5,18,subject1_day1_setup05_hgcp,91.8958572551268,91.8958572551268,0.0,32,32
3,SingleTrain_WithBaseValsalva,1,DBP,train,1,postExerciseHgcp,2295,2296,2296,5,18,subject1_day1_setup05_hgcp,92.2553409765763,92.2553409765763,0.0,32,32
3,SingleTrain_WithBaseValsalva,1,DBP,train,1,postExerciseHgcp,2296,2297,2297,5,18,subject1_day1_setup05_hgcp,92.4554846017742,92.45548460177419,-1.4210854715202004e-14,32,32
3,SingleTrain_WithBaseValsalva,1,DBP,train,1,postExerciseHgcp,2297,2298,2298,5,18,subject1_day1_setup05_hgcp,92.4256001540253,92.4256001540253,0.0,32,32
3,SingleTrain_WithBaseValsalva,1,DBP,train,1,postExerciseHgcp,2298,2299,2299,5,18,subject1_day1_setup05_hgcp,92.0876721014194,92.0876721014194,0.0,32,32
3,SingleTrain_WithBaseValsalva,1,DBP,train,1,postExerciseHgcp,2299,2300,2300,5,18,subject1_day1_setup05_hgcp,91.8514896957796,91.8514896957796,0.0,32,32
3,SingleTrain_WithBaseValsalva,1,DBP,train,1,postExerciseHgcp,2300,2301,2301,5,18,subject1_day1_setup05_hgcp,91.7388043119649,91.7388043119649,0.0,32,32
3,SingleTrain_WithBaseValsalva,1,DBP,train,1,postExerciseHgcp,2301,2302,2302,5,18,subject1_day1_setup05_hgcp,91.5318953398252,91.5318953398252,0.0,32,32
3,SingleTrain_WithBaseValsalva,1,DBP,train,1,postExerciseHgcp,2302,2303,2303,5,18,subject1_day1_setup05_hgcp,91.6544894886775,91.6544894886775,0.0,32,32
3,SingleTrain_WithBaseValsalva,1,DBP,train,1,postExerciseHgcp,2303,2304,2304,5,18,subject1_day1_setup05_hgcp,91.6605960595858,91.6605960595858,0.0,32,32
3,SingleTrain_WithBaseValsalva,1,DBP,train,1,postExerciseHgcp,2304,2305,2305,5,18,subject1_day1_setup05_hgcp,91.747389163548,91.747389163548,0.0,32,32
3,SingleTrain_WithBaseValsalva,1,DBP,train,1,postExerciseHgcp,2305,2306,2306,5,18,subject1_day1_setup05_hgcp,91.8656214999848,91.8656214999848,0.0,32,32
3,SingleTrain_WithBaseValsalva,1,DBP,train,1,postExerciseHgcp,2306,2307,2307,5,18,subject1_day1_setup05_hgcp,91.9452857507151,91.8656214999848,-0.07966425073030337,32,32
3,SingleTrain_WithBaseValsalva,1,DBP,train,1,postExerciseHgcp,2307,2308,2308,5,18,subject1_day1_setup05_hgcp,92.0036363236603,91.8656214999848,-0.13801482367550477,32,32
3,SingleTrain_WithBaseValsalva,1,DBP,train,1,postExerciseHgcp,2308,2309,2309,5,18,subject1_day1_setup05_hgcp,91.9960087956616,91.9417629656486,-0.054245830012987994,32,32
3,SingleTrain_WithBaseValsalva,1,DBP,train,1,postExerciseHgcp,2309,2310,2310,5,18,subject1_day1_setup05_hgcp,91.825007515913,91.825007515913,0.0,32,32
3,SingleTrain_WithBaseValsalva,1,DBP,train,1,postExerciseHgcp,2310,2311,2311,5,18,subject1_day1_setup05_hgcp,91.4192476020371,91.4192476020371,0.0,32,32
3,SingleTrain_WithBaseValsalva,1,DBP,train,1,postExerciseHgcp,2311,2312,2312,5,18,subject1_day1_setup05_hgcp,91.117183760922,91.117183760922,0.0,32,32
3,SingleTrain_WithBaseValsalva,1,DBP,train,1,postExerciseHgcp,2312,2313,2313,5,18,subject1_day1_setup05_hgcp,90.7163828052566,90.7163828052566,0.0,32,32
3,SingleTrain_WithBaseValsalva,1,DBP,train,1,postExerciseHgcp,2313,2314,2314,5,18,subject1_day1_setup05_hgcp,90.4164706167025,90.4164706167025,0.0,32,32
3,SingleTrain_WithBaseValsalva,1,DBP,train,1,postExerciseHgcp,2314,2315,2315,5,18,subject1_day1_setup05_hgcp,90.0836881042819,90.0836881042819,0.0,32,32
3,SingleTrain_WithBaseValsalva,1,DBP,train,1,postExerciseHgcp,2315,2316,2316,5,18,subject1_day1_setup05_hgcp,89.8502554557342,89.8502554557342,0.0,32,32
3,SingleTrain_WithBaseValsalva,1,DBP,train,1,postExerciseHgcp,2316,2317,2317,5,18,subject1_day1_setup05_hgcp,90.3245456106589,90.3245456106589,0.0,32,32
3,SingleTrain_WithBaseValsalva,1,DBP,train,1,postExerciseHgcp,2317,2318,2318,5,18,subject1_day1_setup05_hgcp,90.9082411296617,90.9082411296617,0.0,32,32
3,SingleTrain_WithBaseValsalva,1,DBP,train,1,postExerciseHgcp,2318,2319,2319,5,18,subject1_day1_setup05_hgcp,91.7123279548024,91.7123279548024,0.0,32,32
3,SingleTrain_WithBaseValsalva,1,DBP,train,1,postExerciseHgcp,2319,2320,2320,5,18,subject1_day1_setup05_hgcp,92.2151229298448,92.2151229298448,0.0,32,32
3,SingleTrain_WithBaseValsalva,1,DBP,train,1,postExerciseHgcp,2320,2321,2321,5,18,subject1_day1_setup05_hgcp,92.6016460804882,92.6016460804882,0.0,32,32
3,SingleTrain_WithBaseValsalva,1,DBP,train,1,postExerciseHgcp,2321,2322,2322,5,18,subject1_day1_setup05_hgcp,92.999742836772,92.999742836772,0.0,32,32
3,SingleTrain_WithBaseValsalva,1,DBP,train,1,postExerciseHgcp,2322,2323,2323,5,18,subject1_day1_setup05_hgcp,93.3078807855547,93.3078807855547,0.0,32,32
3,SingleTrain_WithBaseValsalva,1,DBP,train,1,postExerciseHgcp,2323,2324,2324,5,18,subject1_day1_setup05_hgcp,93.6825410058285,93.6825410058285,0.0,32,32
3,SingleTrain_WithBaseValsalva,1,DBP,train,1,postExerciseHgcp,2324,2325,2325,5,18,subject1_day1_setup05_hgcp,93.9542499536105,93.9542499536105,0.0,32,32
3,SingleTrain_WithBaseValsalva,1,DBP,train,1,postExerciseHgcp,2325,2326,2326,5,18,subject1_day1_setup05_hgcp,94.2973827646489,94.0064820797202,-0.290900684928701,32,32
3,SingleTrain_WithBaseValsalva,1,DBP,train,1,postExerciseHgcp,2326,2327,2327,5,18,subject1_day1_setup05_hgcp,94.5331233135433,94.5331233135433,0.0,32,32
3,SingleTrain_WithBaseValsalva,1,DBP,train,1,postExerciseHgcp,2327,2328,2328,5,18,subject1_day1_setup05_hgcp,95.0462565446504,95.0462565446504,0.0,32,32
3,SingleTrain_WithBaseValsalva,1,DBP,train,1,postExerciseHgcp,2328,2329,2329,5,18,subject1_day1_setup05_hgcp,95.5490552618744,95.5490552618744,0.0,32,32
3,SingleTrain_WithBaseValsalva,1,DBP,train,1,postExerciseHgcp,2329,2330,2330,5,18,subject1_day1_setup05_hgcp,96.0950722014622,96.0950722014622,0.0,32,32
3,SingleTrain_WithBaseValsalva,1,DBP,train,1,postExerciseHgcp,2330,2331,2331,5,18,subject1_day1_setup05_hgcp,96.8508719318825,96.8508719318825,0.0,32,32
3,SingleTrain_WithBaseValsalva,1,DBP,train,1,postExerciseHgcp,2331,2332,2332,5,18,subject1_day1_setup05_hgcp,97.468894091151,97.468894091151,0.0,32,32
3,SingleTrain_WithBaseValsalva,1,DBP,train,1,postExerciseHgcp,2332,2333,2333,5,18,subject1_day1_setup05_hgcp,98.1264425553146,98.1264425553146,0.0,32,32
3,SingleTrain_WithBaseValsalva,1,DBP,train,1,postExerciseHgcp,2333,2334,2334,5,18,subject1_day1_setup05_hgcp,98.6466028201934,98.6466028201934,0.0,32,32
3,SingleTrain_WithBaseValsalva,1,DBP,train,1,postExerciseHgcp,2334,2335,2335,5,18,subject1_day1_setup05_hgcp,98.9657744402669,98.9657744402669,0.0,32,32
3,SingleTrain_WithBaseValsalva,1,DBP,train,1,postExerciseHgcp,2351,2352,2352,5,18,subject1_day1_setup05_hgcp,98.0641732389886,98.0641732389886,0.0,32,32
3,SingleTrain_WithBaseValsalva,1,DBP,train,1,postExerciseHgcp,2352,2353,2353,5,18,subject1_day1_setup05_hgcp,97.8673587697045,97.8673587697045,0.0,32,32
3,SingleTrain_WithBaseValsalva,1,DBP,train,1,postExerciseHgcp,2353,2354,2354,5,18,subject1_day1_setup05_hgcp,97.6888279882311,97.6888279882311,0.0,32,32
3,SingleTrain_WithBaseValsalva,1,DBP,train,1,postExerciseHgcp,2354,2355,2355,5,18,subject1_day1_setup05_hgcp,97.659127202677,97.659127202677,0.0,32,32
3,SingleTrain_WithBaseValsalva,1,DBP,train,1,postExerciseHgcp,2355,2356,2356,5,18,subject1_day1_setup05_hgcp,97.3541735604257,97.3541735604257,0.0,32,32
3,SingleTrain_WithBaseValsalva,1,DBP,train,1,postExerciseHgcp,2356,2357,2357,5,18,subject1_day1_setup05_hgcp,97.233948145385,97.233948145385,0.0,32,32
3,SingleTrain_WithBaseValsalva,1,DBP,train,1,postExerciseHgcp,2357,2358,2358,5,18,subject1_day1_setup05_hgcp,97.1305112765991,97.13051127659911,1.4210854715202004e-14,32,32
3,SingleTrain_WithBaseValsalva,1,DBP,train,1,postExerciseHgcp,2358,2359,2359,5,18,subject1_day1_setup05_hgcp,97.2681081800061,97.2681081800061,0.0,32,32
3,SingleTrain_WithBaseValsalva,1,DBP,train,1,postExerciseHgcp,2359,2360,2360,5,18,subject1_day1_setup05_hgcp,97.2690028352258,97.2690028352258,0.0,32,32
3,SingleTrain_WithBaseValsalva,1,DBP,train,1,postExerciseHgcp,2360,2361,2361,5,18,subject1_day1_setup05_hgcp,97.4773123415282,97.4773123415282,0.0,32,32
3,SingleTrain_WithBaseValsalva,1,DBP,train,1,postExerciseHgcp,2361,2362,2362,5,18,subject1_day1_setup05_hgcp,97.5982968882309,97.5982968882309,0.0,32,32
3,SingleTrain_WithBaseValsalva,1,DBP,train,1,postExerciseHgcp,2362,2363,2363,5,18,subject1_day1_setup05_hgcp,97.7997479730039,97.7997479730039,0.0,32,32
3,SingleTrain_WithBaseValsalva,1,DBP,train,1,postExerciseHgcp,2363,2364,2364,5,18,subject1_day1_setup05_hgcp,97.8121053625472,97.5982968882309,-0.2138084743162949,32,32
3,SingleTrain_WithBaseValsalva,1,DBP,train,1,postExerciseHgcp,2364,2365,2365,5,18,subject1_day1_setup05_hgcp,97.5514502627896,97.5514502627896,0.0,32,32
3,SingleTrain_WithBaseValsalva,1,DBP,train,1,postExerciseHgcp,2427,2428,2428,5,19,subject1_day1_setup05_hgcp,95.8048361003702,95.8048361003702,0.0,32,32
3,SingleTrain_WithBaseValsalva,1,DBP,train,1,postExerciseHgcp,2428,2429,2429,5,19,subject1_day1_setup05_hgcp,95.7702534143622,95.8048361003702,0.03458268600799386,32,32
3,SingleTrain_WithBaseValsalva,1,DBP,train,1,postExerciseHgcp,2429,2430,2430,5,19,subject1_day1_setup05_hgcp,96.0243655794557,96.0243655794557,0.0,32,32
3,SingleTrain_WithBaseValsalva,1,DBP,train,1,postExerciseHgcp,2430,2431,2431,5,19,subject1_day1_setup05_hgcp,96.3124248426203,96.3124248426203,0.0,32,32
3,SingleTrain_WithBaseValsalva,1,DBP,train,1,postExerciseHgcp,2435,2436,2436,5,19,subject1_day1_setup05_hgcp,97.50597333594,97.50597333594,0.0,32,32
3,SingleTrain_WithBaseValsalva,1,DBP,train,1,postExerciseHgcp,2441,2442,2442,5,19,subject1_day1_setup05_hgcp,98.1166687625985,98.1166687625985,0.0,32,32
3,SingleTrain_WithBaseValsalva,1,DBP,train,1,postExerciseHgcp,2444,2445,2445,5,19,subject1_day1_setup05_hgcp,99.8964345211109,99.8964345211109,0.0,32,32
3,SingleTrain_WithBaseValsalva,1,DBP,train,1,postExerciseHgcp,2445,2446,2446,5,19,subject1_day1_setup05_hgcp,100.205118279782,100.205118279782,0.0,32,32
3,SingleTrain_WithBaseValsalva,1,DBP,train,1,postExerciseHgcp,2450,2451,2451,5,19,subject1_day1_setup05_hgcp,102.316979044008,102.316979044008,0.0,32,32
3,SingleTrain_WithBaseValsalva,1,DBP,train,1,postExerciseHgcp,2453,2454,2454,5,19,subject1_day1_setup05_hgcp,103.148844250096,103.148844250096,0.0,32,32
3,SingleTrain_WithBaseValsalva,1,DBP,train,1,postExerciseHgcp,2454,2455,2455,5,19,subject1_day1_setup05_hgcp,103.383346984049,103.383346984049,0.0,32,32
3,SingleTrain_WithBaseValsalva,1,DBP,train,1,postExerciseHgcp,2455,2456,2456,5,19,subject1_day1_setup05_hgcp,103.694158875993,103.694158875993,0.0,32,32
3,SingleTrain_WithBaseValsalva,1,DBP,train,1,postExerciseHgcp,2456,2457,2457,5,19,subject1_day1_setup05_hgcp,104.218260572614,104.218260572614,0.0,32,32
3,SingleTrain_WithBaseValsalva,1,DBP,train,1,postExerciseHgcp,2457,2458,2458,5,19,subject1_day1_setup05_hgcp,104.543762731005,104.543762731005,0.0,32,32
3,SingleTrain_WithBaseValsalva,1,DBP,train,1,postExerciseHgcp,2458,2459,2459,5,19,subject1_day1_setup05_hgcp,104.989393011258,104.989393011258,0.0,32,32
3,SingleTrain_WithBaseValsalva,1,DBP,train,1,postExerciseHgcp,2459,2460,2460,5,19,subject1_day1_setup05_hgcp,105.166837958304,105.166837958304,0.0,32,32
3,SingleTrain_WithBaseValsalva,1,DBP,train,1,postExerciseHgcp,2460,2461,2461,5,19,subject1_day1_setup05_hgcp,104.489696182137,104.489696182137,0.0,32,32
3,SingleTrain_WithBaseValsalva,1,DBP,train,1,postExerciseHgcp,2461,2462,2462,5,19,subject1_day1_setup05_hgcp,104.335499311755,104.335499311755,0.0,32,32
3,SingleTrain_WithBaseValsalva,1,DBP,train,1,postExerciseHgcp,2462,2463,2463,5,19,subject1_day1_setup05_hgcp,104.089417060639,104.089417060639,0.0,32,32
3,SingleTrain_WithBaseValsalva,1,DBP,train,1,postExerciseHgcp,2463,2464,2464,5,19,subject1_day1_setup05_hgcp,103.182491615397,103.182491615397,0.0,32,32
3,SingleTrain_WithBaseValsalva,1,DBP,train,1,postExerciseHgcp,2465,2466,2466,5,19,subject1_day1_setup05_hgcp,101.850204871015,101.850204871015,0.0,32,32
3,SingleTrain_WithBaseValsalva,1,DBP,train,1,postExerciseHgcp,2466,2467,2467,5,19,subject1_day1_setup05_hgcp,101.288894066347,101.288894066347,0.0,32,32
3,SingleTrain_WithBaseValsalva,1,DBP,train,1,postExerciseHgcp,2467,2468,2468,5,19,subject1_day1_setup05_hgcp,100.636608507007,100.636608507007,0.0,32,32
3,SingleTrain_WithBaseValsalva,1,DBP,train,1,postExerciseHgcp,2468,2469,2469,5,19,subject1_day1_setup05_hgcp,100.113884259471,100.113884259471,0.0,32,32
3,SingleTrain_WithBaseValsalva,1,DBP,train,1,postExerciseHgcp,2469,2470,2470,5,19,subject1_day1_setup05_hgcp,99.7120927600969,99.7120927600969,0.0,32,32
3,SingleTrain_WithBaseValsalva,1,DBP,train,1,postExerciseHgcp,2470,2471,2471,5,19,subject1_day1_setup05_hgcp,99.2939457231855,99.2939457231855,0.0,32,32
3,SingleTrain_WithBaseValsalva,1,DBP,train,1,postExerciseHgcp,2471,2472,2472,5,19,subject1_day1_setup05_hgcp,98.9177286490501,98.9177286490501,0.0,32,32
3,SingleTrain_WithBaseValsalva,1,DBP,train,1,postExerciseHgcp,2472,2473,2473,5,19,subject1_day1_setup05_hgcp,98.4783907628144,98.4783907628144,0.0,32,32
3,SingleTrain_WithBaseValsalva,1,DBP,train,1,postExerciseHgcp,2473,2474,2474,5,19,subject1_day1_setup05_hgcp,98.0218419314963,98.0218419314963,0.0,32,32
3,SingleTrain_WithBaseValsalva,1,DBP,train,1,postExerciseHgcp,2474,2475,2475,5,19,subject1_day1_setup05_hgcp,97.7015171510856,97.7015171510856,0.0,32,32
3,SingleTrain_WithBaseValsalva,1,DBP,train,1,postExerciseHgcp,2475,2476,2476,5,19,subject1_day1_setup05_hgcp,97.3424110113632,97.3424110113632,0.0,32,32
3,SingleTrain_WithBaseValsalva,1,DBP,train,1,postExerciseHgcp,2476,2477,2477,5,19,subject1_day1_setup05_hgcp,96.8915996681543,96.8915996681543,0.0,32,32
3,SingleTrain_WithBaseValsalva,1,DBP,train,1,postExerciseHgcp,2477,2478,2478,5,19,subject1_day1_setup05_hgcp,96.5845657906876,96.5845657906876,0.0,32,32
3,SingleTrain_WithBaseValsalva,1,DBP,train,1,postExerciseHgcp,2478,2479,2479,5,19,subject1_day1_setup05_hgcp,96.4460710370996,96.5593365260672,0.11326548896759903,32,32
3,SingleTrain_WithBaseValsalva,1,DBP,train,1,postExerciseHgcp,2479,2480,2480,5,19,subject1_day1_setup05_hgcp,96.5593365260672,96.5593365260672,0.0,32,32
3,SingleTrain_WithBaseValsalva,1,DBP,train,1,postExerciseHgcp,2480,2481,2481,5,19,subject1_day1_setup05_hgcp,97.4862283975404,97.4862283975404,0.0,32,32
3,SingleTrain_WithBaseValsalva,1,DBP,train,1,postExerciseHgcp,2481,2482,2482,5,19,subject1_day1_setup05_hgcp,97.8251480262112,97.8251480262112,0.0,32,32
3,SingleTrain_WithBaseValsalva,1,DBP,train,1,postExerciseHgcp,2482,2483,2483,5,19,subject1_day1_setup05_hgcp,98.3606854770891,98.3606854770891,0.0,32,32
3,SingleTrain_WithBaseValsalva,1,DBP,train,1,postExerciseHgcp,2483,2484,2484,5,19,subject1_day1_setup05_hgcp,98.6070026222673,98.6070026222673,0.0,32,32
3,SingleTrain_WithBaseValsalva,1,DBP,train,1,postExerciseHgcp,2484,2485,2485,5,19,subject1_day1_setup05_hgcp,98.8103724077746,98.8103724077746,0.0,32,32
3,SingleTrain_WithBaseValsalva,1,DBP,train,1,postExerciseHgcp,2485,2486,2486,5,19,subject1_day1_setup05_hgcp,98.8667092508451,98.8667092508451,0.0,32,32
3,SingleTrain_WithBaseValsalva,1,DBP,train,1,postExerciseHgcp,2486,2487,2487,5,19,subject1_day1_setup05_hgcp,99.036518539381,99.036518539381,0.0,32,32
3,SingleTrain_WithBaseValsalva,1,DBP,train,1,postExerciseHgcp,2487,2488,2488,5,19,subject1_day1_setup05_hgcp,99.3126878696267,99.3126878696267,0.0,32,32
3,SingleTrain_WithBaseValsalva,1,DBP,train,1,postExerciseHgcp,2488,2489,2489,5,19,subject1_day1_setup05_hgcp,99.6407255332283,99.6407255332283,0.0,32,32
3,SingleTrain_WithBaseValsalva,1,DBP,train,1,postExerciseHgcp,2489,2490,2490,5,19,subject1_day1_setup05_hgcp,99.623934847178,99.623934847178,0.0,32,32
3,SingleTrain_WithBaseValsalva,1,DBP,train,1,postExerciseHgcp,2491,2492,2492,5,19,subject1_day1_setup05_hgcp,99.4545536721072,99.4545536721072,0.0,32,32
3,SingleTrain_WithBaseValsalva,1,DBP,train,1,postExerciseHgcp,2492,2493,2493,5,19,subject1_day1_setup05_hgcp,99.6631391337548,99.6631391337548,0.0,32,32
3,SingleTrain_WithBaseValsalva,1,DBP,train,1,postExerciseHgcp,2494,2495,2495,5,19,subject1_day1_setup05_hgcp,99.9424833500203,99.9424833500203,0.0,32,32
3,SingleTrain_WithBaseValsalva,1,DBP,train,1,postExerciseHgcp,2495,2496,2496,5,19,subject1_day1_setup05_hgcp,100.055073994924,100.055073994924,0.0,32,32
3,SingleTrain_WithBaseValsalva,1,DBP,train,1,postExerciseHgcp,2506,2507,2507,5,20,subject1_day1_setup05_hgcp,87.7348993308413,87.7348993308413,0.0,32,32
3,SingleTrain_WithBaseValsalva,1,DBP,train,1,postExerciseHgcp,2508,2509,2509,5,20,subject1_day1_setup05_hgcp,89.1413888843028,89.1413888843028,0.0,32,32
3,SingleTrain_WithBaseValsalva,1,DBP,train,1,postExerciseHgcp,2509,2510,2510,5,20,subject1_day1_setup05_hgcp,89.2907435529242,89.2907435529242,0.0,32,32
3,SingleTrain_WithBaseValsalva,1,DBP,train,1,postExerciseHgcp,2511,2512,2512,5,20,subject1_day1_setup05_hgcp,89.6168744151652,89.6168744151652,0.0,32,32
3,SingleTrain_WithBaseValsalva,1,DBP,train,1,postExerciseHgcp,2513,2514,2514,5,20,subject1_day1_setup05_hgcp,88.5769039000925,88.5769039000925,0.0,32,32
3,SingleTrain_WithBaseValsalva,1,DBP,train,1,postExerciseHgcp,2515,2516,2516,5,20,subject1_day1_setup05_hgcp,87.9091081514752,87.8730736419086,-0.0360345095665906,32,32
3,SingleTrain_WithBaseValsalva,1,DBP,train,1,postExerciseHgcp,2516,2517,2517,5,20,subject1_day1_setup05_hgcp,87.7952180639318,87.7952180639318,0.0,32,32
3,SingleTrain_WithBaseValsalva,1,DBP,train,1,postExerciseHgcp,2517,2518,2518,5,20,subject1_day1_setup05_hgcp,87.7392570241796,87.7392570241796,0.0,32,32
3,SingleTrain_WithBaseValsalva,1,DBP,train,1,postExerciseHgcp,2518,2519,2519,5,20,subject1_day1_setup05_hgcp,87.6723891909372,87.7392570241796,0.06686783324239798,32,32
3,SingleTrain_WithBaseValsalva,1,DBP,train,1,postExerciseHgcp,2519,2520,2520,5,20,subject1_day1_setup05_hgcp,87.489134394205,87.489134394205,0.0,32,32
3,SingleTrain_WithBaseValsalva,1,DBP,train,1,postExerciseHgcp,2520,2521,2521,5,20,subject1_day1_setup05_hgcp,87.2199247407292,87.489134394205,0.26920965347579795,32,32
3,SingleTrain_WithBaseValsalva,1,DBP,train,1,postExerciseHgcp,2521,2522,2522,5,20,subject1_day1_setup05_hgcp,87.8730736419086,87.8730736419086,0.0,32,32
3,SingleTrain_WithBaseValsalva,1,DBP,train,1,postExerciseHgcp,2522,2523,2523,5,20,subject1_day1_setup05_hgcp,88.3052816926348,88.3052816926348,0.0,32,32
3,SingleTrain_WithBaseValsalva,1,DBP,train,1,postExerciseHgcp,2523,2524,2524,5,20,subject1_day1_setup05_hgcp,88.897481675672,88.897481675672,0.0,32,32
3,SingleTrain_WithBaseValsalva,1,DBP,train,1,postExerciseHgcp,2524,2525,2525,5,20,subject1_day1_setup05_hgcp,89.4250744492468,89.4250744492468,0.0,32,32
3,SingleTrain_WithBaseValsalva,1,DBP,train,1,postExerciseHgcp,2525,2526,2526,5,20,subject1_day1_setup05_hgcp,90.0060053922211,90.0060053922211,0.0,32,32
3,SingleTrain_WithBaseValsalva,1,DBP,train,1,postExerciseHgcp,2526,2527,2527,5,20,subject1_day1_setup05_hgcp,90.7560447172073,90.7560447172073,0.0,32,32
3,SingleTrain_WithBaseValsalva,1,DBP,train,1,postExerciseHgcp,2527,2528,2528,5,20,subject1_day1_setup05_hgcp,90.347996980494,90.34799698049399,-1.4210854715202004e-14,32,32
3,SingleTrain_WithBaseValsalva,1,DBP,train,1,postExerciseHgcp,2528,2529,2529,5,20,subject1_day1_setup05_hgcp,89.9060941609704,89.9060941609704,0.0,32,32
3,SingleTrain_WithBaseValsalva,1,DBP,train,1,postExerciseHgcp,2529,2530,2530,5,20,subject1_day1_setup05_hgcp,89.9328115960863,89.9328115960863,0.0,32,32
3,SingleTrain_WithBaseValsalva,1,DBP,train,1,postExerciseHgcp,2530,2531,2531,5,20,subject1_day1_setup05_hgcp,89.8876504181551,89.8876504181551,0.0,32,32
3,SingleTrain_WithBaseValsalva,1,DBP,train,1,postExerciseHgcp,2531,2532,2532,5,20,subject1_day1_setup05_hgcp,89.7696789114205,89.7696789114205,0.0,32,32
3,SingleTrain_WithBaseValsalva,1,DBP,train,1,postExerciseHgcp,2532,2533,2533,5,20,subject1_day1_setup05_hgcp,89.7163567475697,89.7696789114205,0.05332216385079391,32,32
3,SingleTrain_WithBaseValsalva,1,DBP,train,1,postExerciseHgcp,2533,2534,2534,5,20,subject1_day1_setup05_hgcp,89.7601912246527,89.7601912246527,0.0,32,32
3,SingleTrain_WithBaseValsalva,1,DBP,train,1,postExerciseHgcp,2534,2535,2535,5,20,subject1_day1_setup05_hgcp,89.9979304275044,89.9979304275044,0.0,32,32
3,SingleTrain_WithBaseValsalva,1,DBP,train,1,postExerciseHgcp,2535,2536,2536,5,20,subject1_day1_setup05_hgcp,90.0601076725662,90.0060053922211,-0.05410228034510567,32,32
3,SingleTrain_WithBaseValsalva,1,DBP,train,1,postExerciseHgcp,2536,2537,2537,5,20,subject1_day1_setup05_hgcp,89.9876892571189,89.9876892571189,0.0,32,32
3,SingleTrain_WithBaseValsalva,1,DBP,train,1,postExerciseHgcp,2537,2538,2538,5,20,subject1_day1_setup05_hgcp,89.9407324839921,90.0263468921144,0.08561440812231069,32,32
3,SingleTrain_WithBaseValsalva,1,DBP,train,1,postExerciseHgcp,2538,2539,2539,5,20,subject1_day1_setup05_hgcp,90.0263468921144,90.0263468921144,0.0,32,32
3,SingleTrain_WithBaseValsalva,1,DBP,train,1,postExerciseHgcp,2539,2540,2540,5,20,subject1_day1_setup05_hgcp,90.1448666237229,90.1448666237229,0.0,32,32
3,SingleTrain_WithBaseValsalva,1,DBP,train,1,postExerciseHgcp,2540,2541,2541,5,20,subject1_day1_setup05_hgcp,90.2490451248357,90.2490451248357,0.0,32,32
3,SingleTrain_WithBaseValsalva,1,DBP,train,1,postExerciseHgcp,2541,2542,2542,5,20,subject1_day1_setup05_hgcp,90.2608813596077,90.2608813596077,0.0,32,32
3,SingleTrain_WithBaseValsalva,1,DBP,train,1,postExerciseHgcp,2542,2543,2543,5,20,subject1_day1_setup05_hgcp,90.6733594975016,90.6733594975016,0.0,32,32
3,SingleTrain_WithBaseValsalva,1,DBP,train,1,postExerciseHgcp,2543,2544,2544,5,20,subject1_day1_setup05_hgcp,91.0237688860387,91.0237688860387,0.0,32,32
3,SingleTrain_WithBaseValsalva,1,DBP,train,1,postExerciseHgcp,2544,2545,2545,5,20,subject1_day1_setup05_hgcp,91.429140634424,91.429140634424,0.0,32,32
3,SingleTrain_WithBaseValsalva,1,DBP,train,1,postExerciseHgcp,2545,2546,2546,5,20,subject1_day1_setup05_hgcp,91.7007028954875,91.7007028954875,0.0,32,32
3,SingleTrain_WithBaseValsalva,1,DBP,train,1,postExerciseHgcp,2546,2547,2547,5,20,subject1_day1_setup05_hgcp,91.6133323766682,91.6133323766682,0.0,32,32
3,SingleTrain_WithBaseValsalva,1,DBP,train,1,postExerciseHgcp,2547,2548,2548,5,20,subject1_day1_setup05_hgcp,91.8733264459288,91.8733264459288,0.0,32,32
3,SingleTrain_WithBaseValsalva,1,DBP,train,1,postExerciseHgcp,2548,2549,2549,5,20,subject1_day1_setup05_hgcp,92.078550588647,92.078550588647,0.0,32,32
3,SingleTrain_WithBaseValsalva,1,DBP,train,1,postExerciseHgcp,2549,2550,2550,5,20,subject1_day1_setup05_hgcp,92.1835971778275,92.2553409765763,0.07174379874881254,32,32
3,SingleTrain_WithBaseValsalva,1,DBP,train,1,postExerciseHgcp,2550,2551,2551,5,20,subject1_day1_setup05_hgcp,92.2573046317306,92.2573046317306,0.0,32,32
3,SingleTrain_WithBaseValsalva,1,DBP,train,1,postExerciseHgcp,2551,2552,2552,5,20,subject1_day1_setup05_hgcp,92.5717174930958,92.5717174930958,0.0,32,32
3,SingleTrain_WithBaseValsalva,1,DBP,train,1,postExerciseHgcp,2552,2553,2553,5,20,subject1_day1_setup05_hgcp,92.991660204542,92.991660204542,0.0,32,32
3,SingleTrain_WithBaseValsalva,1,DBP,train,1,postExerciseHgcp,2553,2554,2554,5,20,subject1_day1_setup05_hgcp,93.3485270582323,93.3485270582323,0.0,32,32
3,SingleTrain_WithBaseValsalva,1,DBP,train,1,postExerciseHgcp,2554,2555,2555,5,20,subject1_day1_setup05_hgcp,93.5912604650878,93.5912604650878,0.0,32,32
3,SingleTrain_WithBaseValsalva,1,DBP,train,1,postExerciseHgcp,2555,2556,2556,5,20,subject1_day1_setup05_hgcp,94.1220187817875,94.1220187817875,0.0,32,32
3,SingleTrain_WithBaseValsalva,1,DBP,train,1,postExerciseHgcp,2556,2557,2557,5,20,subject1_day1_setup05_hgcp,94.848072113361,94.848072113361,0.0,32,32
3,SingleTrain_WithBaseValsalva,1,DBP,train,1,postExerciseHgcp,2557,2558,2558,5,20,subject1_day1_setup05_hgcp,95.5710792929192,95.5710792929192,0.0,32,32
3,SingleTrain_WithBaseValsalva,1,DBP,train,1,postExerciseHgcp,2558,2559,2559,5,20,subject1_day1_setup05_hgcp,95.8756722389668,95.8756722389668,0.0,32,32
3,SingleTrain_WithBaseValsalva,1,DBP,train,1,postExerciseHgcp,2559,2560,2560,5,20,subject1_day1_setup05_hgcp,96.3431207692425,96.3431207692425,0.0,32,32
3,SingleTrain_WithBaseValsalva,1,DBP,train,1,postExerciseHgcp,2560,2561,2561,5,20,subject1_day1_setup05_hgcp,96.7994012296199,96.7994012296199,0.0,32,32
3,SingleTrain_WithBaseValsalva,1,DBP,train,1,postExerciseHgcp,2561,2562,2562,5,20,subject1_day1_setup05_hgcp,97.2302209166011,97.2302209166011,0.0,32,32
3,SingleTrain_WithBaseValsalva,1,DBP,train,1,postExerciseHgcp,2562,2563,2563,5,20,subject1_day1_setup05_hgcp,97.2751952649126,97.2751952649126,0.0,32,32
3,SingleTrain_WithBaseValsalva,1,DBP,train,1,postExerciseHgcp,2563,2564,2564,5,20,subject1_day1_setup05_hgcp,97.3431125514056,97.3431125514056,0.0,32,32
3,SingleTrain_WithBaseValsalva,1,DBP,train,1,postExerciseHgcp,2564,2565,2565,5,20,subject1_day1_setup05_hgcp,97.5136962681187,97.5136962681187,0.0,32,32
3,SingleTrain_WithBaseValsalva,1,DBP,train,1,postExerciseHgcp,2565,2566,2566,5,20,subject1_day1_setup05_hgcp,97.7851050775484,97.7851050775484,0.0,32,32
3,SingleTrain_WithBaseValsalva,1,DBP,train,1,postExerciseHgcp,2566,2567,2567,5,20,subject1_day1_setup05_hgcp,98.1390507465779,98.0073402000159,-0.13171054656199033,32,32
3,SingleTrain_WithBaseValsalva,1,DBP,train,1,postExerciseHgcp,2567,2568,2568,5,20,subject1_day1_setup05_hgcp,98.0354705652329,98.0354705652329,0.0,32,32
3,SingleTrain_WithBaseValsalva,1,DBP,train,1,postExerciseHgcp,2568,2569,2569,5,20,subject1_day1_setup05_hgcp,98.0073402000159,98.0073402000159,0.0,32,32
3,SingleTrain_WithBaseValsalva,1,DBP,train,1,postExerciseHgcp,2569,2570,2570,5,20,subject1_day1_setup05_hgcp,97.8986892930526,97.8986892930526,0.0,32,32
3,SingleTrain_WithBaseValsalva,1,DBP,train,1,postExerciseHgcp,2570,2571,2571,5,20,subject1_day1_setup05_hgcp,97.8752435049004,97.8752435049004,0.0,32,32
3,SingleTrain_WithBaseValsalva,1,DBP,train,1,postExerciseHgcp,2571,2572,2572,5,20,subject1_day1_setup05_hgcp,97.684530785757,97.684530785757,0.0,32,32
3,SingleTrain_WithBaseValsalva,1,DBP,train,1,postExerciseHgcp,2572,2573,2573,5,20,subject1_day1_setup05_hgcp,97.4309247717765,97.4309247717765,0.0,32,32
3,SingleTrain_WithBaseValsalva,1,DBP,train,1,postExerciseHgcp,2573,2574,2574,5,20,subject1_day1_setup05_hgcp,97.1938025046149,97.1938025046149,0.0,32,32
3,SingleTrain_WithBaseValsalva,1,DBP,train,1,postExerciseHgcp,2574,2575,2575,5,20,subject1_day1_setup05_hgcp,97.1851649998782,97.2285041785068,0.043339178628599484,32,32
3,SingleTrain_WithBaseValsalva,1,DBP,train,1,postExerciseHgcp,2575,2576,2576,5,20,subject1_day1_setup05_hgcp,97.2285041785068,97.2285041785068,0.0,32,32
3,SingleTrain_WithBaseValsalva,1,DBP,train,1,postExerciseHgcp,2576,2577,2577,5,20,subject1_day1_setup05_hgcp,97.4483664946005,97.4483664946005,0.0,32,32
3,SingleTrain_WithBaseValsalva,1,DBP,train,1,postExerciseHgcp,2577,2578,2578,5,20,subject1_day1_setup05_hgcp,97.6157223620962,97.6157223620962,0.0,32,32
3,SingleTrain_WithBaseValsalva,1,DBP,train,1,postExerciseHgcp,2578,2579,2579,5,20,subject1_day1_setup05_hgcp,98.0300927067554,98.0300927067554,0.0,32,32
3,SingleTrain_WithBaseValsalva,1,DBP,train,1,postExerciseHgcp,2579,2580,2580,5,20,subject1_day1_setup05_hgcp,98.4652977432443,98.102573301019,-0.3627244422253,32,32
3,SingleTrain_WithBaseValsalva,1,DBP,train,1,postExerciseHgcp,2580,2581,2581,5,20,subject1_day1_setup05_hgcp,98.4177125184574,98.4177125184574,0.0,32,32
3,SingleTrain_WithBaseValsalva,1,DBP,train,1,postExerciseHgcp,2581,2582,2582,5,20,subject1_day1_setup05_hgcp,98.2143049557119,98.2143049557119,0.0,32,32
3,SingleTrain_WithBaseValsalva,1,DBP,train,1,postExerciseHgcp,2582,2583,2583,5,20,subject1_day1_setup05_hgcp,98.102573301019,98.102573301019,0.0,32,32
3,SingleTrain_WithBaseValsalva,1,DBP,train,1,postExerciseHgcp,2583,2584,2584,5,20,subject1_day1_setup05_hgcp,97.974908094243,97.974908094243,0.0,32,32
3,SingleTrain_WithBaseValsalva,1,DBP,train,1,postExerciseHgcp,2584,2585,2585,5,20,subject1_day1_setup05_hgcp,97.7538092219261,97.7538092219261,0.0,32,32
3,SingleTrain_WithBaseValsalva,1,DBP,train,1,postExerciseHgcp,2585,2586,2586,5,20,subject1_day1_setup05_hgcp,97.5280241279704,97.5280241279704,0.0,32,32
3,SingleTrain_WithBaseValsalva,1,DBP,train,1,postExerciseHgcp,2586,2587,2587,5,20,subject1_day1_setup05_hgcp,97.5981576548609,97.5981576548609,0.0,32,32
3,SingleTrain_WithBaseValsalva,1,DBP,train,1,postExerciseHgcp,2587,2588,2588,5,20,subject1_day1_setup05_hgcp,97.7476806321905,97.7476806321905,0.0,32,32
3,SingleTrain_WithBaseValsalva,1,DBP,train,1,postExerciseHgcp,2588,2589,2589,5,20,subject1_day1_setup05_hgcp,97.8440576151982,97.8440576151982,0.0,32,32
3,SingleTrain_WithBaseValsalva,1,DBP,train,1,postExerciseHgcp,2589,2590,2590,5,20,subject1_day1_setup05_hgcp,98.2382268723418,98.2382268723418,0.0,32,32
3,SingleTrain_WithBaseValsalva,1,DBP,train,1,postExerciseHgcp,2590,2591,2591,5,20,subject1_day1_setup05_hgcp,98.6006378903221,98.2382268723418,-0.36241101798030684,32,32
3,SingleTrain_WithBaseValsalva,1,DBP,train,1,postExerciseHgcp,2591,2592,2592,5,20,subject1_day1_setup05_hgcp,98.907129701645,98.90712970164499,-1.4210854715202004e-14,32,32
3,SingleTrain_WithBaseValsalva,1,DBP,train,1,postExerciseHgcp,2592,2593,2593,5,20,subject1_day1_setup05_hgcp,98.842004763182,98.842004763182,0.0,32,32
3,SingleTrain_WithBaseValsalva,1,DBP,train,1,postExerciseHgcp,2593,2594,2594,5,20,subject1_day1_setup05_hgcp,98.8630219307406,98.8630219307406,0.0,32,32
3,SingleTrain_WithBaseValsalva,1,DBP,train,1,postExerciseHgcp,2594,2595,2595,5,20,subject1_day1_setup05_hgcp,98.8175719646083,98.8175719646083,0.0,32,32
3,SingleTrain_WithBaseValsalva,1,DBP,train,1,postExerciseHgcp,2595,2596,2596,5,20,subject1_day1_setup05_hgcp,98.6553894342355,98.6553894342355,0.0,32,32
3,SingleTrain_WithBaseValsalva,1,DBP,train,1,postExerciseHgcp,2596,2597,2597,5,20,subject1_day1_setup05_hgcp,98.2958764027121,98.2958764027121,0.0,32,32
3,SingleTrain_WithBaseValsalva,1,DBP,train,1,postExerciseHgcp,2597,2598,2598,5,20,subject1_day1_setup05_hgcp,97.7812598767401,97.7812598767401,0.0,32,32
3,SingleTrain_WithBaseValsalva,1,DBP,train,1,postExerciseHgcp,2598,2599,2599,5,20,subject1_day1_setup05_hgcp,97.4063542221503,97.4063542221503,0.0,32,32
3,SingleTrain_WithBaseValsalva,1,DBP,train,1,postExerciseHgcp,2599,2600,2600,5,20,subject1_day1_setup05_hgcp,96.9998096929371,96.9998096929371,0.0,32,32
3,SingleTrain_WithBaseValsalva,1,DBP,train,1,postExerciseHgcp,2600,2601,2601,5,20,subject1_day1_setup05_hgcp,96.9393409091303,96.9998096929371,0.06046878380681164,32,32
3,SingleTrain_WithBaseValsalva,1,DBP,train,1,postExerciseHgcp,2601,2602,2602,5,20,subject1_day1_setup05_hgcp,97.0809111718089,96.9998096929371,-0.08110147887180119,32,32
3,SingleTrain_WithBaseValsalva,1,DBP,train,1,postExerciseHgcp,2602,2603,2603,5,20,subject1_day1_setup05_hgcp,97.1218752978754,96.9998096929371,-0.12206560493829954,32,32
3,SingleTrain_WithBaseValsalva,1,DBP,train,1,postExerciseHgcp,2603,2604,2604,5,20,subject1_day1_setup05_hgcp,97.0285657438741,96.9998096929371,-0.028756050936991073,32,32
3,SingleTrain_WithBaseValsalva,1,DBP,train,1,postExerciseHgcp,2604,2605,2605,5,20,subject1_day1_setup05_hgcp,96.9565574978311,96.9565574978311,0.0,32,32
3,SingleTrain_WithBaseValsalva,1,DBP,train,1,postExerciseHgcp,2605,2606,2606,5,20,subject1_day1_setup05_hgcp,96.6596127423385,96.6596127423385,0.0,32,32
3,SingleTrain_WithBaseValsalva,1,DBP,train,1,postExerciseHgcp,2606,2607,2607,5,20,subject1_day1_setup05_hgcp,96.3670720626494,96.3670720626494,0.0,32,32
3,SingleTrain_WithBaseValsalva,1,DBP,train,1,postExerciseHgcp,2607,2608,2608,5,20,subject1_day1_setup05_hgcp,96.3291081059239,96.3670720626494,0.037963956725505454,32,32
3,SingleTrain_WithBaseValsalva,1,DBP,train,1,postExerciseHgcp,2608,2609,2609,5,20,subject1_day1_setup05_hgcp,96.5341464405221,96.3670720626494,-0.1670743778726944,32,32
3,SingleTrain_WithBaseValsalva,1,DBP,train,1,postExerciseHgcp,2609,2610,2610,5,20,subject1_day1_setup05_hgcp,96.2152623375129,96.2152623375129,0.0,32,32
3,SingleTrain_WithBaseValsalva,1,DBP,train,1,postExerciseHgcp,2610,2611,2611,5,20,subject1_day1_setup05_hgcp,95.9753926005778,96.2152623375129,0.23986973693509128,32,32
3,SingleTrain_WithBaseValsalva,1,DBP,train,1,postExerciseHgcp,2611,2612,2612,5,20,subject1_day1_setup05_hgcp,95.9625573586679,96.1902864572103,0.22772909854241163,32,32
3,SingleTrain_WithBaseValsalva,1,DBP,train,1,postExerciseHgcp,2612,2613,2613,5,20,subject1_day1_setup05_hgcp,96.1902864572103,96.1902864572103,0.0,32,32
3,SingleTrain_WithBaseValsalva,1,DBP,train,1,postExerciseHgcp,2613,2614,2614,5,20,subject1_day1_setup05_hgcp,96.0426318615051,96.0426318615051,0.0,32,32
3,SingleTrain_WithBaseValsalva,1,DBP,train,1,postExerciseHgcp,2614,2615,2615,5,20,subject1_day1_setup05_hgcp,95.8506942169602,95.8506942169602,0.0,32,32
3,SingleTrain_WithBaseValsalva,1,DBP,train,1,postExerciseHgcp,2615,2616,2616,5,20,subject1_day1_setup05_hgcp,95.2492849236368,95.2492849236368,0.0,32,32
3,SingleTrain_WithBaseValsalva,1,DBP,train,1,postExerciseHgcp,2616,2617,2617,5,20,subject1_day1_setup05_hgcp,94.8836305745308,94.8836305745308,0.0,32,32
3,SingleTrain_WithBaseValsalva,1,DBP,train,1,postExerciseHgcp,2630,2631,2631,5,21,subject1_day1_setup05_hgcp,86.7163509103253,86.7163509103253,0.0,32,32
3,SingleTrain_WithBaseValsalva,1,DBP,train,1,postExerciseHgcp,2631,2632,2632,5,21,subject1_day1_setup05_hgcp,86.5276165440741,86.5997711647749,0.07215462070078615,32,32
3,SingleTrain_WithBaseValsalva,1,DBP,train,1,postExerciseHgcp,2632,2633,2633,5,21,subject1_day1_setup05_hgcp,86.5071803045316,86.5071803045316,0.0,32,32
3,SingleTrain_WithBaseValsalva,1,DBP,train,1,postExerciseHgcp,2633,2634,2634,5,21,subject1_day1_setup05_hgcp,86.6359823104949,86.6359823104949,0.0,32,32
3,SingleTrain_WithBaseValsalva,1,DBP,train,1,postExerciseHgcp,2634,2635,2635,5,21,subject1_day1_setup05_hgcp,86.744381795489,86.646218156257,-0.09816363923199845,32,32
3,SingleTrain_WithBaseValsalva,1,DBP,train,1,postExerciseHgcp,2635,2636,2636,5,21,subject1_day1_setup05_hgcp,86.5997711647749,86.5997711647749,0.0,32,32
3,SingleTrain_WithBaseValsalva,1,DBP,train,1,postExerciseHgcp,2636,2637,2637,5,21,subject1_day1_setup05_hgcp,86.646218156257,86.646218156257,0.0,32,32
3,SingleTrain_WithBaseValsalva,1,DBP,train,1,postExerciseHgcp,2637,2638,2638,5,21,subject1_day1_setup05_hgcp,86.4688204484404,86.4688204484404,0.0,32,32
3,SingleTrain_WithBaseValsalva,1,DBP,train,1,postExerciseHgcp,2638,2639,2639,5,21,subject1_day1_setup05_hgcp,86.1541524886897,86.1541524886897,0.0,32,32
3,SingleTrain_WithBaseValsalva,1,DBP,train,1,postExerciseHgcp,2639,2640,2640,5,21,subject1_day1_setup05_hgcp,85.9045693911753,85.9045693911753,0.0,32,32
3,SingleTrain_WithBaseValsalva,1,DBP,train,1,postExerciseHgcp,2640,2641,2641,5,21,subject1_day1_setup05_hgcp,85.6530357027275,85.6530357027275,0.0,32,32
3,SingleTrain_WithBaseValsalva,1,DBP,train,1,postExerciseHgcp,2641,2642,2642,5,21,subject1_day1_setup05_hgcp,85.2550951627196,85.2550951627196,0.0,32,32
3,SingleTrain_WithBaseValsalva,1,DBP,train,1,postExerciseHgcp,2642,2643,2643,5,21,subject1_day1_setup05_hgcp,84.9971224374115,84.9971224374115,0.0,32,32
3,SingleTrain_WithBaseValsalva,1,DBP,train,1,postExerciseHgcp,2643,2644,2644,5,21,subject1_day1_setup05_hgcp,84.8144220830399,84.8144220830399,0.0,32,32
3,SingleTrain_WithBaseValsalva,1,DBP,train,1,postExerciseHgcp,2644,2645,2645,5,21,subject1_day1_setup05_hgcp,84.5723673872159,84.5723673872159,0.0,32,32
3,SingleTrain_WithBaseValsalva,1,DBP,train,1,postExerciseHgcp,2645,2646,2646,5,21,subject1_day1_setup05_hgcp,84.2233318699169,84.2233318699169,0.0,32,32
3,SingleTrain_WithBaseValsalva,1,DBP,train,1,postExerciseHgcp,2646,2647,2647,5,21,subject1_day1_setup05_hgcp,84.2237603777765,84.2237603777765,0.0,32,32
3,SingleTrain_WithBaseValsalva,1,DBP,train,1,postExerciseHgcp,2647,2648,2648,5,21,subject1_day1_setup05_hgcp,84.4265013990603,84.4265013990603,0.0,32,32
3,SingleTrain_WithBaseValsalva,1,DBP,train,1,postExerciseHgcp,2648,2649,2649,5,21,subject1_day1_setup05_hgcp,84.2058333534755,84.2058333534755,0.0,32,32
3,SingleTrain_WithBaseValsalva,1,DBP,train,1,postExerciseHgcp,2649,2650,2650,5,21,subject1_day1_setup05_hgcp,83.9815076886435,83.9815076886435,0.0,32,32
3,SingleTrain_WithBaseValsalva,1,DBP,train,1,postExerciseHgcp,2650,2651,2651,5,21,subject1_day1_setup05_hgcp,84.024474918093,84.024474918093,0.0,32,32
3,SingleTrain_WithBaseValsalva,1,DBP,train,1,postExerciseHgcp,2651,2652,2652,5,21,subject1_day1_setup05_hgcp,83.8766111256778,83.8766111256778,0.0,32,32
3,SingleTrain_WithBaseValsalva,1,DBP,train,1,postExerciseHgcp,2652,2653,2653,5,21,subject1_day1_setup05_hgcp,83.6452509698313,83.6452509698313,0.0,32,32
3,SingleTrain_WithBaseValsalva,1,DBP,train,1,postExerciseHgcp,2653,2654,2654,5,21,subject1_day1_setup05_hgcp,83.5004616100909,83.5004616100909,0.0,32,32
3,SingleTrain_WithBaseValsalva,1,DBP,train,1,postExerciseHgcp,2654,2655,2655,5,21,subject1_day1_setup05_hgcp,83.3681702013334,83.3681702013334,0.0,32,32
3,SingleTrain_WithBaseValsalva,1,DBP,train,1,postExerciseHgcp,2655,2656,2656,5,21,subject1_day1_setup05_hgcp,83.4352399588768,83.4352399588768,0.0,32,32
3,SingleTrain_WithBaseValsalva,1,DBP,train,1,postExerciseHgcp,2656,2657,2657,5,21,subject1_day1_setup05_hgcp,83.2118023561888,83.3681702013334,0.1563678451446009,32,32
3,SingleTrain_WithBaseValsalva,1,DBP,train,1,postExerciseHgcp,2657,2658,2658,5,21,subject1_day1_setup05_hgcp,83.3721374533719,83.3721374533719,0.0,32,32
3,SingleTrain_WithBaseValsalva,1,DBP,train,1,postExerciseHgcp,2658,2659,2659,5,21,subject1_day1_setup05_hgcp,83.7018075395199,83.7018075395199,0.0,32,32
3,SingleTrain_WithBaseValsalva,1,DBP,train,1,postExerciseHgcp,2659,2660,2660,5,21,subject1_day1_setup05_hgcp,84.0587656580235,84.0587656580235,0.0,32,32
3,SingleTrain_WithBaseValsalva,1,DBP,train,1,postExerciseHgcp,2660,2661,2661,5,21,subject1_day1_setup05_hgcp,84.4707094218093,84.4707094218093,0.0,32,32
3,SingleTrain_WithBaseValsalva,1,DBP,train,1,postExerciseHgcp,2661,2662,2662,5,21,subject1_day1_setup05_hgcp,85.0027458999806,85.0027458999806,0.0,32,32
3,SingleTrain_WithBaseValsalva,1,DBP,train,1,postExerciseHgcp,2662,2663,2663,5,21,subject1_day1_setup05_hgcp,85.4462824358185,85.4462824358185,0.0,32,32
3,SingleTrain_WithBaseValsalva,1,DBP,train,1,postExerciseHgcp,2663,2664,2664,5,21,subject1_day1_setup05_hgcp,85.9179734036103,85.9179734036103,0.0,32,32
3,SingleTrain_WithBaseValsalva,1,DBP,train,1,postExerciseHgcp,2664,2665,2665,5,21,subject1_day1_setup05_hgcp,85.9008647647459,85.9008647647459,0.0,32,32
3,SingleTrain_WithBaseValsalva,1,DBP,train,1,postExerciseHgcp,2665,2666,2666,5,21,subject1_day1_setup05_hgcp,86.004105725594,86.004105725594,0.0,32,32
3,SingleTrain_WithBaseValsalva,1,DBP,train,1,postExerciseHgcp,2666,2667,2667,5,21,subject1_day1_setup05_hgcp,85.6549834957424,85.6549834957424,0.0,32,32
3,SingleTrain_WithBaseValsalva,1,DBP,train,1,postExerciseHgcp,2667,2668,2668,5,21,subject1_day1_setup05_hgcp,85.3038198992333,85.3038198992333,0.0,32,32
3,SingleTrain_WithBaseValsalva,1,DBP,train,1,postExerciseHgcp,2668,2669,2669,5,21,subject1_day1_setup05_hgcp,85.1331007268423,85.2149836502177,0.08188292337540304,32,32
3,SingleTrain_WithBaseValsalva,1,DBP,train,1,postExerciseHgcp,2669,2670,2670,5,21,subject1_day1_setup05_hgcp,85.2149836502177,85.2149836502177,0.0,32,32
3,SingleTrain_WithBaseValsalva,1,DBP,train,1,postExerciseHgcp,2670,2671,2671,5,21,subject1_day1_setup05_hgcp,85.3104120002547,85.3104120002547,0.0,32,32
3,SingleTrain_WithBaseValsalva,1,DBP,train,1,postExerciseHgcp,2671,2672,2672,5,21,subject1_day1_setup05_hgcp,85.6338153767756,85.6021136234538,-0.03170175332179781,32,32
3,SingleTrain_WithBaseValsalva,1,DBP,train,1,postExerciseHgcp,2672,2673,2673,5,21,subject1_day1_setup05_hgcp,85.7241637940049,85.6338153767756,-0.09034841722929343,32,32
3,SingleTrain_WithBaseValsalva,1,DBP,train,1,postExerciseHgcp,2673,2674,2674,5,21,subject1_day1_setup05_hgcp,85.6021136234538,85.6021136234538,0.0,32,32
3,SingleTrain_WithBaseValsalva,1,DBP,train,1,postExerciseHgcp,2674,2675,2675,5,21,subject1_day1_setup05_hgcp,85.5763262551318,85.5211682562158,-0.055157998916001816,32,32
3,SingleTrain_WithBaseValsalva,1,DBP,train,1,postExerciseHgcp,2675,2676,2676,5,21,subject1_day1_setup05_hgcp,85.5211682562158,85.5211682562158,0.0,32,32
3,SingleTrain_WithBaseValsalva,1,DBP,train,1,postExerciseHgcp,2676,2677,2677,5,21,subject1_day1_setup05_hgcp,85.4153415459904,85.4153415459904,0.0,32,32
3,SingleTrain_WithBaseValsalva,1,DBP,train,1,postExerciseHgcp,2677,2678,2678,5,21,subject1_day1_setup05_hgcp,85.1212271316564,85.1212271316564,0.0,32,32
3,SingleTrain_WithBaseValsalva,1,DBP,train,1,postExerciseHgcp,2678,2679,2679,5,21,subject1_day1_setup05_hgcp,84.9888747063229,84.9888747063229,0.0,32,32
3,SingleTrain_WithBaseValsalva,1,DBP,train,1,postExerciseHgcp,2679,2680,2680,5,21,subject1_day1_setup05_hgcp,84.6879791604779,84.6879791604779,0.0,32,32
3,SingleTrain_WithBaseValsalva,1,DBP,train,1,postExerciseHgcp,2680,2681,2681,5,21,subject1_day1_setup05_hgcp,84.330551346934,84.330551346934,0.0,32,32
3,SingleTrain_WithBaseValsalva,1,DBP,train,1,postExerciseHgcp,2681,2682,2682,5,21,subject1_day1_setup05_hgcp,83.763568448435,83.763568448435,0.0,32,32
3,SingleTrain_WithBaseValsalva,1,DBP,train,1,postExerciseHgcp,2682,2683,2683,5,21,subject1_day1_setup05_hgcp,83.3209099273514,83.3209099273514,0.0,32,32
3,SingleTrain_WithBaseValsalva,1,DBP,train,1,postExerciseHgcp,2683,2684,2684,5,21,subject1_day1_setup05_hgcp,82.9643956725588,82.9643956725588,0.0,32,32
3,SingleTrain_WithBaseValsalva,1,DBP,train,1,postExerciseHgcp,2684,2685,2685,5,21,subject1_day1_setup05_hgcp,82.7446881592579,82.7446881592579,0.0,32,32
3,SingleTrain_WithBaseValsalva,1,DBP,train,1,postExerciseHgcp,2685,2686,2686,5,21,subject1_day1_setup05_hgcp,82.3889792305281,82.3889792305281,0.0,32,32
3,SingleTrain_WithBaseValsalva,1,DBP,train,1,postExerciseHgcp,2686,2687,2687,5,21,subject1_day1_setup05_hgcp,82.2834266309398,82.2834266309398,0.0,32,32
3,SingleTrain_WithBaseValsalva,1,DBP,train,1,postExerciseHgcp,2687,2688,2688,5,21,subject1_day1_setup05_hgcp,82.2621731430831,82.2621731430831,0.0,32,32
3,SingleTrain_WithBaseValsalva,1,DBP,train,1,postExerciseHgcp,2688,2689,2689,5,21,subject1_day1_setup05_hgcp,82.1132531358731,82.1132531358731,0.0,32,32
3,SingleTrain_WithBaseValsalva,1,DBP,train,1,postExerciseHgcp,2689,2690,2690,5,21,subject1_day1_setup05_hgcp,81.8290410507791,81.8290410507791,0.0,32,32
3,SingleTrain_WithBaseValsalva,1,DBP,train,1,postExerciseHgcp,2690,2691,2691,5,21,subject1_day1_setup05_hgcp,81.4854132017647,81.4854132017647,0.0,32,32
3,SingleTrain_WithBaseValsalva,1,DBP,train,1,postExerciseHgcp,2691,2692,2692,5,21,subject1_day1_setup05_hgcp,81.06777366218,81.06777366218,0.0,32,32
3,SingleTrain_WithBaseValsalva,1,DBP,train,1,postExerciseHgcp,2692,2693,2693,5,21,subject1_day1_setup05_hgcp,80.8428279133614,80.8428279133614,0.0,32,32
3,SingleTrain_WithBaseValsalva,1,DBP,train,1,postExerciseHgcp,2693,2694,2694,5,21,subject1_day1_setup05_hgcp,80.7426901662985,80.7426901662985,0.0,32,32
3,SingleTrain_WithBaseValsalva,1,DBP,train,1,postExerciseHgcp,2694,2695,2695,5,21,subject1_day1_setup05_hgcp,80.5032623279655,80.5032623279655,0.0,32,32
3,SingleTrain_WithBaseValsalva,1,DBP,train,1,postExerciseHgcp,2695,2696,2696,5,21,subject1_day1_setup05_hgcp,80.3701685158662,80.3701685158662,0.0,32,32
3,SingleTrain_WithBaseValsalva,1,DBP,train,1,postExerciseHgcp,2696,2697,2697,5,21,subject1_day1_setup05_hgcp,80.2096998099853,80.2096998099853,0.0,32,32
3,SingleTrain_WithBaseValsalva,1,DBP,train,1,postExerciseHgcp,2697,2698,2698,5,21,subject1_day1_setup05_hgcp,80.0854329937188,80.2096998099853,0.12426681626649838,32,32
3,SingleTrain_WithBaseValsalva,1,DBP,train,1,postExerciseHgcp,2698,2699,2699,5,21,subject1_day1_setup05_hgcp,79.7703118275069,79.7703118275069,0.0,32,32
3,SingleTrain_WithBaseValsalva,1,DBP,train,1,postExerciseHgcp,2699,2700,2700,5,21,subject1_day1_setup05_hgcp,79.6031195773626,79.6031195773626,0.0,32,32
3,SingleTrain_WithBaseValsalva,1,DBP,train,1,postExerciseHgcp,2700,2701,2701,5,21,subject1_day1_setup05_hgcp,79.4547237760302,79.4547237760302,0.0,32,32
3,SingleTrain_WithBaseValsalva,1,DBP,train,1,postExerciseHgcp,2701,2702,2702,5,21,subject1_day1_setup05_hgcp,79.3270156872784,79.4547237760302,0.1277080887518025,32,32
3,SingleTrain_WithBaseValsalva,1,DBP,train,1,postExerciseHgcp,2702,2703,2703,5,21,subject1_day1_setup05_hgcp,79.2123231045317,79.2123231045317,0.0,32,32
3,SingleTrain_WithBaseValsalva,1,DBP,train,1,postExerciseHgcp,2703,2704,2704,5,21,subject1_day1_setup05_hgcp,79.0370760404303,79.1138377698507,0.07676172942039727,32,32
3,SingleTrain_WithBaseValsalva,1,DBP,train,1,postExerciseHgcp,2704,2705,2705,5,21,subject1_day1_setup05_hgcp,79.0488257517075,79.0488257517075,0.0,32,32
3,SingleTrain_WithBaseValsalva,1,DBP,train,1,postExerciseHgcp,2705,2706,2706,5,21,subject1_day1_setup05_hgcp,79.0625169635083,79.0625169635083,0.0,32,32
3,SingleTrain_WithBaseValsalva,1,DBP,train,1,postExerciseHgcp,2706,2707,2707,5,21,subject1_day1_setup05_hgcp,79.1787651678036,79.1138377698507,-0.06492739795289992,32,32
3,SingleTrain_WithBaseValsalva,1,DBP,train,1,postExerciseHgcp,2707,2708,2708,5,21,subject1_day1_setup05_hgcp,79.1273001072392,79.1273001072392,0.0,32,32
3,SingleTrain_WithBaseValsalva,1,DBP,train,1,postExerciseHgcp,2708,2709,2709,5,21,subject1_day1_setup05_hgcp,79.1138377698507,79.1138377698507,0.0,32,32
3,SingleTrain_WithBaseValsalva,1,DBP,train,1,postExerciseHgcp,2709,2710,2710,5,21,subject1_day1_setup05_hgcp,79.1584616038839,79.1584616038839,0.0,32,32
3,SingleTrain_WithBaseValsalva,1,DBP,train,1,postExerciseHgcp,2710,2711,2711,5,21,subject1_day1_setup05_hgcp,79.208388767809,79.208388767809,0.0,32,32
3,SingleTrain_WithBaseValsalva,1,DBP,train,1,postExerciseHgcp,2711,2712,2712,5,21,subject1_day1_setup05_hgcp,79.0852236959977,79.0852236959977,0.0,32,32
3,SingleTrain_WithBaseValsalva,1,DBP,train,1,postExerciseHgcp,2712,2713,2713,5,21,subject1_day1_setup05_hgcp,79.029305133053,79.029305133053,0.0,32,32
3,SingleTrain_WithBaseValsalva,1,DBP,train,1,postExerciseHgcp,2713,2714,2714,5,21,subject1_day1_setup05_hgcp,78.8486799744534,78.8486799744534,0.0,32,32
3,SingleTrain_WithBaseValsalva,1,DBP,train,1,postExerciseHgcp,2714,2715,2715,5,21,subject1_day1_setup05_hgcp,78.6999857179938,78.8486799744534,0.14869425645960632,32,32
3,SingleTrain_WithBaseValsalva,1,DBP,train,1,postExerciseHgcp,2715,2716,2716,5,21,subject1_day1_setup05_hgcp,78.4538845378754,78.84867997445339,0.39479543657799354,32,32
3,SingleTrain_WithBaseValsalva,1,DBP,train,1,postExerciseHgcp,2716,2717,2717,5,21,subject1_day1_setup05_hgcp,78.437949288394,78.437949288394,0.0,32,32
3,SingleTrain_WithBaseValsalva,1,DBP,train,1,postExerciseHgcp,2717,2718,2718,5,21,subject1_day1_setup05_hgcp,78.5806478628234,78.5806478628234,0.0,32,32
3,SingleTrain_WithBaseValsalva,1,DBP,train,1,postExerciseHgcp,2718,2719,2719,5,21,subject1_day1_setup05_hgcp,78.6848692054694,78.6848692054694,0.0,32,32
3,SingleTrain_WithBaseValsalva,1,DBP,train,1,postExerciseHgcp,2719,2720,2720,5,21,subject1_day1_setup05_hgcp,78.8639406665372,78.8639406665372,0.0,32,32
3,SingleTrain_WithBaseValsalva,1,DBP,train,1,postExerciseHgcp,2720,2721,2721,5,21,subject1_day1_setup05_hgcp,79.0108460429566,79.0108460429566,0.0,32,32
3,SingleTrain_WithBaseValsalva,1,DBP,train,1,postExerciseHgcp,2721,2722,2722,5,21,subject1_day1_setup05_hgcp,79.3641673565577,79.3641673565577,0.0,32,32
3,SingleTrain_WithBaseValsalva,1,DBP,train,1,postExerciseHgcp,2722,2723,2723,5,21,subject1_day1_setup05_hgcp,79.6318671504827,79.6318671504827,0.0,32,32
3,SingleTrain_WithBaseValsalva,1,DBP,train,1,postExerciseHgcp,2723,2724,2724,5,21,subject1_day1_setup05_hgcp,79.8433853828361,79.814387211156,-0.02899817168010088,32,32
3,SingleTrain_WithBaseValsalva,1,DBP,train,1,postExerciseHgcp,2724,2725,2725,5,21,subject1_day1_setup05_hgcp,79.814387211156,80.0538542866997,0.2394670755437005,32,32
3,SingleTrain_WithBaseValsalva,1,DBP,train,1,postExerciseHgcp,2725,2726,2726,5,21,subject1_day1_setup05_hgcp,80.0538542866997,80.0538542866997,0.0,32,32
3,SingleTrain_WithBaseValsalva,1,DBP,train,1,postExerciseHgcp,2726,2727,2727,5,21,subject1_day1_setup05_hgcp,80.0561149881991,80.0561149881991,0.0,32,32
3,SingleTrain_WithBaseValsalva,1,DBP,train,1,postExerciseHgcp,2727,2728,2728,5,21,subject1_day1_setup05_hgcp,80.034764190497,80.0561149881991,0.021350797702098134,32,32
3,SingleTrain_WithBaseValsalva,1,DBP,train,1,postExerciseHgcp,2728,2729,2729,5,21,subject1_day1_setup05_hgcp,80.2010354660154,80.2010354660154,0.0,32,32
3,SingleTrain_WithBaseValsalva,1,DBP,train,1,postExerciseHgcp,2729,2730,2730,5,21,subject1_day1_setup05_hgcp,80.2795252419046,80.2795252419046,0.0,32,32
3,SingleTrain_WithBaseValsalva,1,DBP,train,1,postExerciseHgcp,2730,2731,2731,5,21,subject1_day1_setup05_hgcp,80.3679091185684,80.2795252419046,-0.08838387666381209,32,32
3,SingleTrain_WithBaseValsalva,1,DBP,train,1,postExerciseHgcp,2731,2732,2732,5,21,subject1_day1_setup05_hgcp,80.4241806317864,80.4241806317864,0.0,32,32
3,SingleTrain_WithBaseValsalva,1,DBP,train,1,postExerciseHgcp,2732,2733,2733,5,21,subject1_day1_setup05_hgcp,80.6244988028719,80.6244988028719,0.0,32,32
3,SingleTrain_WithBaseValsalva,1,DBP,train,1,postExerciseHgcp,2733,2734,2734,5,21,subject1_day1_setup05_hgcp,80.9531704072755,80.9531704072755,0.0,32,32
3,SingleTrain_WithBaseValsalva,1,DBP,train,1,postExerciseHgcp,2734,2735,2735,5,21,subject1_day1_setup05_hgcp,81.1491500253967,81.1491500253967,0.0,32,32
3,SingleTrain_WithBaseValsalva,1,DBP,train,1,postExerciseHgcp,2735,2736,2736,5,21,subject1_day1_setup05_hgcp,81.3669051566425,81.3669051566425,0.0,32,32
3,SingleTrain_WithBaseValsalva,1,DBP,train,1,postExerciseHgcp,2736,2737,2737,5,21,subject1_day1_setup05_hgcp,81.6102785386231,81.5276410980149,-0.08263744060820954,32,32
3,SingleTrain_WithBaseValsalva,1,DBP,train,1,postExerciseHgcp,2737,2738,2738,5,21,subject1_day1_setup05_hgcp,81.6282018258112,81.6282018258112,0.0,32,32
3,SingleTrain_WithBaseValsalva,1,DBP,train,1,postExerciseHgcp,2738,2739,2739,5,21,subject1_day1_setup05_hgcp,81.701205019672,81.6102785386231,-0.09092648104889633,32,32
3,SingleTrain_WithBaseValsalva,1,DBP,train,1,postExerciseHgcp,2739,2740,2740,5,21,subject1_day1_setup05_hgcp,81.624797570537,81.600981527594,-0.023816042942996773,32,32
3,SingleTrain_WithBaseValsalva,1,DBP,train,1,postExerciseHgcp,2740,2741,2741,5,21,subject1_day1_setup05_hgcp,81.600981527594,81.5276410980149,-0.0733404295791047,32,32
3,SingleTrain_WithBaseValsalva,1,DBP,train,1,postExerciseHgcp,2741,2742,2742,5,21,subject1_day1_setup05_hgcp,81.2790649298133,81.2790649298133,0.0,32,32
3,SingleTrain_WithBaseValsalva,1,DBP,train,1,postExerciseHgcp,2742,2743,2743,5,21,subject1_day1_setup05_hgcp,80.9654936389613,80.9654936389613,0.0,32,32
3,SingleTrain_WithBaseValsalva,1,DBP,train,1,postExerciseHgcp,2743,2744,2744,5,22,subject1_day1_setup05_hgcp,82.6424805328848,82.6424805328848,0.0,32,32
3,SingleTrain_WithBaseValsalva,1,DBP,train,1,postExerciseHgcp,2744,2745,2745,5,22,subject1_day1_setup05_hgcp,82.6189244613332,82.6189244613332,0.0,32,32
3,SingleTrain_WithBaseValsalva,1,DBP,train,1,postExerciseHgcp,2745,2746,2746,5,22,subject1_day1_setup05_hgcp,82.4032390779662,82.0799108256141,-0.3233282523520984,32,32
3,SingleTrain_WithBaseValsalva,1,DBP,train,1,postExerciseHgcp,2746,2747,2747,5,22,subject1_day1_setup05_hgcp,82.0799108256141,82.0799108256141,0.0,32,32
3,SingleTrain_WithBaseValsalva,1,DBP,train,1,postExerciseHgcp,2747,2748,2748,5,22,subject1_day1_setup05_hgcp,81.7788089757056,81.7788089757056,0.0,32,32
3,SingleTrain_WithBaseValsalva,1,DBP,train,1,postExerciseHgcp,2748,2749,2749,5,22,subject1_day1_setup05_hgcp,81.6378820225653,81.7788089757056,0.14092695314030834,32,32
3,SingleTrain_WithBaseValsalva,1,DBP,train,1,postExerciseHgcp,2749,2750,2750,5,22,subject1_day1_setup05_hgcp,81.4329244614628,81.4329244614628,0.0,32,32
3,SingleTrain_WithBaseValsalva,1,DBP,train,1,postExerciseHgcp,2750,2751,2751,5,22,subject1_day1_setup05_hgcp,81.1767859933587,81.1767859933587,0.0,32,32
3,SingleTrain_WithBaseValsalva,1,DBP,train,1,postExerciseHgcp,2751,2752,2752,5,22,subject1_day1_setup05_hgcp,80.9750501938374,81.1767859933587,0.20173579952130183,32,32
3,SingleTrain_WithBaseValsalva,1,DBP,train,1,postExerciseHgcp,2752,2753,2753,5,22,subject1_day1_setup05_hgcp,80.7908120216262,80.7908120216262,0.0,32,32
3,SingleTrain_WithBaseValsalva,1,DBP,train,1,postExerciseHgcp,2753,2754,2754,5,22,subject1_day1_setup05_hgcp,80.5539626334136,80.5539626334136,0.0,32,32
3,SingleTrain_WithBaseValsalva,1,DBP,train,1,postExerciseHgcp,2754,2755,2755,5,22,subject1_day1_setup05_hgcp,80.1488572047092,80.1488572047092,0.0,32,32
3,SingleTrain_WithBaseValsalva,1,DBP,train,1,postExerciseHgcp,2755,2756,2756,5,22,subject1_day1_setup05_hgcp,79.8382694299589,79.8382694299589,0.0,32,32
3,SingleTrain_WithBaseValsalva,1,DBP,train,1,postExerciseHgcp,2756,2757,2757,5,22,subject1_day1_setup05_hgcp,79.4258285550966,78.9880234874711,-0.4378050676255043,32,32
3,SingleTrain_WithBaseValsalva,1,DBP,train,1,postExerciseHgcp,2757,2758,2758,5,22,subject1_day1_setup05_hgcp,78.9880234874711,78.9880234874711,0.0,32,32
3,SingleTrain_WithBaseValsalva,1,DBP,train,1,postExerciseHgcp,2758,2759,2759,5,22,subject1_day1_setup05_hgcp,78.5742105819063,78.5742105819063,0.0,32,32
3,SingleTrain_WithBaseValsalva,1,DBP,train,1,postExerciseHgcp,2759,2760,2760,5,22,subject1_day1_setup05_hgcp,78.4356705520504,78.4356705520504,0.0,32,32
3,SingleTrain_WithBaseValsalva,1,DBP,train,1,postExerciseHgcp,2760,2761,2761,5,22,subject1_day1_setup05_hgcp,78.1674558885447,78.1674558885447,0.0,32,32
3,SingleTrain_WithBaseValsalva,1,DBP,train,1,postExerciseHgcp,2761,2762,2762,5,22,subject1_day1_setup05_hgcp,77.973501436569,77.973501436569,0.0,32,32
3,SingleTrain_WithBaseValsalva,1,DBP,train,1,postExerciseHgcp,2762,2763,2763,5,22,subject1_day1_setup05_hgcp,77.6765173970482,77.6765173970482,0.0,32,32
3,SingleTrain_WithBaseValsalva,1,DBP,train,1,postExerciseHgcp,2763,2764,2764,5,22,subject1_day1_setup05_hgcp,77.6180652056009,77.6180652056009,0.0,32,32
3,SingleTrain_WithBaseValsalva,1,DBP,train,1,postExerciseHgcp,2764,2765,2765,5,22,subject1_day1_setup05_hgcp,77.361352555106,77.361352555106,0.0,32,32
3,SingleTrain_WithBaseValsalva,1,DBP,train,1,postExerciseHgcp,2765,2766,2766,5,22,subject1_day1_setup05_hgcp,77.2669975167218,77.3259366931248,0.05893917640300117,32,32
3,SingleTrain_WithBaseValsalva,1,DBP,train,1,postExerciseHgcp,2766,2767,2767,5,22,subject1_day1_setup05_hgcp,77.3259366931248,77.3259366931248,0.0,32,32
3,SingleTrain_WithBaseValsalva,1,DBP,train,1,postExerciseHgcp,2767,2768,2768,5,22,subject1_day1_setup05_hgcp,77.469180897616,77.469180897616,0.0,32,32
3,SingleTrain_WithBaseValsalva,1,DBP,train,1,postExerciseHgcp,2768,2769,2769,5,22,subject1_day1_setup05_hgcp,77.5463823105714,77.5463823105714,0.0,32,32
3,SingleTrain_WithBaseValsalva,1,DBP,train,1,postExerciseHgcp,2769,2770,2770,5,22,subject1_day1_setup05_hgcp,77.7583534024619,77.7583534024619,0.0,32,32
3,SingleTrain_WithBaseValsalva,1,DBP,train,1,postExerciseHgcp,2770,2771,2771,5,22,subject1_day1_setup05_hgcp,77.9529426073574,77.9529426073574,0.0,32,32
3,SingleTrain_WithBaseValsalva,1,DBP,train,1,postExerciseHgcp,2771,2772,2772,5,22,subject1_day1_setup05_hgcp,78.2744923029104,78.2744923029104,0.0,32,32
3,SingleTrain_WithBaseValsalva,1,DBP,train,1,postExerciseHgcp,2772,2773,2773,5,22,subject1_day1_setup05_hgcp,78.6788112960032,78.6788112960032,0.0,32,32
3,SingleTrain_WithBaseValsalva,1,DBP,train,1,postExerciseHgcp,2773,2774,2774,5,22,subject1_day1_setup05_hgcp,79.1296150046,79.1296150046,0.0,32,32
3,SingleTrain_WithBaseValsalva,1,DBP,train,1,postExerciseHgcp,2774,2775,2775,5,22,subject1_day1_setup05_hgcp,79.3282988898503,79.3282988898503,0.0,32,32
3,SingleTrain_WithBaseValsalva,1,DBP,train,1,postExerciseHgcp,2775,2776,2776,5,22,subject1_day1_setup05_hgcp,79.6343228377173,79.6343228377173,0.0,32,32
3,SingleTrain_WithBaseValsalva,1,DBP,train,1,postExerciseHgcp,2776,2777,2777,5,22,subject1_day1_setup05_hgcp,79.9482036182473,79.9482036182473,0.0,32,32
3,SingleTrain_WithBaseValsalva,1,DBP,train,1,postExerciseHgcp,2777,2778,2778,5,22,subject1_day1_setup05_hgcp,80.1802158935022,80.3260099279268,0.14579403442461114,32,32
3,SingleTrain_WithBaseValsalva,1,DBP,train,1,postExerciseHgcp,2778,2779,2779,5,22,subject1_day1_setup05_hgcp,80.327025306506,80.327025306506,0.0,32,32
3,SingleTrain_WithBaseValsalva,1,DBP,train,1,postExerciseHgcp,2779,2780,2780,5,22,subject1_day1_setup05_hgcp,80.3260099279268,80.3260099279268,0.0,32,32
3,SingleTrain_WithBaseValsalva,1,DBP,train,1,postExerciseHgcp,2780,2781,2781,5,22,subject1_day1_setup05_hgcp,80.3316407385843,80.3316407385843,0.0,32,32
3,SingleTrain_WithBaseValsalva,1,DBP,train,1,postExerciseHgcp,2781,2782,2782,5,22,subject1_day1_setup05_hgcp,80.6008547853613,80.6008547853613,0.0,32,32
3,SingleTrain_WithBaseValsalva,1,DBP,train,1,postExerciseHgcp,2782,2783,2783,5,22,subject1_day1_setup05_hgcp,80.9757308958623,80.9757308958623,0.0,32,32
3,SingleTrain_WithBaseValsalva,1,DBP,train,1,postExerciseHgcp,2783,2784,2784,5,22,subject1_day1_setup05_hgcp,81.0694839015326,81.0694839015326,0.0,32,32
3,SingleTrain_WithBaseValsalva,1,DBP,train,1,postExerciseHgcp,2784,2785,2785,5,22,subject1_day1_setup05_hgcp,81.3738418728269,81.3738418728269,0.0,32,32
3,SingleTrain_WithBaseValsalva,1,DBP,train,1,postExerciseHgcp,2785,2786,2786,5,22,subject1_day1_setup05_hgcp,81.6424558878823,81.6424558878823,0.0,32,32
3,SingleTrain_WithBaseValsalva,1,DBP,train,1,postExerciseHgcp,2786,2787,2787,5,22,subject1_day1_setup05_hgcp,81.8135751974841,81.7008865340252,-0.11268866345889705,32,32
3,SingleTrain_WithBaseValsalva,1,DBP,train,1,postExerciseHgcp,2787,2788,2788,5,22,subject1_day1_setup05_hgcp,81.7008865340252,81.6778179962077,-0.023068537817508172,32,32
3,SingleTrain_WithBaseValsalva,1,DBP,train,1,postExerciseHgcp,2788,2789,2789,5,22,subject1_day1_setup05_hgcp,81.6778179962077,81.6778179962077,0.0,32,32
3,SingleTrain_WithBaseValsalva,1,DBP,train,1,postExerciseHgcp,2789,2790,2790,5,22,subject1_day1_setup05_hgcp,81.5276410980149,81.5276410980149,0.0,32,32
3,SingleTrain_WithBaseValsalva,1,DBP,train,1,postExerciseHgcp,2790,2791,2791,5,22,subject1_day1_setup05_hgcp,81.4976515974372,81.4976515974372,0.0,32,32
3,SingleTrain_WithBaseValsalva,1,DBP,train,1,postExerciseHgcp,2791,2792,2792,5,22,subject1_day1_setup05_hgcp,81.2687637955119,81.1514219395679,-0.11734185594400515,32,32
3,SingleTrain_WithBaseValsalva,1,DBP,train,1,postExerciseHgcp,2792,2793,2793,5,22,subject1_day1_setup05_hgcp,81.0397612117617,81.0397612117617,0.0,32,32
3,SingleTrain_WithBaseValsalva,1,DBP,train,1,postExerciseHgcp,2793,2794,2794,5,22,subject1_day1_setup05_hgcp,80.7338233670833,80.8186252143618,0.0848018472784986,32,32
3,SingleTrain_WithBaseValsalva,1,DBP,train,1,postExerciseHgcp,2794,2795,2795,5,22,subject1_day1_setup05_hgcp,80.8186252143618,80.8186252143618,0.0,32,32
3,SingleTrain_WithBaseValsalva,1,DBP,train,1,postExerciseHgcp,2795,2796,2796,5,22,subject1_day1_setup05_hgcp,80.7948279961203,80.7948279961203,0.0,32,32
3,SingleTrain_WithBaseValsalva,1,DBP,train,1,postExerciseHgcp,2796,2797,2797,5,22,subject1_day1_setup05_hgcp,80.8241249577928,80.8241249577928,0.0,32,32
3,SingleTrain_WithBaseValsalva,1,DBP,train,1,postExerciseHgcp,2797,2798,2798,5,22,subject1_day1_setup05_hgcp,80.9607145582033,80.9607145582033,0.0,32,32
3,SingleTrain_WithBaseValsalva,1,DBP,train,1,postExerciseHgcp,2798,2799,2799,5,22,subject1_day1_setup05_hgcp,81.1514219395679,81.1514219395679,0.0,32,32
3,SingleTrain_WithBaseValsalva,1,DBP,train,1,postExerciseHgcp,2799,2800,2800,5,22,subject1_day1_setup05_hgcp,81.4607736109365,81.1514219395679,-0.30935167136860287,32,32
3,SingleTrain_WithBaseValsalva,1,DBP,train,1,postExerciseHgcp,2800,2801,2801,5,22,subject1_day1_setup05_hgcp,81.5997732745864,81.37692194336,-0.22285133122639422,32,32
3,SingleTrain_WithBaseValsalva,1,DBP,train,1,postExerciseHgcp,2801,2802,2802,5,22,subject1_day1_setup05_hgcp,81.37692194336,81.37692194336,0.0,32,32
3,SingleTrain_WithBaseValsalva,1,DBP,train,1,postExerciseHgcp,2802,2803,2803,5,22,subject1_day1_setup05_hgcp,81.1310334280284,81.1310334280284,0.0,32,32
3,SingleTrain_WithBaseValsalva,1,DBP,train,1,postExerciseHgcp,2803,2804,2804,5,22,subject1_day1_setup05_hgcp,81.0895409781796,81.0895409781796,0.0,32,32
3,SingleTrain_WithBaseValsalva,1,DBP,train,1,postExerciseHgcp,2804,2805,2805,5,22,subject1_day1_setup05_hgcp,80.8523829733372,80.8523829733372,0.0,32,32
3,SingleTrain_WithBaseValsalva,1,DBP,train,1,postExerciseHgcp,2805,2806,2806,5,22,subject1_day1_setup05_hgcp,80.5859591937755,80.5859591937755,0.0,32,32
3,SingleTrain_WithBaseValsalva,1,DBP,train,1,postExerciseHgcp,2806,2807,2807,5,22,subject1_day1_setup05_hgcp,80.5356504249706,80.5356504249706,0.0,32,32
3,SingleTrain_WithBaseValsalva,1,DBP,train,1,postExerciseHgcp,2807,2808,2808,5,22,subject1_day1_setup05_hgcp,80.7418722805974,80.7418722805974,0.0,32,32
3,SingleTrain_WithBaseValsalva,1,DBP,train,1,postExerciseHgcp,2808,2809,2809,5,22,subject1_day1_setup05_hgcp,80.8879836315156,80.8879836315156,0.0,32,32
3,SingleTrain_WithBaseValsalva,1,DBP,train,1,postExerciseHgcp,2809,2810,2810,5,22,subject1_day1_setup05_hgcp,80.9533964740362,80.9533964740362,0.0,32,32
3,SingleTrain_WithBaseValsalva,1,DBP,train,1,postExerciseHgcp,2810,2811,2811,5,22,subject1_day1_setup05_hgcp,81.1530190828754,81.1530190828754,0.0,32,32
3,SingleTrain_WithBaseValsalva,1,DBP,train,1,postExerciseHgcp,2811,2812,2812,5,22,subject1_day1_setup05_hgcp,81.2682581749004,81.2682581749004,0.0,32,32
3,SingleTrain_WithBaseValsalva,1,DBP,train,1,postExerciseHgcp,2812,2813,2813,5,22,subject1_day1_setup05_hgcp,81.1352484866856,81.1352484866856,0.0,32,32
3,SingleTrain_WithBaseValsalva,1,DBP,train,1,postExerciseHgcp,2813,2814,2814,5,22,subject1_day1_setup05_hgcp,81.1834908545586,81.1676166946454,-0.01587415991319574,32,32
3,SingleTrain_WithBaseValsalva,1,DBP,train,1,postExerciseHgcp,2814,2815,2815,5,22,subject1_day1_setup05_hgcp,81.1676166946454,81.1676166946454,0.0,32,32
3,SingleTrain_WithBaseValsalva,1,DBP,train,1,postExerciseHgcp,2815,2816,2816,5,22,subject1_day1_setup05_hgcp,80.9977028983069,80.9977028983069,0.0,32,32
3,SingleTrain_WithBaseValsalva,1,DBP,train,1,postExerciseHgcp,2816,2817,2817,5,22,subject1_day1_setup05_hgcp,80.7357288291608,80.7357288291608,0.0,32,32
3,SingleTrain_WithBaseValsalva,1,DBP,train,1,postExerciseHgcp,2817,2818,2818,5,22,subject1_day1_setup05_hgcp,80.4950017502612,80.4950017502612,0.0,32,32
3,SingleTrain_WithBaseValsalva,1,DBP,train,1,postExerciseHgcp,2818,2819,2819,5,22,subject1_day1_setup05_hgcp,80.2405416332923,80.2405416332923,0.0,32,32
3,SingleTrain_WithBaseValsalva,1,DBP,train,1,postExerciseHgcp,2819,2820,2820,5,22,subject1_day1_setup05_hgcp,79.8893649773765,80.0751512903016,0.18578631292510295,32,32
3,SingleTrain_WithBaseValsalva,1,DBP,train,1,postExerciseHgcp,2820,2821,2821,5,22,subject1_day1_setup05_hgcp,79.8797596424041,79.8797596424041,0.0,32,32
3,SingleTrain_WithBaseValsalva,1,DBP,train,1,postExerciseHgcp,2821,2822,2822,5,22,subject1_day1_setup05_hgcp,79.9185702318924,79.9774348861439,0.058864654251493675,32,32
3,SingleTrain_WithBaseValsalva,1,DBP,train,1,postExerciseHgcp,2822,2823,2823,5,22,subject1_day1_setup05_hgcp,79.9774348861439,79.9774348861439,0.0,32,32
3,SingleTrain_WithBaseValsalva,1,DBP,train,1,postExerciseHgcp,2823,2824,2824,5,22,subject1_day1_setup05_hgcp,79.9602016988771,79.9774348861439,0.01723318726679679,32,32
3,SingleTrain_WithBaseValsalva,1,DBP,train,1,postExerciseHgcp,2824,2825,2825,5,22,subject1_day1_setup05_hgcp,80.0751512903016,79.9602016988771,-0.11494959142450512,32,32
3,SingleTrain_WithBaseValsalva,1,DBP,train,1,postExerciseHgcp,2825,2826,2826,5,22,subject1_day1_setup05_hgcp,80.0964694230626,79.8893649773765,-0.20710444568609887,32,32
3,SingleTrain_WithBaseValsalva,1,DBP,train,1,postExerciseHgcp,2826,2827,2827,5,22,subject1_day1_setup05_hgcp,79.8424819276709,79.8424819276709,0.0,32,32
3,SingleTrain_WithBaseValsalva,1,DBP,train,1,postExerciseHgcp,2827,2828,2828,5,22,subject1_day1_setup05_hgcp,79.6413984938304,79.6413984938304,0.0,32,32
3,SingleTrain_WithBaseValsalva,1,DBP,train,1,postExerciseHgcp,2828,2829,2829,5,22,subject1_day1_setup05_hgcp,79.3739547094332,79.3739547094332,0.0,32,32
3,SingleTrain_WithBaseValsalva,1,DBP,train,1,postExerciseHgcp,2829,2830,2830,5,22,subject1_day1_setup05_hgcp,79.3130241737752,79.3130241737752,0.0,32,32
3,SingleTrain_WithBaseValsalva,1,DBP,train,1,postExerciseHgcp,2830,2831,2831,5,22,subject1_day1_setup05_hgcp,79.1647053946335,79.3130241737752,0.14831877914170377,32,32
3,SingleTrain_WithBaseValsalva,1,DBP,train,1,postExerciseHgcp,2831,2832,2832,5,22,subject1_day1_setup05_hgcp,79.2607125909259,79.5898815061595,0.3291689152335948,32,32
3,SingleTrain_WithBaseValsalva,1,DBP,train,1,postExerciseHgcp,2832,2833,2833,5,22,subject1_day1_setup05_hgcp,79.5898815061595,79.5898815061595,0.0,32,32
3,SingleTrain_WithBaseValsalva,1,DBP,train,1,postExerciseHgcp,2833,2834,2834,5,22,subject1_day1_setup05_hgcp,79.9989890852549,79.9989890852549,0.0,32,32
3,SingleTrain_WithBaseValsalva,1,DBP,train,1,postExerciseHgcp,2834,2835,2835,5,22,subject1_day1_setup05_hgcp,80.4156590348676,80.4156590348676,0.0,32,32
3,SingleTrain_WithBaseValsalva,1,DBP,train,1,postExerciseHgcp,2835,2836,2836,5,22,subject1_day1_setup05_hgcp,80.976440338849,80.976440338849,0.0,32,32
3,SingleTrain_WithBaseValsalva,1,DBP,train,1,postExerciseHgcp,2836,2837,2837,5,22,subject1_day1_setup05_hgcp,81.5151060151001,81.5151060151001,0.0,32,32
3,SingleTrain_WithBaseValsalva,1,DBP,train,1,postExerciseHgcp,2837,2838,2838,5,22,subject1_day1_setup05_hgcp,81.9389322585997,81.9389322585997,0.0,32,32
3,SingleTrain_WithBaseValsalva,1,DBP,train,1,postExerciseHgcp,2838,2839,2839,5,22,subject1_day1_setup05_hgcp,82.5036157809565,82.5036157809565,0.0,32,32
3,SingleTrain_WithBaseValsalva,1,DBP,train,1,postExerciseHgcp,2839,2840,2840,5,22,subject1_day1_setup05_hgcp,82.9850691232112,82.9850691232112,0.0,32,32
3,SingleTrain_WithBaseValsalva,1,DBP,train,1,postExerciseHgcp,2840,2841,2841,5,22,subject1_day1_setup05_hgcp,83.2278327125389,83.2278327125389,0.0,32,32
3,SingleTrain_WithBaseValsalva,1,DBP,train,1,postExerciseHgcp,2841,2842,2842,5,22,subject1_day1_setup05_hgcp,83.6342738311946,83.6342738311946,0.0,32,32
3,SingleTrain_WithBaseValsalva,1,DBP,train,1,postExerciseHgcp,2842,2843,2843,5,22,subject1_day1_setup05_hgcp,84.0015473593939,84.0015473593939,0.0,32,32
3,SingleTrain_WithBaseValsalva,1,DBP,train,1,postExerciseHgcp,2843,2844,2844,5,22,subject1_day1_setup05_hgcp,84.3932092433615,84.3932092433615,0.0,32,32
3,SingleTrain_WithBaseValsalva,1,DBP,train,1,postExerciseHgcp,2844,2845,2845,5,22,subject1_day1_setup05_hgcp,84.5083539090263,84.5083539090263,0.0,32,32
3,SingleTrain_WithBaseValsalva,1,DBP,train,1,postExerciseHgcp,2845,2846,2846,5,22,subject1_day1_setup05_hgcp,84.8707135806331,84.8707135806331,0.0,32,32
3,SingleTrain_WithBaseValsalva,1,DBP,train,1,postExerciseHgcp,2846,2847,2847,5,22,subject1_day1_setup05_hgcp,85.1632419425532,85.271205474408,0.10796353185480712,32,32
3,SingleTrain_WithBaseValsalva,1,DBP,train,1,postExerciseHgcp,2847,2848,2848,5,22,subject1_day1_setup05_hgcp,85.271205474408,85.271205474408,0.0,32,32
3,SingleTrain_WithBaseValsalva,1,DBP,train,1,postExerciseHgcp,2848,2849,2849,5,22,subject1_day1_setup05_hgcp,85.4943617875703,85.271205474408,-0.223156313162292,32,32
3,SingleTrain_WithBaseValsalva,1,DBP,train,1,postExerciseHgcp,2849,2850,2850,5,22,subject1_day1_setup05_hgcp,85.6556050120002,85.4339913473738,-0.2216136646263891,32,32
3,SingleTrain_WithBaseValsalva,1,DBP,train,1,postExerciseHgcp,2850,2851,2851,5,22,subject1_day1_setup05_hgcp,85.729546566487,85.4943617875703,-0.23518477891670386,32,32
3,SingleTrain_WithBaseValsalva,1,DBP,train,1,postExerciseHgcp,2851,2852,2852,5,22,subject1_day1_setup05_hgcp,85.69213491813,85.6022511243577,-0.0898837937723016,32,32
3,SingleTrain_WithBaseValsalva,1,DBP,train,1,postExerciseHgcp,2852,2853,2853,5,22,subject1_day1_setup05_hgcp,85.7336137217658,85.6022511243577,-0.1313625974081134,32,32
3,SingleTrain_WithBaseValsalva,1,DBP,train,1,postExerciseHgcp,2853,2854,2854,5,22,subject1_day1_setup05_hgcp,85.6022511243577,85.6022511243577,0.0,32,32
3,SingleTrain_WithBaseValsalva,1,DBP,train,1,postExerciseHgcp,2854,2855,2855,5,22,subject1_day1_setup05_hgcp,85.4944365302573,85.4944365302573,0.0,32,32
3,SingleTrain_WithBaseValsalva,1,DBP,train,1,postExerciseHgcp,2855,2856,2856,5,22,subject1_day1_setup05_hgcp,85.2658902558607,85.2658902558607,0.0,32,32
3,SingleTrain_WithBaseValsalva,1,DBP,train,1,postExerciseHgcp,2856,2857,2857,5,22,subject1_day1_setup05_hgcp,85.0860040531002,85.0860040531002,0.0,32,32
3,SingleTrain_WithBaseValsalva,1,DBP,train,1,postExerciseHgcp,2857,2858,2858,5,22,subject1_day1_setup05_hgcp,84.9073286347955,84.9073286347955,0.0,32,32
3,SingleTrain_WithBaseValsalva,1,DBP,train,1,postExerciseHgcp,2858,2859,2859,5,22,subject1_day1_setup05_hgcp,84.6323083495756,84.6323083495756,0.0,32,32
3,SingleTrain_WithBaseValsalva,1,DBP,train,1,postExerciseHgcp,2859,2860,2860,5,22,subject1_day1_setup05_hgcp,84.413622065227,84.413622065227,0.0,32,32
3,SingleTrain_WithBaseValsalva,1,DBP,train,1,postExerciseHgcp,2860,2861,2861,5,22,subject1_day1_setup05_hgcp,84.2778481650016,84.413622065227,0.13577390022540214,32,32
3,SingleTrain_WithBaseValsalva,1,DBP,train,1,postExerciseHgcp,2893,2894,2894,6,23,subject1_day1_setup06_hgcp,73.0750427554475,73.0750427554475,0.0,32,32
3,SingleTrain_WithBaseValsalva,1,DBP,train,1,postExerciseHgcp,2920,2921,2921,6,23,subject1_day1_setup06_hgcp,84.9499344947596,84.9499344947596,0.0,32,32
3,SingleTrain_WithBaseValsalva,1,DBP,train,1,postExerciseHgcp,2921,2922,2922,6,23,subject1_day1_setup06_hgcp,85.5430562181201,85.5430562181201,0.0,32,32
3,SingleTrain_WithBaseValsalva,1,DBP,train,1,postExerciseHgcp,2922,2923,2923,6,23,subject1_day1_setup06_hgcp,86.1757165228169,86.1757165228169,0.0,32,32
3,SingleTrain_WithBaseValsalva,1,DBP,train,1,postExerciseHgcp,2923,2924,2924,6,23,subject1_day1_setup06_hgcp,86.6860256528206,86.6860256528206,0.0,32,32
3,SingleTrain_WithBaseValsalva,1,DBP,train,1,postExerciseHgcp,2924,2925,2925,6,23,subject1_day1_setup06_hgcp,87.2608758090411,87.2608758090411,0.0,32,32
3,SingleTrain_WithBaseValsalva,1,DBP,train,1,postExerciseHgcp,2925,2926,2926,6,23,subject1_day1_setup06_hgcp,87.7185320920425,87.7185320920425,0.0,32,32
3,SingleTrain_WithBaseValsalva,1,DBP,train,1,postExerciseHgcp,2926,2927,2927,6,23,subject1_day1_setup06_hgcp,88.2174051852211,88.2174051852211,0.0,32,32
3,SingleTrain_WithBaseValsalva,1,DBP,train,1,postExerciseHgcp,2927,2928,2928,6,23,subject1_day1_setup06_hgcp,88.6463996243889,89.1385269148957,0.4921272905068008,32,32
3,SingleTrain_WithBaseValsalva,1,DBP,train,1,postExerciseHgcp,2928,2929,2929,6,23,subject1_day1_setup06_hgcp,89.1385269148957,89.1385269148957,0.0,32,32
3,SingleTrain_WithBaseValsalva,1,DBP,train,1,postExerciseHgcp,2929,2930,2930,6,23,subject1_day1_setup06_hgcp,89.5446895440414,89.5446895440414,0.0,32,32
3,SingleTrain_WithBaseValsalva,1,DBP,train,1,postExerciseHgcp,2930,2931,2931,6,23,subject1_day1_setup06_hgcp,89.8064094669199,89.8064094669199,0.0,32,32
3,SingleTrain_WithBaseValsalva,1,DBP,train,1,postExerciseHgcp,2931,2932,2932,6,23,subject1_day1_setup06_hgcp,89.819414267372,89.80640946691992,-0.01300480045208019,32,32
3,SingleTrain_WithBaseValsalva,1,DBP,train,1,postExerciseHgcp,2966,2967,2967,6,23,subject1_day1_setup06_hgcp,89.0047441927694,89.0047441927694,0.0,32,32
3,SingleTrain_WithBaseValsalva,1,DBP,train,1,postExerciseHgcp,2967,2968,2968,6,23,subject1_day1_setup06_hgcp,88.9327945384013,88.9327945384013,0.0,32,32
3,SingleTrain_WithBaseValsalva,1,DBP,train,1,postExerciseHgcp,2968,2969,2969,6,23,subject1_day1_setup06_hgcp,88.7876019963927,88.9327945384013,0.14519254200860132,32,32
3,SingleTrain_WithBaseValsalva,1,DBP,train,1,postExerciseHgcp,2969,2970,2970,6,23,subject1_day1_setup06_hgcp,88.7181172866747,88.7181172866747,0.0,32,32
3,SingleTrain_WithBaseValsalva,1,DBP,train,1,postExerciseHgcp,2970,2971,2971,6,23,subject1_day1_setup06_hgcp,88.6228395099588,88.7181172866747,0.09527777671590343,32,32
3,SingleTrain_WithBaseValsalva,1,DBP,train,1,postExerciseHgcp,2971,2972,2972,6,23,subject1_day1_setup06_hgcp,88.6485820479647,88.6485820479647,0.0,32,32
3,SingleTrain_WithBaseValsalva,1,DBP,train,1,postExerciseHgcp,2972,2973,2973,6,23,subject1_day1_setup06_hgcp,88.5479132033779,88.6485820479647,0.10066884458679226,32,32
3,SingleTrain_WithBaseValsalva,1,DBP,train,1,postExerciseHgcp,2973,2974,2974,6,23,subject1_day1_setup06_hgcp,88.7028352849509,88.899002790344,0.196167505393106,32,32
3,SingleTrain_WithBaseValsalva,1,DBP,train,1,postExerciseHgcp,2974,2975,2975,6,23,subject1_day1_setup06_hgcp,88.899002790344,89.1186346726614,0.21963188231740105,32,32
3,SingleTrain_WithBaseValsalva,1,DBP,train,1,postExerciseHgcp,2975,2976,2976,6,23,subject1_day1_setup06_hgcp,89.1191601651248,89.1191601651248,0.0,32,32
3,SingleTrain_WithBaseValsalva,1,DBP,train,1,postExerciseHgcp,2976,2977,2977,6,23,subject1_day1_setup06_hgcp,89.4084250061363,89.4084250061363,0.0,32,32
3,SingleTrain_WithBaseValsalva,1,DBP,train,1,postExerciseHgcp,2977,2978,2978,6,23,subject1_day1_setup06_hgcp,89.7979805477754,89.7979805477754,0.0,32,32
3,SingleTrain_WithBaseValsalva,1,DBP,train,1,postExerciseHgcp,2978,2979,2979,6,23,subject1_day1_setup06_hgcp,90.2439290452161,90.2439290452161,0.0,32,32
3,SingleTrain_WithBaseValsalva,1,DBP,train,1,postExerciseHgcp,2979,2980,2980,6,23,subject1_day1_setup06_hgcp,90.5332717726272,90.5332717726272,0.0,32,32
3,SingleTrain_WithBaseValsalva,1,DBP,train,1,postExerciseHgcp,2980,2981,2981,6,23,subject1_day1_setup06_hgcp,90.5595487119162,90.5332717726272,-0.026276939288990775,32,32
3,SingleTrain_WithBaseValsalva,1,DBP,train,1,postExerciseHgcp,2981,2982,2982,6,23,subject1_day1_setup06_hgcp,90.1829092976726,89.9739196546699,-0.2089896430026954,32,32
3,SingleTrain_WithBaseValsalva,1,DBP,train,1,postExerciseHgcp,2982,2983,2983,6,23,subject1_day1_setup06_hgcp,90.1837578747108,90.1829092976726,-0.0008485770382122837,32,32
3,SingleTrain_WithBaseValsalva,1,DBP,train,1,postExerciseHgcp,2983,2984,2984,6,23,subject1_day1_setup06_hgcp,89.9739196546699,89.9739196546699,0.0,32,32
3,SingleTrain_WithBaseValsalva,1,DBP,train,1,postExerciseHgcp,2984,2985,2985,6,23,subject1_day1_setup06_hgcp,89.7968127709457,89.9739196546699,0.1771068837241927,32,32
3,SingleTrain_WithBaseValsalva,1,DBP,train,1,postExerciseHgcp,2985,2986,2986,6,23,subject1_day1_setup06_hgcp,89.6215321264145,89.6215321264145,0.0,32,32
3,SingleTrain_WithBaseValsalva,1,DBP,train,1,postExerciseHgcp,2986,2987,2987,6,23,subject1_day1_setup06_hgcp,89.5809098053996,89.5809098053996,0.0,32,32
3,SingleTrain_WithBaseValsalva,1,DBP,train,1,postExerciseHgcp,2987,2988,2988,6,23,subject1_day1_setup06_hgcp,89.5085479646778,89.5085479646778,0.0,32,32
3,SingleTrain_WithBaseValsalva,1,DBP,train,1,postExerciseHgcp,2989,2990,2990,6,23,subject1_day1_setup06_hgcp,89.4599585901574,89.4599585901574,0.0,32,32
3,SingleTrain_WithBaseValsalva,1,DBP,train,1,postExerciseHgcp,2992,2993,2993,6,23,subject1_day1_setup06_hgcp,89.9128259607854,89.9128259607854,0.0,32,32
3,SingleTrain_WithBaseValsalva,1,DBP,train,1,postExerciseHgcp,2995,2996,2996,6,23,subject1_day1_setup06_hgcp,90.1627441231144,90.1627441231144,0.0,32,32
3,SingleTrain_WithBaseValsalva,1,DBP,train,1,postExerciseHgcp,2996,2997,2997,6,23,subject1_day1_setup06_hgcp,89.9966733003196,89.9966733003196,0.0,32,32
3,SingleTrain_WithBaseValsalva,1,DBP,train,1,postExerciseHgcp,2997,2998,2998,6,23,subject1_day1_setup06_hgcp,89.6120457936026,89.6120457936026,0.0,32,32
3,SingleTrain_WithBaseValsalva,1,DBP,train,1,postExerciseHgcp,3007,3008,3008,6,24,subject1_day1_setup06_hgcp,90.3887766226886,90.3887766226886,0.0,32,32
3,SingleTrain_WithBaseValsalva,1,DBP,train,1,postExerciseHgcp,3027,3028,3028,6,24,subject1_day1_setup06_hgcp,84.7418893832575,84.7418893832575,0.0,32,32
3,SingleTrain_WithBaseValsalva,1,DBP,train,1,postExerciseHgcp,3029,3030,3030,6,24,subject1_day1_setup06_hgcp,84.3117240246479,84.3117240246479,0.0,32,32
3,SingleTrain_WithBaseValsalva,1,DBP,train,1,postExerciseHgcp,3036,3037,3037,6,24,subject1_day1_setup06_hgcp,84.8121846400525,84.8121846400525,0.0,32,32
3,SingleTrain_WithBaseValsalva,1,DBP,train,1,postExerciseHgcp,3037,3038,3038,6,24,subject1_day1_setup06_hgcp,85.1510066322034,85.1510066322034,0.0,32,32
3,SingleTrain_WithBaseValsalva,1,DBP,train,1,postExerciseHgcp,3038,3039,3039,6,24,subject1_day1_setup06_hgcp,85.4705323376558,85.4705323376558,0.0,32,32
3,SingleTrain_WithBaseValsalva,1,DBP,train,1,postExerciseHgcp,3039,3040,3040,6,24,subject1_day1_setup06_hgcp,85.8174367099069,85.8174367099069,0.0,32,32
3,SingleTrain_WithBaseValsalva,1,DBP,train,1,postExerciseHgcp,3040,3041,3041,6,24,subject1_day1_setup06_hgcp,86.2190366964693,86.2190366964693,0.0,32,32
3,SingleTrain_WithBaseValsalva,1,DBP,train,1,postExerciseHgcp,3041,3042,3042,6,24,subject1_day1_setup06_hgcp,86.6631825829704,86.6631825829704,0.0,32,32
3,SingleTrain_WithBaseValsalva,1,DBP,train,1,postExerciseHgcp,3042,3043,3043,6,24,subject1_day1_setup06_hgcp,86.6537703623696,86.6537703623696,0.0,32,32
3,SingleTrain_WithBaseValsalva,1,DBP,train,1,postExerciseHgcp,3043,3044,3044,6,24,subject1_day1_setup06_hgcp,86.738946019251,86.738946019251,0.0,32,32
3,SingleTrain_WithBaseValsalva,1,DBP,train,1,postExerciseHgcp,3044,3045,3045,6,24,subject1_day1_setup06_hgcp,86.8684088027917,86.8684088027917,0.0,32,32
3,SingleTrain_WithBaseValsalva,1,DBP,train,1,postExerciseHgcp,3045,3046,3046,6,24,subject1_day1_setup06_hgcp,87.1249808475715,87.1249808475715,0.0,32,32
3,SingleTrain_WithBaseValsalva,1,DBP,train,1,postExerciseHgcp,3046,3047,3047,6,24,subject1_day1_setup06_hgcp,87.3973854042058,87.3973854042058,0.0,32,32
3,SingleTrain_WithBaseValsalva,1,DBP,train,1,postExerciseHgcp,3047,3048,3048,6,24,subject1_day1_setup06_hgcp,87.7598611949223,87.7598611949223,0.0,32,32
3,SingleTrain_WithBaseValsalva,1,DBP,train,1,postExerciseHgcp,3048,3049,3049,6,24,subject1_day1_setup06_hgcp,88.2572994371871,88.2572994371871,0.0,32,32
3,SingleTrain_WithBaseValsalva,1,DBP,train,1,postExerciseHgcp,3049,3050,3050,6,24,subject1_day1_setup06_hgcp,88.7834200971131,88.7834200971131,0.0,32,32
3,SingleTrain_WithBaseValsalva,1,DBP,train,1,postExerciseHgcp,3050,3051,3051,6,24,subject1_day1_setup06_hgcp,89.4370519085124,89.4370519085124,0.0,32,32
3,SingleTrain_WithBaseValsalva,1,DBP,train,1,postExerciseHgcp,3051,3052,3052,6,24,subject1_day1_setup06_hgcp,90.1427214892567,90.1427214892567,0.0,32,32
3,SingleTrain_WithBaseValsalva,1,DBP,train,1,postExerciseHgcp,3052,3053,3053,6,24,subject1_day1_setup06_hgcp,90.8766554768113,90.8766554768113,0.0,32,32
3,SingleTrain_WithBaseValsalva,1,DBP,train,1,postExerciseHgcp,3053,3054,3054,6,24,subject1_day1_setup06_hgcp,91.3699567441596,91.3699567441596,0.0,32,32
3,SingleTrain_WithBaseValsalva,1,DBP,train,1,postExerciseHgcp,3054,3055,3055,6,24,subject1_day1_setup06_hgcp,91.8601574356036,91.8601574356036,0.0,32,32
3,SingleTrain_WithBaseValsalva,1,DBP,train,1,postExerciseHgcp,3055,3056,3056,6,24,subject1_day1_setup06_hgcp,92.3530376571806,92.3530376571806,0.0,32,32
3,SingleTrain_WithBaseValsalva,1,DBP,train,1,postExerciseHgcp,3056,3057,3057,6,24,subject1_day1_setup06_hgcp,92.8869640430197,92.8869640430197,0.0,32,32
3,SingleTrain_WithBaseValsalva,1,DBP,train,1,postExerciseHgcp,3057,3058,3058,6,24,subject1_day1_setup06_hgcp,93.4247600543703,93.4247600543703,0.0,32,32
3,SingleTrain_WithBaseValsalva,1,DBP,train,1,postExerciseHgcp,3058,3059,3059,6,24,subject1_day1_setup06_hgcp,93.9735961292854,93.9735961292854,0.0,32,32
3,SingleTrain_WithBaseValsalva,1,DBP,train,1,postExerciseHgcp,3059,3060,3060,6,24,subject1_day1_setup06_hgcp,94.2576580596316,94.2576580596316,0.0,32,32
3,SingleTrain_WithBaseValsalva,1,DBP,train,1,postExerciseHgcp,3060,3061,3061,6,24,subject1_day1_setup06_hgcp,94.6819082905973,94.6819082905973,0.0,32,32
3,SingleTrain_WithBaseValsalva,1,DBP,train,1,postExerciseHgcp,3061,3062,3062,6,24,subject1_day1_setup06_hgcp,95.2703103368701,95.2703103368701,0.0,32,32
3,SingleTrain_WithBaseValsalva,1,DBP,train,1,postExerciseHgcp,3062,3063,3063,6,24,subject1_day1_setup06_hgcp,96.0870090405093,96.0870090405093,0.0,32,32
3,SingleTrain_WithBaseValsalva,1,DBP,train,1,postExerciseHgcp,3063,3064,3064,6,24,subject1_day1_setup06_hgcp,96.8107942058861,96.8107942058861,0.0,32,32
3,SingleTrain_WithBaseValsalva,1,DBP,train,1,postExerciseHgcp,3064,3065,3065,6,24,subject1_day1_setup06_hgcp,97.4096925106025,97.4096925106025,0.0,32,32
3,SingleTrain_WithBaseValsalva,1,DBP,train,1,postExerciseHgcp,3065,3066,3066,6,24,subject1_day1_setup06_hgcp,97.8606467590411,97.8606467590411,0.0,32,32
3,SingleTrain_WithBaseValsalva,1,DBP,train,1,postExerciseHgcp,3066,3067,3067,6,24,subject1_day1_setup06_hgcp,98.1579459705651,98.1579459705651,0.0,32,32
3,SingleTrain_WithBaseValsalva,1,DBP,train,1,postExerciseHgcp,3067,3068,3068,6,24,subject1_day1_setup06_hgcp,98.360173317722,98.3427398957554,-0.017433421966600804,32,32
3,SingleTrain_WithBaseValsalva,1,DBP,train,1,postExerciseHgcp,3068,3069,3069,6,24,subject1_day1_setup06_hgcp,98.3427398957554,98.3427398957554,0.0,32,32
3,SingleTrain_WithBaseValsalva,1,DBP,train,1,postExerciseHgcp,3069,3070,3070,6,24,subject1_day1_setup06_hgcp,98.3051085856942,98.3051085856942,0.0,32,32
3,SingleTrain_WithBaseValsalva,1,DBP,train,1,postExerciseHgcp,3070,3071,3071,6,24,subject1_day1_setup06_hgcp,98.0394122662714,98.0394122662714,0.0,32,32
3,SingleTrain_WithBaseValsalva,1,DBP,train,1,postExerciseHgcp,3071,3072,3072,6,24,subject1_day1_setup06_hgcp,97.7915364484832,97.7915364484832,0.0,32,32
3,SingleTrain_WithBaseValsalva,1,DBP,train,1,postExerciseHgcp,3072,3073,3073,6,24,subject1_day1_setup06_hgcp,97.2911789713187,97.2911789713187,0.0,32,32
3,SingleTrain_WithBaseValsalva,1,DBP,train,1,postExerciseHgcp,3083,3084,3084,6,24,subject1_day1_setup06_hgcp,92.4207644504764,92.4207644504764,0.0,32,32
3,SingleTrain_WithBaseValsalva,1,DBP,train,1,postExerciseHgcp,3084,3085,3085,6,24,subject1_day1_setup06_hgcp,92.0875717257592,92.0875717257592,0.0,32,32
3,SingleTrain_WithBaseValsalva,1,DBP,train,1,postExerciseHgcp,3085,3086,3086,6,24,subject1_day1_setup06_hgcp,91.3650150890163,91.3650150890163,0.0,32,32
3,SingleTrain_WithBaseValsalva,1,DBP,train,1,postExerciseHgcp,3086,3087,3087,6,24,subject1_day1_setup06_hgcp,90.7338145459881,90.7338145459881,0.0,32,32
3,SingleTrain_WithBaseValsalva,1,DBP,train,1,postExerciseHgcp,3087,3088,3088,6,24,subject1_day1_setup06_hgcp,89.9365584166047,89.9365584166047,0.0,32,32
3,SingleTrain_WithBaseValsalva,1,DBP,train,1,postExerciseHgcp,3088,3089,3089,6,24,subject1_day1_setup06_hgcp,89.3140265341278,89.3140265341278,0.0,32,32
3,SingleTrain_WithBaseValsalva,1,DBP,train,1,postExerciseHgcp,3089,3090,3090,6,24,subject1_day1_setup06_hgcp,88.6377223768544,88.6377223768544,0.0,32,32
3,SingleTrain_WithBaseValsalva,1,DBP,train,1,postExerciseHgcp,3090,3091,3091,6,24,subject1_day1_setup06_hgcp,88.0365299634882,88.0365299634882,0.0,32,32
3,SingleTrain_WithBaseValsalva,1,DBP,train,1,postExerciseHgcp,3091,3092,3092,6,24,subject1_day1_setup06_hgcp,87.3578511291049,87.3578511291049,0.0,32,32
3,SingleTrain_WithBaseValsalva,1,DBP,train,1,postExerciseHgcp,3092,3093,3093,6,24,subject1_day1_setup06_hgcp,87.0699582454407,87.0699582454407,0.0,32,32
3,SingleTrain_WithBaseValsalva,1,DBP,train,1,postExerciseHgcp,3093,3094,3094,6,24,subject1_day1_setup06_hgcp,86.7418169284283,86.7690805930053,0.02726366457699214,32,32
3,SingleTrain_WithBaseValsalva,1,DBP,train,1,postExerciseHgcp,3094,3095,3095,6,24,subject1_day1_setup06_hgcp,86.5112468506688,86.5112468506688,0.0,32,32
3,SingleTrain_WithBaseValsalva,1,DBP,train,1,postExerciseHgcp,3095,3096,3096,6,24,subject1_day1_setup06_hgcp,86.4742263258116,86.4742263258116,0.0,32,32
3,SingleTrain_WithBaseValsalva,1,DBP,train,1,postExerciseHgcp,3096,3097,3097,6,24,subject1_day1_setup06_hgcp,86.5409478278404,86.5112468506688,-0.029700977171600584,32,32
3,SingleTrain_WithBaseValsalva,1,DBP,train,1,postExerciseHgcp,3097,3098,3098,6,24,subject1_day1_setup06_hgcp,86.5487685295439,86.5409478278404,-0.007820701703508348,32,32
3,SingleTrain_WithBaseValsalva,1,DBP,train,1,postExerciseHgcp,3098,3099,3099,6,24,subject1_day1_setup06_hgcp,86.5110018534532,86.5110018534532,0.0,32,32
3,SingleTrain_WithBaseValsalva,1,DBP,train,1,postExerciseHgcp,3099,3100,3100,6,24,subject1_day1_setup06_hgcp,86.4291451346018,86.4742263258116,0.04508119120980325,32,32
3,SingleTrain_WithBaseValsalva,1,DBP,train,1,postExerciseHgcp,3100,3101,3101,6,24,subject1_day1_setup06_hgcp,86.0783459897008,86.0783459897008,0.0,32,32
3,SingleTrain_WithBaseValsalva,1,DBP,train,1,postExerciseHgcp,3101,3102,3102,6,24,subject1_day1_setup06_hgcp,86.3881109421761,86.3881109421761,0.0,32,32
3,SingleTrain_WithBaseValsalva,1,DBP,train,1,postExerciseHgcp,3102,3103,3103,6,24,subject1_day1_setup06_hgcp,86.7690805930053,86.7690805930053,0.0,32,32
3,SingleTrain_WithBaseValsalva,1,DBP,train,1,postExerciseHgcp,3103,3104,3104,6,24,subject1_day1_setup06_hgcp,86.9372340284747,86.9372340284747,0.0,32,32
3,SingleTrain_WithBaseValsalva,1,DBP,train,1,postExerciseHgcp,3104,3105,3105,6,24,subject1_day1_setup06_hgcp,87.1625535211012,87.1625535211012,0.0,32,32
3,SingleTrain_WithBaseValsalva,1,DBP,train,1,postExerciseHgcp,3105,3106,3106,6,24,subject1_day1_setup06_hgcp,88.0006020703655,88.0006020703655,0.0,32,32
3,SingleTrain_WithBaseValsalva,1,DBP,train,1,postExerciseHgcp,3106,3107,3107,6,24,subject1_day1_setup06_hgcp,88.6612600705985,89.00474419276935,0.34348412217084956,32,32
3,SingleTrain_WithBaseValsalva,1,DBP,train,1,postExerciseHgcp,3107,3108,3108,6,24,subject1_day1_setup06_hgcp,89.2572299421325,89.2572299421325,0.0,32,32
3,SingleTrain_WithBaseValsalva,1,DBP,train,1,postExerciseHgcp,3108,3109,3109,6,24,subject1_day1_setup06_hgcp,89.1991132040805,89.1991132040805,0.0,32,32
3,SingleTrain_WithBaseValsalva,1,DBP,train,1,postExerciseHgcp,3109,3110,3110,6,24,subject1_day1_setup06_hgcp,89.4034881984552,89.4034881984552,0.0,32,32
3,SingleTrain_WithBaseValsalva,1,DBP,train,1,postExerciseHgcp,3110,3111,3111,6,24,subject1_day1_setup06_hgcp,89.6171044098137,89.6171044098137,0.0,32,32
3,SingleTrain_WithBaseValsalva,1,DBP,train,1,postExerciseHgcp,3111,3112,3112,6,24,subject1_day1_setup06_hgcp,89.8799757278506,89.8799757278506,0.0,32,32
3,SingleTrain_WithBaseValsalva,1,DBP,train,1,postExerciseHgcp,3112,3113,3113,6,24,subject1_day1_setup06_hgcp,89.9827228204431,89.9827228204431,0.0,32,32
3,SingleTrain_WithBaseValsalva,1,DBP,train,1,postExerciseHgcp,3113,3114,3114,6,24,subject1_day1_setup06_hgcp,90.1397612508977,90.1397612508977,0.0,32,32
3,SingleTrain_WithBaseValsalva,1,DBP,train,1,postExerciseHgcp,3114,3115,3115,6,24,subject1_day1_setup06_hgcp,90.2951236711309,90.1397612508977,-0.1553624202331889,32,32
3,SingleTrain_WithBaseValsalva,1,DBP,train,1,postExerciseHgcp,3115,3116,3116,6,24,subject1_day1_setup06_hgcp,90.416022371319,90.6067950455337,0.19077267421469912,32,32
3,SingleTrain_WithBaseValsalva,1,DBP,train,1,postExerciseHgcp,3116,3117,3117,6,24,subject1_day1_setup06_hgcp,90.6067950455337,90.6067950455337,0.0,32,32
3,SingleTrain_WithBaseValsalva,1,DBP,train,1,postExerciseHgcp,3117,3118,3118,6,24,subject1_day1_setup06_hgcp,90.7230620533105,90.7230620533105,0.0,32,32
3,SingleTrain_WithBaseValsalva,1,DBP,train,1,postExerciseHgcp,3118,3119,3119,6,24,subject1_day1_setup06_hgcp,90.8896698485151,90.8896698485151,0.0,32,32
3,SingleTrain_WithBaseValsalva,1,DBP,train,1,postExerciseHgcp,3119,3120,3120,6,24,subject1_day1_setup06_hgcp,90.8827390845367,90.8827390845367,0.0,32,32
3,SingleTrain_WithBaseValsalva,1,DBP,train,1,postExerciseHgcp,3120,3121,3121,6,24,subject1_day1_setup06_hgcp,91.3681474989711,91.3681474989711,0.0,32,32
3,SingleTrain_WithBaseValsalva,1,DBP,train,1,postExerciseHgcp,3121,3122,3122,6,24,subject1_day1_setup06_hgcp,91.5152668077926,91.5152668077926,0.0,32,32
3,SingleTrain_WithBaseValsalva,1,DBP,train,1,postExerciseHgcp,3122,3123,3123,6,24,subject1_day1_setup06_hgcp,91.649946772895,91.2807920986718,-0.3691546742232106,32,32
3,SingleTrain_WithBaseValsalva,1,DBP,train,1,postExerciseHgcp,3123,3124,3124,6,24,subject1_day1_setup06_hgcp,91.2807920986718,91.2807920986718,0.0,32,32
3,SingleTrain_WithBaseValsalva,1,DBP,train,1,postExerciseHgcp,3124,3125,3125,6,24,subject1_day1_setup06_hgcp,91.2354352284103,91.2354352284103,0.0,32,32
3,SingleTrain_WithBaseValsalva,1,DBP,train,1,postExerciseHgcp,3167,3168,3168,6,25,subject1_day1_setup06_hgcp,72.5851982119559,72.5851982119559,0.0,32,32
3,SingleTrain_WithBaseValsalva,1,DBP,train,1,postExerciseHgcp,3172,3173,3173,6,25,subject1_day1_setup06_hgcp,72.2484785419209,72.2484785419209,0.0,32,32
3,SingleTrain_WithBaseValsalva,1,DBP,train,1,postExerciseHgcp,3173,3174,3174,6,25,subject1_day1_setup06_hgcp,72.7066705455783,72.7066705455783,0.0,32,32
3,SingleTrain_WithBaseValsalva,1,DBP,train,1,postExerciseHgcp,3174,3175,3175,6,25,subject1_day1_setup06_hgcp,73.2151382113043,73.2151382113043,0.0,32,32
3,SingleTrain_WithBaseValsalva,1,DBP,train,1,postExerciseHgcp,3175,3176,3176,6,25,subject1_day1_setup06_hgcp,73.8901704932543,73.8901704932543,0.0,32,32
3,SingleTrain_WithBaseValsalva,1,DBP,train,1,postExerciseHgcp,3176,3177,3177,6,25,subject1_day1_setup06_hgcp,74.4571015690544,74.4571015690544,0.0,32,32
3,SingleTrain_WithBaseValsalva,1,DBP,train,1,postExerciseHgcp,3178,3179,3179,6,25,subject1_day1_setup06_hgcp,75.5116833210573,75.5116833210573,0.0,32,32
3,SingleTrain_WithBaseValsalva,1,DBP,train,1,postExerciseHgcp,3187,3188,3188,6,25,subject1_day1_setup06_hgcp,79.4873495667647,79.4873495667647,0.0,32,32
3,SingleTrain_WithBaseValsalva,1,DBP,train,1,postExerciseHgcp,3188,3189,3189,6,25,subject1_day1_setup06_hgcp,79.4462106755125,79.4462106755125,0.0,32,32
3,SingleTrain_WithBaseValsalva,1,DBP,train,1,postExerciseHgcp,3189,3190,3190,6,25,subject1_day1_setup06_hgcp,79.8790980404294,79.8790980404294,0.0,32,32
3,SingleTrain_WithBaseValsalva,1,DBP,train,1,postExerciseHgcp,3190,3191,3191,6,25,subject1_day1_setup06_hgcp,80.3347415294734,80.3347415294734,0.0,32,32
3,SingleTrain_WithBaseValsalva,1,DBP,train,1,postExerciseHgcp,3191,3192,3192,6,25,subject1_day1_setup06_hgcp,80.6349682156129,80.6349682156129,0.0,32,32
3,SingleTrain_WithBaseValsalva,1,DBP,train,1,postExerciseHgcp,3196,3197,3197,6,25,subject1_day1_setup06_hgcp,80.3100887650962,80.31008876509621,1.4210854715202004e-14,32,32
3,SingleTrain_WithBaseValsalva,1,DBP,train,1,postExerciseHgcp,3202,3203,3203,6,25,subject1_day1_setup06_hgcp,81.288173547732,81.288173547732,0.0,32,32
3,SingleTrain_WithBaseValsalva,1,DBP,train,1,postExerciseHgcp,3203,3204,3204,6,25,subject1_day1_setup06_hgcp,81.5521568715452,81.5521568715452,0.0,32,32
3,SingleTrain_WithBaseValsalva,1,DBP,train,1,postExerciseHgcp,3204,3205,3205,6,25,subject1_day1_setup06_hgcp,81.5049340747953,81.5049340747953,0.0,32,32
3,SingleTrain_WithBaseValsalva,1,DBP,train,1,postExerciseHgcp,3205,3206,3206,6,25,subject1_day1_setup06_hgcp,81.7292652861874,81.7292652861874,0.0,32,32
3,SingleTrain_WithBaseValsalva,1,DBP,train,1,postExerciseHgcp,3206,3207,3207,6,25,subject1_day1_setup06_hgcp,82.0048618130968,82.0048618130968,0.0,32,32
3,SingleTrain_WithBaseValsalva,1,DBP,train,1,postExerciseHgcp,3207,3208,3208,6,25,subject1_day1_setup06_hgcp,82.180537364984,82.180537364984,0.0,32,32
3,SingleTrain_WithBaseValsalva,1,DBP,train,1,postExerciseHgcp,3208,3209,3209,6,25,subject1_day1_setup06_hgcp,82.6081907156852,82.6081907156852,0.0,32,32
3,SingleTrain_WithBaseValsalva,1,DBP,train,1,postExerciseHgcp,3209,3210,3210,6,25,subject1_day1_setup06_hgcp,83.1418937941764,83.1418937941764,0.0,32,32
3,SingleTrain_WithBaseValsalva,1,DBP,train,1,postExerciseHgcp,3210,3211,3211,6,25,subject1_day1_setup06_hgcp,83.5870976283904,83.5870976283904,0.0,32,32
3,SingleTrain_WithBaseValsalva,1,DBP,train,1,postExerciseHgcp,3211,3212,3212,6,25,subject1_day1_setup06_hgcp,83.9801617019713,83.9801617019713,0.0,32,32
3,SingleTrain_WithBaseValsalva,1,DBP,train,1,postExerciseHgcp,3212,3213,3213,6,25,subject1_day1_setup06_hgcp,84.4508467292664,84.4508467292664,0.0,32,32
3,SingleTrain_WithBaseValsalva,1,DBP,train,1,postExerciseHgcp,3213,3214,3214,6,25,subject1_day1_setup06_hgcp,84.9461683215077,84.9461683215077,0.0,32,32
3,SingleTrain_WithBaseValsalva,1,DBP,train,1,postExerciseHgcp,3214,3215,3215,6,25,subject1_day1_setup06_hgcp,85.2225230618101,85.2225230618101,0.0,32,32
3,SingleTrain_WithBaseValsalva,1,DBP,train,1,postExerciseHgcp,3215,3216,3216,6,25,subject1_day1_setup06_hgcp,85.4087932264737,85.4087932264737,0.0,32,32
3,SingleTrain_WithBaseValsalva,1,DBP,train,1,postExerciseHgcp,3216,3217,3217,6,25,subject1_day1_setup06_hgcp,86.037439691994,86.037439691994,0.0,32,32
3,SingleTrain_WithBaseValsalva,1,DBP,train,1,postExerciseHgcp,3217,3218,3218,6,25,subject1_day1_setup06_hgcp,86.5961293290068,86.5961293290068,0.0,32,32
3,SingleTrain_WithBaseValsalva,1,DBP,train,1,postExerciseHgcp,3218,3219,3219,6,25,subject1_day1_setup06_hgcp,86.9478452416853,86.9478452416853,0.0,32,32
3,SingleTrain_WithBaseValsalva,1,DBP,train,1,postExerciseHgcp,3219,3220,3220,6,25,subject1_day1_setup06_hgcp,87.5066843172464,87.5066843172464,0.0,32,32
3,SingleTrain_WithBaseValsalva,1,DBP,train,1,postExerciseHgcp,3220,3221,3221,6,25,subject1_day1_setup06_hgcp,87.8143101888257,87.8143101888257,0.0,32,32
3,SingleTrain_WithBaseValsalva,1,DBP,train,1,postExerciseHgcp,3221,3222,3222,6,25,subject1_day1_setup06_hgcp,87.8278815467394,87.7302236649151,-0.09765788182430413,32,32
3,SingleTrain_WithBaseValsalva,1,DBP,train,1,postExerciseHgcp,3222,3223,3223,6,25,subject1_day1_setup06_hgcp,87.7302236649151,87.7302236649151,0.0,32,32
3,SingleTrain_WithBaseValsalva,1,DBP,train,1,postExerciseHgcp,3223,3224,3224,6,25,subject1_day1_setup06_hgcp,87.6205507082824,87.6205507082824,0.0,32,32
3,SingleTrain_WithBaseValsalva,1,DBP,train,1,postExerciseHgcp,3224,3225,3225,6,25,subject1_day1_setup06_hgcp,87.5600380908737,87.5600380908737,0.0,32,32
3,SingleTrain_WithBaseValsalva,1,DBP,train,1,postExerciseHgcp,3225,3226,3226,6,25,subject1_day1_setup06_hgcp,87.3043899598461,87.3043899598461,0.0,32,32
3,SingleTrain_WithBaseValsalva,1,DBP,train,1,postExerciseHgcp,3226,3227,3227,6,25,subject1_day1_setup06_hgcp,86.9151229812109,86.9151229812109,0.0,32,32
3,SingleTrain_WithBaseValsalva,1,DBP,train,1,postExerciseHgcp,3227,3228,3228,6,25,subject1_day1_setup06_hgcp,86.6358000158346,86.6358000158346,0.0,32,32
3,SingleTrain_WithBaseValsalva,1,DBP,train,1,postExerciseHgcp,3228,3229,3229,6,25,subject1_day1_setup06_hgcp,86.2066105381691,86.2066105381691,0.0,32,32
3,SingleTrain_WithBaseValsalva,1,DBP,train,1,postExerciseHgcp,3229,3230,3230,6,25,subject1_day1_setup06_hgcp,85.7867289086458,85.7867289086458,0.0,32,32
3,SingleTrain_WithBaseValsalva,1,DBP,train,1,postExerciseHgcp,3230,3231,3231,6,25,subject1_day1_setup06_hgcp,85.5973599228708,85.5973599228708,0.0,32,32
3,SingleTrain_WithBaseValsalva,1,DBP,train,1,postExerciseHgcp,3231,3232,3232,6,25,subject1_day1_setup06_hgcp,85.4682073691658,85.4682073691658,0.0,32,32
3,SingleTrain_WithBaseValsalva,1,DBP,train,1,postExerciseHgcp,3243,3244,3244,6,25,subject1_day1_setup06_hgcp,82.9697247447715,82.9697247447715,0.0,32,32
3,SingleTrain_WithBaseValsalva,1,DBP,train,1,postExerciseHgcp,3244,3245,3245,6,25,subject1_day1_setup06_hgcp,83.01913325821,83.01913325821,0.0,32,32
3,SingleTrain_WithBaseValsalva,1,DBP,train,1,postExerciseHgcp,3245,3246,3246,6,25,subject1_day1_setup06_hgcp,82.9062457834564,82.9062457834564,0.0,32,32
3,SingleTrain_WithBaseValsalva,1,DBP,train,1,postExerciseHgcp,3246,3247,3247,6,25,subject1_day1_setup06_hgcp,83.0674128704265,83.0674128704265,0.0,32,32
3,SingleTrain_WithBaseValsalva,1,DBP,train,1,postExerciseHgcp,3247,3248,3248,6,25,subject1_day1_setup06_hgcp,83.3794068118197,83.4657164728623,0.0863096610425913,32,32
3,SingleTrain_WithBaseValsalva,1,DBP,train,1,postExerciseHgcp,3248,3249,3249,6,25,subject1_day1_setup06_hgcp,83.4657164728623,83.4657164728623,0.0,32,32
3,SingleTrain_WithBaseValsalva,1,DBP,train,1,postExerciseHgcp,3249,3250,3250,6,25,subject1_day1_setup06_hgcp,83.5032862337387,83.5032862337387,0.0,32,32
3,SingleTrain_WithBaseValsalva,1,DBP,train,1,postExerciseHgcp,3250,3251,3251,6,25,subject1_day1_setup06_hgcp,83.3030785332249,83.3030785332249,0.0,32,32
3,SingleTrain_WithBaseValsalva,1,DBP,train,1,postExerciseHgcp,3251,3252,3252,6,25,subject1_day1_setup06_hgcp,82.978857777901,82.978857777901,0.0,32,32
3,SingleTrain_WithBaseValsalva,1,DBP,train,1,postExerciseHgcp,3252,3253,3253,6,25,subject1_day1_setup06_hgcp,82.3926376065122,82.3926376065122,0.0,32,32
3,SingleTrain_WithBaseValsalva,1,DBP,train,1,postExerciseHgcp,3253,3254,3254,6,25,subject1_day1_setup06_hgcp,81.9317097876024,81.9317097876024,0.0,32,32
3,SingleTrain_WithBaseValsalva,1,DBP,train,1,postExerciseHgcp,3254,3255,3255,6,25,subject1_day1_setup06_hgcp,81.4562231128154,81.4562231128154,0.0,32,32
3,SingleTrain_WithBaseValsalva,1,DBP,train,1,postExerciseHgcp,3255,3256,3256,6,25,subject1_day1_setup06_hgcp,81.0596594789879,81.0596594789879,0.0,32,32
3,SingleTrain_WithBaseValsalva,1,DBP,train,1,postExerciseHgcp,3265,3266,3266,6,26,subject1_day1_setup06_hgcp,71.9783561090625,71.97835610906249,-1.4210854715202004e-14,32,32
3,SingleTrain_WithBaseValsalva,1,DBP,train,1,postExerciseHgcp,3266,3267,3267,6,26,subject1_day1_setup06_hgcp,71.9294138958925,71.9294138958925,0.0,32,32
3,SingleTrain_WithBaseValsalva,1,DBP,train,1,postExerciseHgcp,3267,3268,3268,6,26,subject1_day1_setup06_hgcp,71.6101597866008,71.6101597866008,0.0,32,32
3,SingleTrain_WithBaseValsalva,1,DBP,train,1,postExerciseHgcp,3268,3269,3269,6,26,subject1_day1_setup06_hgcp,71.2851980024983,71.2851980024983,0.0,32,32
3,SingleTrain_WithBaseValsalva,1,DBP,train,1,postExerciseHgcp,3269,3270,3270,6,26,subject1_day1_setup06_hgcp,71.1630443038348,71.2851980024983,0.12215369866351011,32,32
3,SingleTrain_WithBaseValsalva,1,DBP,train,1,postExerciseHgcp,3270,3271,3271,6,26,subject1_day1_setup06_hgcp,71.0618410340607,71.2851980024983,0.22335696843759933,32,32
3,SingleTrain_WithBaseValsalva,1,DBP,train,1,postExerciseHgcp,3271,3272,3272,6,26,subject1_day1_setup06_hgcp,71.0036184235392,71.200433231153,0.196814807613805,32,32
3,SingleTrain_WithBaseValsalva,1,DBP,train,1,postExerciseHgcp,3272,3273,3273,6,26,subject1_day1_setup06_hgcp,71.0267160224262,71.3259471568916,0.2992311344654013,32,32
3,SingleTrain_WithBaseValsalva,1,DBP,train,1,postExerciseHgcp,3273,3274,3274,6,26,subject1_day1_setup06_hgcp,71.3259471568916,71.3816038363955,0.05565667950389752,32,32
3,SingleTrain_WithBaseValsalva,1,DBP,train,1,postExerciseHgcp,3274,3275,3275,6,26,subject1_day1_setup06_hgcp,71.3696917665166,71.3696917665166,0.0,32,32
3,SingleTrain_WithBaseValsalva,1,DBP,train,1,postExerciseHgcp,3275,3276,3276,6,26,subject1_day1_setup06_hgcp,71.442240069955,71.442240069955,0.0,32,32
3,SingleTrain_WithBaseValsalva,1,DBP,train,1,postExerciseHgcp,3276,3277,3277,6,26,subject1_day1_setup06_hgcp,71.6189086214927,71.442240069955,-0.1766685515376878,32,32
3,SingleTrain_WithBaseValsalva,1,DBP,train,1,postExerciseHgcp,3277,3278,3278,6,26,subject1_day1_setup06_hgcp,71.3816038363955,71.3816038363955,0.0,32,32
3,SingleTrain_WithBaseValsalva,1,DBP,train,1,postExerciseHgcp,3278,3279,3279,6,26,subject1_day1_setup06_hgcp,71.2230922088956,71.2230922088956,0.0,32,32
3,SingleTrain_WithBaseValsalva,1,DBP,train,1,postExerciseHgcp,3279,3280,3280,6,26,subject1_day1_setup06_hgcp,71.2334521528953,71.2334521528953,0.0,32,32
3,SingleTrain_WithBaseValsalva,1,DBP,train,1,postExerciseHgcp,3280,3281,3281,6,26,subject1_day1_setup06_hgcp,71.0247712635957,71.0247712635957,0.0,32,32
3,SingleTrain_WithBaseValsalva,1,DBP,train,1,postExerciseHgcp,3281,3282,3282,6,26,subject1_day1_setup06_hgcp,70.8822778524769,70.8822778524769,0.0,32,32
3,SingleTrain_WithBaseValsalva,1,DBP,train,1,postExerciseHgcp,3282,3283,3283,6,26,subject1_day1_setup06_hgcp,70.8562967020841,70.8562967020841,0.0,32,32
3,SingleTrain_WithBaseValsalva,1,DBP,train,1,postExerciseHgcp,3283,3284,3284,6,26,subject1_day1_setup06_hgcp,70.9178128228963,70.9178128228963,0.0,32,32
3,SingleTrain_WithBaseValsalva,1,DBP,train,1,postExerciseHgcp,3284,3285,3285,6,26,subject1_day1_setup06_hgcp,70.939882954035,71.1566497913905,0.2167668373555074,32,32
3,SingleTrain_WithBaseValsalva,1,DBP,train,1,postExerciseHgcp,3285,3286,3286,6,26,subject1_day1_setup06_hgcp,71.1566497913905,71.1566497913905,0.0,32,32
3,SingleTrain_WithBaseValsalva,1,DBP,train,1,postExerciseHgcp,3286,3287,3287,6,26,subject1_day1_setup06_hgcp,71.200433231153,71.200433231153,0.0,32,32
3,SingleTrain_WithBaseValsalva,1,DBP,train,1,postExerciseHgcp,3287,3288,3288,6,26,subject1_day1_setup06_hgcp,71.2184296123175,71.2184296123175,0.0,32,32
3,SingleTrain_WithBaseValsalva,1,DBP,train,1,postExerciseHgcp,3288,3289,3289,6,26,subject1_day1_setup06_hgcp,71.3660874703771,71.2184296123175,-0.14765785805960263,32,32
3,SingleTrain_WithBaseValsalva,1,DBP,train,1,postExerciseHgcp,3289,3290,3290,6,26,subject1_day1_setup06_hgcp,71.5569721364875,71.3244756186669,-0.2324965178206071,32,32
3,SingleTrain_WithBaseValsalva,1,DBP,train,1,postExerciseHgcp,3290,3291,3291,6,26,subject1_day1_setup06_hgcp,71.7231324119139,71.3660874703771,-0.3570449415367989,32,32
3,SingleTrain_WithBaseValsalva,1,DBP,train,1,postExerciseHgcp,3291,3292,3292,6,26,subject1_day1_setup06_hgcp,71.7282625852509,71.6858568367336,-0.042405748517296615,32,32
3,SingleTrain_WithBaseValsalva,1,DBP,train,1,postExerciseHgcp,3292,3293,3293,6,26,subject1_day1_setup06_hgcp,71.6858568367336,71.5569721364875,-0.128884700246104,32,32
3,SingleTrain_WithBaseValsalva,1,DBP,train,1,postExerciseHgcp,3293,3294,3294,6,26,subject1_day1_setup06_hgcp,71.4464192895551,71.4464192895551,0.0,32,32
3,SingleTrain_WithBaseValsalva,1,DBP,train,1,postExerciseHgcp,3294,3295,3295,6,26,subject1_day1_setup06_hgcp,71.3602129570612,71.3602129570612,0.0,32,32
3,SingleTrain_WithBaseValsalva,1,DBP,train,1,postExerciseHgcp,3295,3296,3296,6,26,subject1_day1_setup06_hgcp,71.3244756186669,71.3244756186669,0.0,32,32
3,SingleTrain_WithBaseValsalva,1,DBP,train,1,postExerciseHgcp,3296,3297,3297,6,26,subject1_day1_setup06_hgcp,71.0630669418696,71.0630669418696,0.0,32,32
3,SingleTrain_WithBaseValsalva,1,DBP,train,1,postExerciseHgcp,3297,3298,3298,6,26,subject1_day1_setup06_hgcp,71.2081307592606,71.2081307592606,0.0,32,32
3,SingleTrain_WithBaseValsalva,1,DBP,train,1,postExerciseHgcp,3298,3299,3299,6,26,subject1_day1_setup06_hgcp,71.5486826375534,71.5486826375534,0.0,32,32
3,SingleTrain_WithBaseValsalva,1,DBP,train,1,postExerciseHgcp,3299,3300,3300,6,26,subject1_day1_setup06_hgcp,72.0127021671156,72.0127021671156,0.0,32,32
3,SingleTrain_WithBaseValsalva,1,DBP,train,1,postExerciseHgcp,3300,3301,3301,6,26,subject1_day1_setup06_hgcp,72.3527478681982,72.3527478681982,0.0,32,32
3,SingleTrain_WithBaseValsalva,1,DBP,train,1,postExerciseHgcp,3301,3302,3302,6,26,subject1_day1_setup06_hgcp,72.9102858034612,72.9102858034612,0.0,32,32
3,SingleTrain_WithBaseValsalva,1,DBP,train,1,postExerciseHgcp,3302,3303,3303,6,26,subject1_day1_setup06_hgcp,73.5102022583416,73.5102022583416,0.0,32,32
3,SingleTrain_WithBaseValsalva,1,DBP,train,1,postExerciseHgcp,3303,3304,3304,6,26,subject1_day1_setup06_hgcp,73.5282996924355,73.5282996924355,0.0,32,32
3,SingleTrain_WithBaseValsalva,1,DBP,train,1,postExerciseHgcp,3304,3305,3305,6,26,subject1_day1_setup06_hgcp,73.822029656162,73.822029656162,0.0,32,32
3,SingleTrain_WithBaseValsalva,1,DBP,train,1,postExerciseHgcp,3305,3306,3306,6,26,subject1_day1_setup06_hgcp,73.9816474235554,73.9816474235554,0.0,32,32
3,SingleTrain_WithBaseValsalva,1,DBP,train,1,postExerciseHgcp,3306,3307,3307,6,26,subject1_day1_setup06_hgcp,73.8444377765938,73.8444377765938,0.0,32,32
3,SingleTrain_WithBaseValsalva,1,DBP,train,1,postExerciseHgcp,3307,3308,3308,6,26,subject1_day1_setup06_hgcp,73.7743096995547,73.7743096995547,0.0,32,32
3,SingleTrain_WithBaseValsalva,1,DBP,train,1,postExerciseHgcp,3308,3309,3309,6,26,subject1_day1_setup06_hgcp,73.9094709857702,73.8444377765938,-0.06503320917640565,32,32
3,SingleTrain_WithBaseValsalva,1,DBP,train,1,postExerciseHgcp,3309,3310,3310,6,26,subject1_day1_setup06_hgcp,73.7431491543467,73.7431491543467,0.0,32,32
3,SingleTrain_WithBaseValsalva,1,DBP,train,1,postExerciseHgcp,3310,3311,3311,6,26,subject1_day1_setup06_hgcp,73.5945717039427,73.5945717039427,0.0,32,32
3,SingleTrain_WithBaseValsalva,1,DBP,train,1,postExerciseHgcp,3311,3312,3312,6,26,subject1_day1_setup06_hgcp,73.4100081856589,73.4100081856589,0.0,32,32
3,SingleTrain_WithBaseValsalva,1,DBP,train,1,postExerciseHgcp,3312,3313,3313,6,26,subject1_day1_setup06_hgcp,73.3889567270329,73.3889567270329,0.0,32,32
3,SingleTrain_WithBaseValsalva,1,DBP,train,1,postExerciseHgcp,3313,3314,3314,6,26,subject1_day1_setup06_hgcp,73.1073572477253,73.1073572477253,0.0,32,32
3,SingleTrain_WithBaseValsalva,1,DBP,train,1,postExerciseHgcp,3314,3315,3315,6,26,subject1_day1_setup06_hgcp,72.7421797705264,72.7421797705264,0.0,32,32
3,SingleTrain_WithBaseValsalva,1,DBP,train,1,postExerciseHgcp,3315,3316,3316,6,26,subject1_day1_setup06_hgcp,72.5218948179555,72.5218948179555,0.0,32,32
3,SingleTrain_WithBaseValsalva,1,DBP,train,1,postExerciseHgcp,3316,3317,3317,6,26,subject1_day1_setup06_hgcp,72.4172263121388,72.4172263121388,0.0,32,32
3,SingleTrain_WithBaseValsalva,1,DBP,train,1,postExerciseHgcp,3317,3318,3318,6,26,subject1_day1_setup06_hgcp,72.1683650240341,72.1683650240341,0.0,32,32
3,SingleTrain_WithBaseValsalva,1,DBP,train,1,postExerciseHgcp,3318,3319,3319,6,26,subject1_day1_setup06_hgcp,71.8242267308827,71.8242267308827,0.0,32,32
3,SingleTrain_WithBaseValsalva,1,DBP,train,1,postExerciseHgcp,3319,3320,3320,6,26,subject1_day1_setup06_hgcp,71.5710624400078,71.5710624400078,0.0,32,32
3,SingleTrain_WithBaseValsalva,1,DBP,train,1,postExerciseHgcp,3320,3321,3321,6,26,subject1_day1_setup06_hgcp,71.078654500408,71.5710624400078,0.49240793959978646,32,32
3,SingleTrain_WithBaseValsalva,1,DBP,train,1,postExerciseHgcp,3321,3322,3322,6,26,subject1_day1_setup06_hgcp,70.3869660339904,70.3869660339904,0.0,32,32
3,SingleTrain_WithBaseValsalva,1,DBP,train,1,postExerciseHgcp,3322,3323,3323,6,26,subject1_day1_setup06_hgcp,69.9350810082156,69.9350810082156,0.0,32,32
3,SingleTrain_WithBaseValsalva,1,DBP,train,1,postExerciseHgcp,3323,3324,3324,6,26,subject1_day1_setup06_hgcp,69.8780618293902,69.8780618293902,0.0,32,32
3,SingleTrain_WithBaseValsalva,1,DBP,train,1,postExerciseHgcp,3324,3325,3325,6,26,subject1_day1_setup06_hgcp,69.8960564438237,69.8960564438237,0.0,32,32
3,SingleTrain_WithBaseValsalva,1,DBP,train,1,postExerciseHgcp,3327,3328,3328,6,26,subject1_day1_setup06_hgcp,70.8217779142594,70.8217779142594,0.0,32,32
3,SingleTrain_WithBaseValsalva,1,DBP,train,1,postExerciseHgcp,3328,3329,3329,6,26,subject1_day1_setup06_hgcp,70.7452597939418,70.7452597939418,0.0,32,32
3,SingleTrain_WithBaseValsalva,1,DBP,train,1,postExerciseHgcp,3329,3330,3330,6,26,subject1_day1_setup06_hgcp,70.7112891859861,70.7112891859861,0.0,32,32
3,SingleTrain_WithBaseValsalva,1,DBP,train,1,postExerciseHgcp,3330,3331,3331,6,26,subject1_day1_setup06_hgcp,70.6050373563386,70.6050373563386,0.0,32,32
3,SingleTrain_WithBaseValsalva,1,DBP,train,1,postExerciseHgcp,3331,3332,3332,6,26,subject1_day1_setup06_hgcp,70.8150142818557,70.8150142818557,0.0,32,32
3,SingleTrain_WithBaseValsalva,1,DBP,train,1,postExerciseHgcp,3332,3333,3333,6,26,subject1_day1_setup06_hgcp,70.7407498245908,70.8150142818557,0.07426445726490272,32,32
3,SingleTrain_WithBaseValsalva,1,DBP,train,1,postExerciseHgcp,3333,3334,3334,6,26,subject1_day1_setup06_hgcp,70.8323381799914,70.8323381799914,0.0,32,32
3,SingleTrain_WithBaseValsalva,1,DBP,train,1,postExerciseHgcp,3334,3335,3335,6,26,subject1_day1_setup06_hgcp,71.0731718142824,71.0731718142824,0.0,32,32
3,SingleTrain_WithBaseValsalva,1,DBP,train,1,postExerciseHgcp,3335,3336,3336,6,26,subject1_day1_setup06_hgcp,71.1569227967361,71.0731718142824,-0.08375098245369372,32,32
3,SingleTrain_WithBaseValsalva,1,DBP,train,1,postExerciseHgcp,3336,3337,3337,6,26,subject1_day1_setup06_hgcp,71.017273684247,71.017273684247,0.0,32,32
3,SingleTrain_WithBaseValsalva,1,DBP,train,1,postExerciseHgcp,3337,3338,3338,6,26,subject1_day1_setup06_hgcp,70.6534705185222,70.8323381799914,0.17886766146919797,32,32
3,SingleTrain_WithBaseValsalva,1,DBP,train,1,postExerciseHgcp,3338,3339,3339,6,26,subject1_day1_setup06_hgcp,70.3603429895807,70.3603429895807,0.0,32,32
3,SingleTrain_WithBaseValsalva,1,DBP,train,1,postExerciseHgcp,3339,3340,3340,6,26,subject1_day1_setup06_hgcp,69.741747278852,69.741747278852,0.0,32,32
3,SingleTrain_WithBaseValsalva,1,DBP,train,1,postExerciseHgcp,3340,3341,3341,6,26,subject1_day1_setup06_hgcp,69.435010990713,69.435010990713,0.0,32,32
3,SingleTrain_WithBaseValsalva,1,DBP,train,1,postExerciseHgcp,3341,3342,3342,6,26,subject1_day1_setup06_hgcp,69.1143605808909,69.1143605808909,0.0,32,32
3,SingleTrain_WithBaseValsalva,1,DBP,train,1,postExerciseHgcp,3342,3343,3343,6,26,subject1_day1_setup06_hgcp,68.7430719629573,69.1143605808909,0.371288617933601,32,32
3,SingleTrain_WithBaseValsalva,1,DBP,train,1,postExerciseHgcp,3343,3344,3344,6,26,subject1_day1_setup06_hgcp,68.239480283696,68.239480283696,0.0,32,32
3,SingleTrain_WithBaseValsalva,1,DBP,train,1,postExerciseHgcp,3344,3345,3345,6,26,subject1_day1_setup06_hgcp,67.6944181347743,67.6944181347743,0.0,32,32
3,SingleTrain_WithBaseValsalva,1,DBP,train,1,postExerciseHgcp,3345,3346,3346,6,26,subject1_day1_setup06_hgcp,67.115229366076,67.115229366076,0.0,32,32
3,SingleTrain_WithBaseValsalva,1,DBP,train,1,postExerciseHgcp,3346,3347,3347,6,26,subject1_day1_setup06_hgcp,66.716736167007,66.716736167007,0.0,32,32
3,SingleTrain_WithBaseValsalva,1,DBP,train,1,postExerciseHgcp,3347,3348,3348,6,26,subject1_day1_setup06_hgcp,66.0363329679059,66.0363329679059,0.0,32,32
3,SingleTrain_WithBaseValsalva,1,DBP,train,1,postExerciseHgcp,3348,3349,3349,6,26,subject1_day1_setup06_hgcp,65.54130592134,65.54130592134,0.0,32,32
3,SingleTrain_WithBaseValsalva,1,DBP,train,1,postExerciseHgcp,3349,3350,3350,6,26,subject1_day1_setup06_hgcp,65.4478879819096,65.4478879819096,0.0,32,32
3,SingleTrain_WithBaseValsalva,1,DBP,train,1,postExerciseHgcp,3350,3351,3351,6,26,subject1_day1_setup06_hgcp,65.4755404625764,65.4755404625764,0.0,32,32
3,SingleTrain_WithBaseValsalva,1,DBP,train,1,postExerciseHgcp,3351,3352,3352,6,26,subject1_day1_setup06_hgcp,65.4435108936742,65.4435108936742,0.0,32,32
3,SingleTrain_WithBaseValsalva,1,DBP,train,1,postExerciseHgcp,3355,3356,3356,6,26,subject1_day1_setup06_hgcp,66.8763996837002,66.8763996837002,0.0,32,32
3,SingleTrain_WithBaseValsalva,1,DBP,train,1,postExerciseHgcp,3356,3357,3357,6,26,subject1_day1_setup06_hgcp,67.2093342516498,67.2093342516498,0.0,32,32
3,SingleTrain_WithBaseValsalva,1,DBP,train,1,postExerciseHgcp,3357,3358,3358,6,26,subject1_day1_setup06_hgcp,67.8136432881907,67.8136432881907,0.0,32,32
3,SingleTrain_WithBaseValsalva,1,DBP,train,1,postExerciseHgcp,3358,3359,3359,6,26,subject1_day1_setup06_hgcp,68.1735206317801,68.1735206317801,0.0,32,32
3,SingleTrain_WithBaseValsalva,1,DBP,train,1,postExerciseHgcp,3359,3360,3360,6,26,subject1_day1_setup06_hgcp,68.4925307903255,68.4925307903255,0.0,32,32
3,SingleTrain_WithBaseValsalva,1,DBP,train,1,postExerciseHgcp,3360,3361,3361,6,26,subject1_day1_setup06_hgcp,68.9473831290874,68.9473831290874,0.0,32,32
3,SingleTrain_WithBaseValsalva,1,DBP,train,1,postExerciseHgcp,3361,3362,3362,6,26,subject1_day1_setup06_hgcp,69.2873389471901,69.2873389471901,0.0,32,32
3,SingleTrain_WithBaseValsalva,1,DBP,train,1,postExerciseHgcp,3362,3363,3363,6,26,subject1_day1_setup06_hgcp,69.3256195650007,69.3256195650007,0.0,32,32
3,SingleTrain_WithBaseValsalva,1,DBP,train,1,postExerciseHgcp,3363,3364,3364,6,26,subject1_day1_setup06_hgcp,69.6157210326042,69.6157210326042,0.0,32,32
3,SingleTrain_WithBaseValsalva,1,DBP,train,1,postExerciseHgcp,3364,3365,3365,6,26,subject1_day1_setup06_hgcp,69.8264251536383,69.8264251536383,0.0,32,32
3,SingleTrain_WithBaseValsalva,1,DBP,train,1,postExerciseHgcp,3365,3366,3366,6,26,subject1_day1_setup06_hgcp,69.8198280136475,69.8198280136475,0.0,32,32
3,SingleTrain_WithBaseValsalva,1,DBP,train,1,postExerciseHgcp,3366,3367,3367,6,26,subject1_day1_setup06_hgcp,69.584859308806,69.584859308806,0.0,32,32
3,SingleTrain_WithBaseValsalva,1,DBP,train,1,postExerciseHgcp,3367,3368,3368,6,26,subject1_day1_setup06_hgcp,69.8915774210023,69.8915774210023,0.0,32,32
3,SingleTrain_WithBaseValsalva,1,DBP,train,1,postExerciseHgcp,3368,3369,3369,6,26,subject1_day1_setup06_hgcp,70.3516019365523,70.3516019365523,0.0,32,32
3,SingleTrain_WithBaseValsalva,1,DBP,train,1,postExerciseHgcp,3369,3370,3370,6,26,subject1_day1_setup06_hgcp,70.5182531112186,70.5182531112186,0.0,32,32
3,SingleTrain_WithBaseValsalva,1,DBP,train,1,postExerciseHgcp,3370,3371,3371,6,26,subject1_day1_setup06_hgcp,70.6491023820412,70.6491023820412,0.0,32,32
3,SingleTrain_WithBaseValsalva,1,DBP,train,1,postExerciseHgcp,3371,3372,3372,6,26,subject1_day1_setup06_hgcp,70.685671907572,70.525967205149,-0.1597047024229994,32,32
3,SingleTrain_WithBaseValsalva,1,DBP,train,1,postExerciseHgcp,3372,3373,3373,6,26,subject1_day1_setup06_hgcp,70.525967205149,70.525967205149,0.0,32,32
3,SingleTrain_WithBaseValsalva,1,DBP,train,1,postExerciseHgcp,3373,3374,3374,6,26,subject1_day1_setup06_hgcp,70.0697936348994,70.0697936348994,0.0,32,32
3,SingleTrain_WithBaseValsalva,1,DBP,train,1,postExerciseHgcp,3374,3375,3375,6,26,subject1_day1_setup06_hgcp,69.3829478632142,69.3829478632142,0.0,32,32
3,SingleTrain_WithBaseValsalva,1,DBP,train,1,postExerciseHgcp,3377,3378,3378,6,27,subject1_day1_setup06_hgcp,71.0966560697725,71.0966560697725,0.0,32,32
3,SingleTrain_WithBaseValsalva,1,DBP,train,1,postExerciseHgcp,3379,3380,3380,6,27,subject1_day1_setup06_hgcp,70.512421579324,70.512421579324,0.0,32,32
3,SingleTrain_WithBaseValsalva,1,DBP,train,1,postExerciseHgcp,3380,3381,3381,6,27,subject1_day1_setup06_hgcp,70.0922984681216,70.0922984681216,0.0,32,32
3,SingleTrain_WithBaseValsalva,1,DBP,train,1,postExerciseHgcp,3381,3382,3382,6,27,subject1_day1_setup06_hgcp,69.986729856332,69.986729856332,0.0,32,32
3,SingleTrain_WithBaseValsalva,1,DBP,train,1,postExerciseHgcp,3382,3383,3383,6,27,subject1_day1_setup06_hgcp,69.9596857153857,69.9596857153857,0.0,32,32
3,SingleTrain_WithBaseValsalva,1,DBP,train,1,postExerciseHgcp,3383,3384,3384,6,27,subject1_day1_setup06_hgcp,69.9944293864625,69.9944293864625,0.0,32,32
3,SingleTrain_WithBaseValsalva,1,DBP,train,1,postExerciseHgcp,3384,3385,3385,6,27,subject1_day1_setup06_hgcp,70.1549700223623,70.1549700223623,0.0,32,32
3,SingleTrain_WithBaseValsalva,1,DBP,train,1,postExerciseHgcp,3385,3386,3386,6,27,subject1_day1_setup06_hgcp,70.2486263991515,70.2486263991515,0.0,32,32
3,SingleTrain_WithBaseValsalva,1,DBP,train,1,postExerciseHgcp,3386,3387,3387,6,27,subject1_day1_setup06_hgcp,70.4595482099699,70.4595482099699,0.0,32,32
3,SingleTrain_WithBaseValsalva,1,DBP,train,1,postExerciseHgcp,3387,3388,3388,6,27,subject1_day1_setup06_hgcp,70.4937519742247,70.4595482099699,-0.034203764254797875,32,32
3,SingleTrain_WithBaseValsalva,1,DBP,train,1,postExerciseHgcp,3388,3389,3389,6,27,subject1_day1_setup06_hgcp,70.2542315220738,70.2542315220738,0.0,32,32
3,SingleTrain_WithBaseValsalva,1,DBP,train,1,postExerciseHgcp,3389,3390,3390,6,27,subject1_day1_setup06_hgcp,69.8379850337907,69.8379850337907,0.0,32,32
3,SingleTrain_WithBaseValsalva,1,DBP,train,1,postExerciseHgcp,3390,3391,3391,6,27,subject1_day1_setup06_hgcp,69.6362637277427,69.6362637277427,0.0,32,32
3,SingleTrain_WithBaseValsalva,1,DBP,train,1,postExerciseHgcp,3391,3392,3392,6,27,subject1_day1_setup06_hgcp,69.0617708082942,69.0617708082942,0.0,32,32
3,SingleTrain_WithBaseValsalva,1,DBP,train,1,postExerciseHgcp,3392,3393,3393,6,27,subject1_day1_setup06_hgcp,68.5031070277636,68.3702802140107,-0.1328268137528994,32,32
3,SingleTrain_WithBaseValsalva,1,DBP,train,1,postExerciseHgcp,3393,3394,3394,6,27,subject1_day1_setup06_hgcp,68.3702802140107,68.3702802140107,0.0,32,32
3,SingleTrain_WithBaseValsalva,1,DBP,train,1,postExerciseHgcp,3395,3396,3396,6,27,subject1_day1_setup06_hgcp,67.7069583844039,67.7069583844039,0.0,32,32
3,SingleTrain_WithBaseValsalva,1,DBP,train,1,postExerciseHgcp,3399,3400,3400,6,27,subject1_day1_setup06_hgcp,67.2636841171493,67.2636841171493,0.0,32,32
3,SingleTrain_WithBaseValsalva,1,DBP,train,1,postExerciseHgcp,3402,3403,3403,6,27,subject1_day1_setup06_hgcp,66.5435753357775,66.5435753357775,0.0,32,32
3,SingleTrain_WithBaseValsalva,1,DBP,train,1,postExerciseHgcp,3403,3404,3404,6,27,subject1_day1_setup06_hgcp,66.2532167773567,66.2532167773567,0.0,32,32
3,SingleTrain_WithBaseValsalva,1,DBP,train,1,postExerciseHgcp,3404,3405,3405,6,27,subject1_day1_setup06_hgcp,65.7180382050337,65.7180382050337,0.0,32,32
3,SingleTrain_WithBaseValsalva,1,DBP,train,1,postExerciseHgcp,3405,3406,3406,6,27,subject1_day1_setup06_hgcp,65.2043584433642,65.2043584433642,0.0,32,32
3,SingleTrain_WithBaseValsalva,1,DBP,train,1,postExerciseHgcp,3406,3407,3407,6,27,subject1_day1_setup06_hgcp,64.690944962579,64.690944962579,0.0,32,32
3,SingleTrain_WithBaseValsalva,1,DBP,train,1,postExerciseHgcp,3407,3408,3408,6,27,subject1_day1_setup06_hgcp,64.2872910896481,64.2872910896481,0.0,32,32
3,SingleTrain_WithBaseValsalva,1,DBP,train,1,postExerciseHgcp,3408,3409,3409,6,27,subject1_day1_setup06_hgcp,64.110234632543,64.110234632543,0.0,32,32
3,SingleTrain_WithBaseValsalva,1,DBP,train,1,postExerciseHgcp,3409,3410,3410,6,27,subject1_day1_setup06_hgcp,64.0109856443704,64.0109856443704,0.0,32,32
3,SingleTrain_WithBaseValsalva,1,DBP,train,1,postExerciseHgcp,3410,3411,3411,6,27,subject1_day1_setup06_hgcp,63.8650089838135,63.8650089838135,0.0,32,32
3,SingleTrain_WithBaseValsalva,1,DBP,train,1,postExerciseHgcp,3411,3412,3412,6,27,subject1_day1_setup06_hgcp,63.8974115216935,63.8974115216935,0.0,32,32
3,SingleTrain_WithBaseValsalva,1,DBP,train,1,postExerciseHgcp,3412,3413,3413,6,27,subject1_day1_setup06_hgcp,64.0507226952602,64.0507226952602,0.0,32,32
3,SingleTrain_WithBaseValsalva,1,DBP,train,1,postExerciseHgcp,3413,3414,3414,6,27,subject1_day1_setup06_hgcp,64.0539273775266,64.0539273775266,0.0,32,32
3,SingleTrain_WithBaseValsalva,1,DBP,train,1,postExerciseHgcp,3414,3415,3415,6,27,subject1_day1_setup06_hgcp,64.0908592995705,64.0539273775266,-0.03693192204389106,32,32
3,SingleTrain_WithBaseValsalva,1,DBP,train,1,postExerciseHgcp,3415,3416,3416,6,27,subject1_day1_setup06_hgcp,63.9837125639696,64.0109856443704,0.027273080400796346,32,32
3,SingleTrain_WithBaseValsalva,1,DBP,train,1,postExerciseHgcp,3416,3417,3417,6,27,subject1_day1_setup06_hgcp,63.641359810048,63.641359810048,0.0,32,32
3,SingleTrain_WithBaseValsalva,1,DBP,train,1,postExerciseHgcp,3417,3418,3418,6,27,subject1_day1_setup06_hgcp,63.3639051119239,63.3706350718069,0.006729959883003289,32,32
3,SingleTrain_WithBaseValsalva,1,DBP,train,1,postExerciseHgcp,3418,3419,3419,6,27,subject1_day1_setup06_hgcp,63.2925485143856,63.3706350718069,0.078086557421301,32,32
3,SingleTrain_WithBaseValsalva,1,DBP,train,1,postExerciseHgcp,3419,3420,3420,6,27,subject1_day1_setup06_hgcp,63.3706350718069,63.3706350718069,0.0,32,32
3,SingleTrain_WithBaseValsalva,1,DBP,train,1,postExerciseHgcp,3420,3421,3421,6,27,subject1_day1_setup06_hgcp,63.2301073538134,63.2301073538134,0.0,32,32
3,SingleTrain_WithBaseValsalva,1,DBP,train,1,postExerciseHgcp,3421,3422,3422,6,27,subject1_day1_setup06_hgcp,63.3578112313802,63.3578112313802,0.0,32,32
3,SingleTrain_WithBaseValsalva,1,DBP,train,1,postExerciseHgcp,3422,3423,3423,6,27,subject1_day1_setup06_hgcp,63.4582746660059,63.4582746660059,0.0,32,32
3,SingleTrain_WithBaseValsalva,1,DBP,train,1,postExerciseHgcp,3423,3424,3424,6,27,subject1_day1_setup06_hgcp,63.283647372853,63.283647372853,0.0,32,32
3,SingleTrain_WithBaseValsalva,1,DBP,train,1,postExerciseHgcp,3424,3425,3425,6,27,subject1_day1_setup06_hgcp,63.3949878947401,63.3949878947401,0.0,32,32
3,SingleTrain_WithBaseValsalva,1,DBP,train,1,postExerciseHgcp,3425,3426,3426,6,27,subject1_day1_setup06_hgcp,63.4960219983531,63.4960219983531,0.0,32,32
3,SingleTrain_WithBaseValsalva,1,DBP,train,1,postExerciseHgcp,3426,3427,3427,6,27,subject1_day1_setup06_hgcp,63.6165623404091,63.6165623404091,0.0,32,32
3,SingleTrain_WithBaseValsalva,1,DBP,train,1,postExerciseHgcp,3427,3428,3428,6,27,subject1_day1_setup06_hgcp,63.7568043098138,63.7568043098138,0.0,32,32
3,SingleTrain_WithBaseValsalva,1,DBP,train,1,postExerciseHgcp,3428,3429,3429,6,27,subject1_day1_setup06_hgcp,64.0473245633011,64.0473245633011,0.0,32,32
3,SingleTrain_WithBaseValsalva,1,DBP,train,1,postExerciseHgcp,3429,3430,3430,6,27,subject1_day1_setup06_hgcp,64.3335258231614,64.3335258231614,0.0,32,32
3,SingleTrain_WithBaseValsalva,1,DBP,train,1,postExerciseHgcp,3430,3431,3431,6,27,subject1_day1_setup06_hgcp,64.4040303376166,64.4040303376166,0.0,32,32
3,SingleTrain_WithBaseValsalva,1,DBP,train,1,postExerciseHgcp,3431,3432,3432,6,27,subject1_day1_setup06_hgcp,64.5727398683931,64.5727398683931,0.0,32,32
3,SingleTrain_WithBaseValsalva,1,DBP,train,1,postExerciseHgcp,3432,3433,3433,6,27,subject1_day1_setup06_hgcp,64.7414416652264,64.7414416652264,0.0,32,32
3,SingleTrain_WithBaseValsalva,1,DBP,train,1,postExerciseHgcp,3433,3434,3434,6,27,subject1_day1_setup06_hgcp,64.6927425395839,64.6927425395839,0.0,32,32
3,SingleTrain_WithBaseValsalva,1,DBP,train,1,postExerciseHgcp,3434,3435,3435,6,27,subject1_day1_setup06_hgcp,64.7271767052192,64.7271767052192,0.0,32,32
3,SingleTrain_WithBaseValsalva,1,DBP,train,1,postExerciseHgcp,3435,3436,3436,6,27,subject1_day1_setup06_hgcp,64.9236458126823,64.9236458126823,0.0,32,32
3,SingleTrain_WithBaseValsalva,1,DBP,train,1,postExerciseHgcp,3436,3437,3437,6,27,subject1_day1_setup06_hgcp,65.141626628044,65.141626628044,0.0,32,32
3,SingleTrain_WithBaseValsalva,1,DBP,train,1,postExerciseHgcp,3437,3438,3438,6,27,subject1_day1_setup06_hgcp,65.2586342972898,65.2586342972898,0.0,32,32
3,SingleTrain_WithBaseValsalva,1,DBP,train,1,postExerciseHgcp,3438,3439,3439,6,27,subject1_day1_setup06_hgcp,65.5842992776628,65.5842992776628,0.0,32,32
3,SingleTrain_WithBaseValsalva,1,DBP,train,1,postExerciseHgcp,3439,3440,3440,6,27,subject1_day1_setup06_hgcp,65.910875904332,65.910875904332,0.0,32,32
3,SingleTrain_WithBaseValsalva,1,DBP,train,1,postExerciseHgcp,3440,3441,3441,6,27,subject1_day1_setup06_hgcp,66.1469905947578,66.1469905947578,0.0,32,32
3,SingleTrain_WithBaseValsalva,1,DBP,train,1,postExerciseHgcp,3441,3442,3442,6,27,subject1_day1_setup06_hgcp,66.3841918415899,66.3841918415899,0.0,32,32
3,SingleTrain_WithBaseValsalva,1,DBP,train,1,postExerciseHgcp,3442,3443,3443,6,27,subject1_day1_setup06_hgcp,66.6977404030929,66.6977404030929,0.0,32,32
3,SingleTrain_WithBaseValsalva,1,DBP,train,1,postExerciseHgcp,3443,3444,3444,6,27,subject1_day1_setup06_hgcp,67.2245041045514,67.2245041045514,0.0,32,32
3,SingleTrain_WithBaseValsalva,1,DBP,train,1,postExerciseHgcp,3444,3445,3445,6,27,subject1_day1_setup06_hgcp,67.6692466283848,67.6692466283848,0.0,32,32
3,SingleTrain_WithBaseValsalva,1,DBP,train,1,postExerciseHgcp,3445,3446,3446,6,27,subject1_day1_setup06_hgcp,68.1575513442622,68.1575513442622,0.0,32,32
3,SingleTrain_WithBaseValsalva,1,DBP,train,1,postExerciseHgcp,3446,3447,3447,6,27,subject1_day1_setup06_hgcp,68.6022319564975,68.6022319564975,0.0,32,32
3,SingleTrain_WithBaseValsalva,1,DBP,train,1,postExerciseHgcp,3447,3448,3448,6,27,subject1_day1_setup06_hgcp,69.057594733933,69.057594733933,0.0,32,32
3,SingleTrain_WithBaseValsalva,1,DBP,train,1,postExerciseHgcp,3448,3449,3449,6,27,subject1_day1_setup06_hgcp,69.4382919493764,69.4382919493764,0.0,32,32
3,SingleTrain_WithBaseValsalva,1,DBP,train,1,postExerciseHgcp,3449,3450,3450,6,27,subject1_day1_setup06_hgcp,69.8296311346168,69.8296311346168,0.0,32,32
3,SingleTrain_WithBaseValsalva,1,DBP,train,1,postExerciseHgcp,3450,3451,3451,6,27,subject1_day1_setup06_hgcp,70.4332301266609,70.4332301266609,0.0,32,32
3,SingleTrain_WithBaseValsalva,1,DBP,train,1,postExerciseHgcp,3451,3452,3452,6,27,subject1_day1_setup06_hgcp,71.0299963089796,71.0299963089796,0.0,32,32
3,SingleTrain_WithBaseValsalva,1,DBP,train,1,postExerciseHgcp,3452,3453,3453,6,27,subject1_day1_setup06_hgcp,71.6298746007929,71.6298746007929,0.0,32,32
3,SingleTrain_WithBaseValsalva,1,DBP,train,1,postExerciseHgcp,3453,3454,3454,6,27,subject1_day1_setup06_hgcp,72.223709671635,72.223709671635,0.0,32,32
3,SingleTrain_WithBaseValsalva,1,DBP,train,1,postExerciseHgcp,3454,3455,3455,6,27,subject1_day1_setup06_hgcp,72.927672177643,72.927672177643,0.0,32,32
3,SingleTrain_WithBaseValsalva,1,DBP,train,1,postExerciseHgcp,3455,3456,3456,6,27,subject1_day1_setup06_hgcp,73.4178496669068,73.4178496669068,0.0,32,32
3,SingleTrain_WithBaseValsalva,1,DBP,train,1,postExerciseHgcp,3456,3457,3457,6,27,subject1_day1_setup06_hgcp,73.7017750956693,73.7017750956693,0.0,32,32
3,SingleTrain_WithBaseValsalva,1,DBP,train,1,postExerciseHgcp,3457,3458,3458,6,27,subject1_day1_setup06_hgcp,73.9628337349387,73.8418537822769,-0.1209799526617985,32,32
3,SingleTrain_WithBaseValsalva,1,DBP,train,1,postExerciseHgcp,3458,3459,3459,6,27,subject1_day1_setup06_hgcp,74.0943711610037,73.9565729324936,-0.13779822851010692,32,32
3,SingleTrain_WithBaseValsalva,1,DBP,train,1,postExerciseHgcp,3459,3460,3460,6,27,subject1_day1_setup06_hgcp,73.9565729324936,73.8560263015721,-0.10054663092149951,32,32
3,SingleTrain_WithBaseValsalva,1,DBP,train,1,postExerciseHgcp,3460,3461,3461,6,27,subject1_day1_setup06_hgcp,73.8560263015721,73.8560263015721,0.0,32,32
3,SingleTrain_WithBaseValsalva,1,DBP,train,1,postExerciseHgcp,3461,3462,3462,6,27,subject1_day1_setup06_hgcp,73.8714302189374,73.8560263015721,-0.015403917365304665,32,32
3,SingleTrain_WithBaseValsalva,1,DBP,train,1,postExerciseHgcp,3462,3463,3463,6,27,subject1_day1_setup06_hgcp,73.9808050319335,73.8560263015721,-0.12477873036139897,32,32
3,SingleTrain_WithBaseValsalva,1,DBP,train,1,postExerciseHgcp,3463,3464,3464,6,27,subject1_day1_setup06_hgcp,73.989937678661,73.8439745977383,-0.14596308092269794,32,32
3,SingleTrain_WithBaseValsalva,1,DBP,train,1,postExerciseHgcp,3464,3465,3465,6,27,subject1_day1_setup06_hgcp,73.8439745977383,73.8439745977383,0.0,32,32
3,SingleTrain_WithBaseValsalva,1,DBP,train,1,postExerciseHgcp,3465,3466,3466,6,27,subject1_day1_setup06_hgcp,73.8418537822769,73.8418537822769,0.0,32,32
3,SingleTrain_WithBaseValsalva,1,DBP,train,1,postExerciseHgcp,3466,3467,3467,6,27,subject1_day1_setup06_hgcp,73.6485785840877,73.6485785840877,0.0,32,32
3,SingleTrain_WithBaseValsalva,1,DBP,train,1,postExerciseHgcp,3467,3468,3468,6,27,subject1_day1_setup06_hgcp,73.4147920554155,73.4147920554155,0.0,32,32
3,SingleTrain_WithBaseValsalva,1,DBP,train,1,postExerciseHgcp,3468,3469,3469,6,27,subject1_day1_setup06_hgcp,73.2133008716926,73.2133008716926,0.0,32,32
3,SingleTrain_WithBaseValsalva,1,DBP,train,1,postExerciseHgcp,3469,3470,3470,6,27,subject1_day1_setup06_hgcp,72.928151086926,72.928151086926,0.0,32,32
3,SingleTrain_WithBaseValsalva,1,DBP,train,1,postExerciseHgcp,3474,3475,3475,6,27,subject1_day1_setup06_hgcp,70.7190142474441,70.7190142474441,0.0,32,32
3,SingleTrain_WithBaseValsalva,1,DBP,train,1,postExerciseHgcp,3476,3477,3477,6,27,subject1_day1_setup06_hgcp,70.2878643526735,70.2878643526735,0.0,32,32
3,SingleTrain_WithBaseValsalva,1,DBP,train,1,postExerciseHgcp,3477,3478,3478,6,27,subject1_day1_setup06_hgcp,69.9976316011373,69.9976316011373,0.0,32,32
3,SingleTrain_WithBaseValsalva,1,DBP,train,1,postExerciseHgcp,3478,3479,3479,6,27,subject1_day1_setup06_hgcp,69.6827742418828,69.65065636573192,-0.03211787615087758,32,32
3,SingleTrain_WithBaseValsalva,1,DBP,train,1,postExerciseHgcp,3479,3480,3480,6,27,subject1_day1_setup06_hgcp,69.6506563657319,69.6506563657319,0.0,32,32
3,SingleTrain_WithBaseValsalva,1,DBP,train,1,postExerciseHgcp,3480,3481,3481,6,27,subject1_day1_setup06_hgcp,69.4058252488877,69.4058252488877,0.0,32,32
3,SingleTrain_WithBaseValsalva,1,DBP,train,1,postExerciseHgcp,3481,3482,3482,6,27,subject1_day1_setup06_hgcp,68.9705679224266,68.9705679224266,0.0,32,32
3,SingleTrain_WithBaseValsalva,1,DBP,train,1,postExerciseHgcp,3482,3483,3483,6,27,subject1_day1_setup06_hgcp,68.6080006753727,68.9705679224266,0.362567247053903,32,32
3,SingleTrain_WithBaseValsalva,1,DBP,train,1,postExerciseHgcp,3483,3484,3484,6,27,subject1_day1_setup06_hgcp,68.431130286922,68.6080006753727,0.1768703884506948,32,32
3,SingleTrain_WithBaseValsalva,1,DBP,train,1,postExerciseHgcp,3484,3485,3485,6,27,subject1_day1_setup06_hgcp,68.322693709409,68.322693709409,0.0,32,32
3,SingleTrain_WithBaseValsalva,1,DBP,train,1,postExerciseHgcp,3485,3486,3486,6,27,subject1_day1_setup06_hgcp,68.0237223965185,68.0237223965185,0.0,32,32
3,SingleTrain_WithBaseValsalva,1,DBP,train,1,postExerciseHgcp,3486,3487,3487,6,27,subject1_day1_setup06_hgcp,67.7978482886847,67.7978482886847,0.0,32,32
3,SingleTrain_WithBaseValsalva,1,DBP,train,1,postExerciseHgcp,3487,3488,3488,6,27,subject1_day1_setup06_hgcp,67.5210059528567,67.5210059528567,0.0,32,32
3,SingleTrain_WithBaseValsalva,1,DBP,train,1,postExerciseHgcp,3488,3489,3489,6,27,subject1_day1_setup06_hgcp,67.0728548421641,67.0728548421641,0.0,32,32
3,SingleTrain_WithBaseValsalva,1,DBP,train,1,postExerciseHgcp,3489,3490,3490,6,27,subject1_day1_setup06_hgcp,66.8269177022472,66.8269177022472,0.0,32,32
3,SingleTrain_WithBaseValsalva,1,DBP,train,1,postExerciseHgcp,3490,3491,3491,6,27,subject1_day1_setup06_hgcp,66.7080911686788,66.8269177022472,0.11882653356839512,32,32
3,SingleTrain_WithBaseValsalva,1,DBP,train,1,postExerciseHgcp,3491,3492,3492,6,27,subject1_day1_setup06_hgcp,66.4471408031247,66.7080911686788,0.260950365554109,32,32
3,SingleTrain_WithBaseValsalva,1,DBP,train,1,postExerciseHgcp,3511,3512,3512,7,28,subject1_day1_setup07_hgcp,81.5318284663594,81.5318284663594,0.0,32,32
3,SingleTrain_WithBaseValsalva,1,DBP,train,1,postExerciseHgcp,3512,3513,3513,7,28,subject1_day1_setup07_hgcp,81.3051777966662,81.3051777966662,0.0,32,32
3,SingleTrain_WithBaseValsalva,1,DBP,train,1,postExerciseHgcp,3513,3514,3514,7,28,subject1_day1_setup07_hgcp,81.4817142990609,81.4817142990609,0.0,32,32
3,SingleTrain_WithBaseValsalva,1,DBP,train,1,postExerciseHgcp,3514,3515,3515,7,28,subject1_day1_setup07_hgcp,81.5488181648061,81.5488181648061,0.0,32,32
3,SingleTrain_WithBaseValsalva,1,DBP,train,1,postExerciseHgcp,3515,3516,3516,7,28,subject1_day1_setup07_hgcp,81.8204859133266,81.8204859133266,0.0,32,32
3,SingleTrain_WithBaseValsalva,1,DBP,train,1,postExerciseHgcp,3516,3517,3517,7,28,subject1_day1_setup07_hgcp,81.8631033629603,81.8631033629603,0.0,32,32
3,SingleTrain_WithBaseValsalva,1,DBP,train,1,postExerciseHgcp,3517,3518,3518,7,28,subject1_day1_setup07_hgcp,82.1198202092988,82.2444382755838,0.12461806628500938,32,32
3,SingleTrain_WithBaseValsalva,1,DBP,train,1,postExerciseHgcp,3518,3519,3519,7,28,subject1_day1_setup07_hgcp,82.2444382755838,82.2444382755838,0.0,32,32
3,SingleTrain_WithBaseValsalva,1,DBP,train,1,postExerciseHgcp,3519,3520,3520,7,28,subject1_day1_setup07_hgcp,82.479097227296,82.479097227296,0.0,32,32
3,SingleTrain_WithBaseValsalva,1,DBP,train,1,postExerciseHgcp,3523,3524,3524,7,28,subject1_day1_setup07_hgcp,84.5047916861839,84.5047916861839,0.0,32,32
3,SingleTrain_WithBaseValsalva,1,DBP,train,1,postExerciseHgcp,3538,3539,3539,7,28,subject1_day1_setup07_hgcp,90.9373354385516,90.9373354385516,0.0,32,32
3,SingleTrain_WithBaseValsalva,1,DBP,train,1,postExerciseHgcp,3616,3617,3617,7,28,subject1_day1_setup07_hgcp,91.9599594596779,91.9599594596779,0.0,32,32
3,SingleTrain_WithBaseValsalva,1,DBP,train,1,postExerciseHgcp,3659,3660,3660,7,29,subject1_day1_setup07_hgcp,94.9992999431913,94.9992999431913,0.0,32,32
3,SingleTrain_WithBaseValsalva,1,DBP,train,1,postExerciseHgcp,3660,3661,3661,7,29,subject1_day1_setup07_hgcp,94.8311614856491,94.8311614856491,0.0,32,32
3,SingleTrain_WithBaseValsalva,1,DBP,train,1,postExerciseHgcp,3661,3662,3662,7,29,subject1_day1_setup07_hgcp,94.6770290994572,94.6770290994572,0.0,32,32
3,SingleTrain_WithBaseValsalva,1,DBP,train,1,postExerciseHgcp,3662,3663,3663,7,29,subject1_day1_setup07_hgcp,94.3350816305807,94.3350816305807,0.0,32,32
3,SingleTrain_WithBaseValsalva,1,DBP,train,1,postExerciseHgcp,3663,3664,3664,7,29,subject1_day1_setup07_hgcp,94.0064820797202,94.0064820797202,0.0,32,32
3,SingleTrain_WithBaseValsalva,1,DBP,train,1,postExerciseHgcp,3664,3665,3665,7,29,subject1_day1_setup07_hgcp,93.5857564624694,93.5857564624694,0.0,32,32
3,SingleTrain_WithBaseValsalva,1,DBP,train,1,postExerciseHgcp,3665,3666,3666,7,29,subject1_day1_setup07_hgcp,93.5406655261677,93.5857564624694,0.04509093630170469,32,32
3,SingleTrain_WithBaseValsalva,1,DBP,train,1,postExerciseHgcp,3666,3667,3667,7,29,subject1_day1_setup07_hgcp,93.2080162805676,93.2080162805676,0.0,32,32
3,SingleTrain_WithBaseValsalva,1,DBP,train,1,postExerciseHgcp,3667,3668,3668,7,29,subject1_day1_setup07_hgcp,93.2855575538671,93.2855575538671,0.0,32,32
3,SingleTrain_WithBaseValsalva,1,DBP,train,1,postExerciseHgcp,3668,3669,3669,7,29,subject1_day1_setup07_hgcp,93.1502536898095,93.1502536898095,0.0,32,32
3,SingleTrain_WithBaseValsalva,1,DBP,train,1,postExerciseHgcp,3669,3670,3670,7,29,subject1_day1_setup07_hgcp,93.0875660429392,93.1502536898095,0.0626876468703017,32,32
3,SingleTrain_WithBaseValsalva,1,DBP,train,1,postExerciseHgcp,3670,3671,3671,7,29,subject1_day1_setup07_hgcp,92.9249351299452,93.0875660429392,0.162630912994004,32,32
3,SingleTrain_WithBaseValsalva,1,DBP,train,1,postExerciseHgcp,3671,3672,3672,7,29,subject1_day1_setup07_hgcp,92.4762883197216,92.4831207394411,0.006832419719501104,32,32
3,SingleTrain_WithBaseValsalva,1,DBP,train,1,postExerciseHgcp,3672,3673,3673,7,29,subject1_day1_setup07_hgcp,92.4831207394411,92.4831207394411,0.0,32,32
3,SingleTrain_WithBaseValsalva,1,DBP,train,1,postExerciseHgcp,3673,3674,3674,7,29,subject1_day1_setup07_hgcp,92.6571136893027,92.8997385824183,0.24262489311558966,32,32
3,SingleTrain_WithBaseValsalva,1,DBP,train,1,postExerciseHgcp,3674,3675,3675,7,29,subject1_day1_setup07_hgcp,92.8997385824183,92.8997385824183,0.0,32,32
3,SingleTrain_WithBaseValsalva,1,DBP,train,1,postExerciseHgcp,3675,3676,3676,7,29,subject1_day1_setup07_hgcp,93.2546226086879,93.2546226086879,0.0,32,32
3,SingleTrain_WithBaseValsalva,1,DBP,train,1,postExerciseHgcp,3676,3677,3677,7,29,subject1_day1_setup07_hgcp,93.6317330338932,93.6317330338932,0.0,32,32
3,SingleTrain_WithBaseValsalva,1,DBP,train,1,postExerciseHgcp,3677,3678,3678,7,29,subject1_day1_setup07_hgcp,93.9542237853984,93.9542237853984,0.0,32,32
3,SingleTrain_WithBaseValsalva,1,DBP,train,1,postExerciseHgcp,3678,3679,3679,7,29,subject1_day1_setup07_hgcp,94.412188557908,94.412188557908,0.0,32,32
3,SingleTrain_WithBaseValsalva,1,DBP,train,1,postExerciseHgcp,3679,3680,3680,7,29,subject1_day1_setup07_hgcp,94.6538680474873,94.6538680474873,0.0,32,32
3,SingleTrain_WithBaseValsalva,1,DBP,train,1,postExerciseHgcp,3680,3681,3681,7,29,subject1_day1_setup07_hgcp,94.854080208112,94.854080208112,0.0,32,32
3,SingleTrain_WithBaseValsalva,1,DBP,train,1,postExerciseHgcp,3681,3682,3682,7,29,subject1_day1_setup07_hgcp,95.1334957327788,95.1334957327788,0.0,32,32
3,SingleTrain_WithBaseValsalva,1,DBP,train,1,postExerciseHgcp,3682,3683,3683,7,29,subject1_day1_setup07_hgcp,95.3666388714822,95.3666388714822,0.0,32,32
3,SingleTrain_WithBaseValsalva,1,DBP,train,1,postExerciseHgcp,3683,3684,3684,7,29,subject1_day1_setup07_hgcp,95.5623566626263,95.5623566626263,0.0,32,32
3,SingleTrain_WithBaseValsalva,1,DBP,train,1,postExerciseHgcp,3684,3685,3685,7,29,subject1_day1_setup07_hgcp,95.8813830078203,95.8813830078203,0.0,32,32
3,SingleTrain_WithBaseValsalva,1,DBP,train,1,postExerciseHgcp,3685,3686,3686,7,29,subject1_day1_setup07_hgcp,96.0072416876912,96.0072416876912,0.0,32,32
3,SingleTrain_WithBaseValsalva,1,DBP,train,1,postExerciseHgcp,3686,3687,3687,7,29,subject1_day1_setup07_hgcp,96.2938921492051,96.29389214920508,-2.842170943040401e-14,32,32
3,SingleTrain_WithBaseValsalva,1,DBP,train,1,postExerciseHgcp,3691,3692,3692,7,29,subject1_day1_setup07_hgcp,97.9545802666799,97.9545802666799,0.0,32,32
3,SingleTrain_WithBaseValsalva,1,DBP,train,1,postExerciseHgcp,3711,3712,3712,7,29,subject1_day1_setup07_hgcp,94.7216794637515,94.7216794637515,0.0,32,32
3,SingleTrain_WithBaseValsalva,1,DBP,train,1,postExerciseHgcp,3763,3764,3764,7,30,subject1_day1_setup07_hgcp,85.1472089003963,85.1472089003963,0.0,32,32
3,SingleTrain_WithBaseValsalva,1,DBP,train,1,postExerciseHgcp,3764,3765,3765,7,30,subject1_day1_setup07_hgcp,85.121704294369,85.121704294369,0.0,32,32
3,SingleTrain_WithBaseValsalva,1,DBP,train,1,postExerciseHgcp,3765,3766,3766,7,30,subject1_day1_setup07_hgcp,84.7488275287654,84.7488275287654,0.0,32,32
3,SingleTrain_WithBaseValsalva,1,DBP,train,1,postExerciseHgcp,3766,3767,3767,7,30,subject1_day1_setup07_hgcp,84.5291208812762,84.5291208812762,0.0,32,32
3,SingleTrain_WithBaseValsalva,1,DBP,train,1,postExerciseHgcp,3767,3768,3768,7,30,subject1_day1_setup07_hgcp,84.434279825886,84.434279825886,0.0,32,32
3,SingleTrain_WithBaseValsalva,1,DBP,train,1,postExerciseHgcp,3768,3769,3769,7,30,subject1_day1_setup07_hgcp,84.399628248574,84.399628248574,0.0,32,32
3,SingleTrain_WithBaseValsalva,1,DBP,train,1,postExerciseHgcp,3769,3770,3770,7,30,subject1_day1_setup07_hgcp,84.3891845118251,84.3891845118251,0.0,32,32
3,SingleTrain_WithBaseValsalva,1,DBP,train,1,postExerciseHgcp,3770,3771,3771,7,30,subject1_day1_setup07_hgcp,84.2138227642989,84.2138227642989,0.0,32,32
3,SingleTrain_WithBaseValsalva,1,DBP,train,1,postExerciseHgcp,3771,3772,3772,7,30,subject1_day1_setup07_hgcp,84.1257957873844,84.1476216882846,0.02182590090019687,32,32
3,SingleTrain_WithBaseValsalva,1,DBP,train,1,postExerciseHgcp,3772,3773,3773,7,30,subject1_day1_setup07_hgcp,84.1476216882846,84.1476216882846,0.0,32,32
3,SingleTrain_WithBaseValsalva,1,DBP,train,1,postExerciseHgcp,3773,3774,3774,7,30,subject1_day1_setup07_hgcp,84.2201184306873,84.2201184306873,0.0,32,32
3,SingleTrain_WithBaseValsalva,1,DBP,train,1,postExerciseHgcp,3774,3775,3775,7,30,subject1_day1_setup07_hgcp,84.2270365240102,84.2138227642989,-0.013213759711305784,32,32
3,SingleTrain_WithBaseValsalva,1,DBP,train,1,postExerciseHgcp,3775,3776,3776,7,30,subject1_day1_setup07_hgcp,83.7579534082261,83.7579534082261,0.0,32,32
3,SingleTrain_WithBaseValsalva,1,DBP,train,1,postExerciseHgcp,3776,3777,3777,7,30,subject1_day1_setup07_hgcp,83.2875536358837,83.2875536358837,0.0,32,32
3,SingleTrain_WithBaseValsalva,1,DBP,train,1,postExerciseHgcp,3777,3778,3778,7,30,subject1_day1_setup07_hgcp,83.033820229258,83.033820229258,0.0,32,32
3,SingleTrain_WithBaseValsalva,1,DBP,train,1,postExerciseHgcp,3778,3779,3779,7,30,subject1_day1_setup07_hgcp,83.1832158704308,83.1832158704308,0.0,32,32
3,SingleTrain_WithBaseValsalva,1,DBP,train,1,postExerciseHgcp,3779,3780,3780,7,30,subject1_day1_setup07_hgcp,83.0221254121186,83.0221254121186,0.0,32,32
3,SingleTrain_WithBaseValsalva,1,DBP,train,1,postExerciseHgcp,3780,3781,3781,7,30,subject1_day1_setup07_hgcp,82.6894944513523,82.6894944513523,0.0,32,32
3,SingleTrain_WithBaseValsalva,1,DBP,train,1,postExerciseHgcp,3781,3782,3782,7,30,subject1_day1_setup07_hgcp,82.3269694344249,82.3269694344249,0.0,32,32
3,SingleTrain_WithBaseValsalva,1,DBP,train,1,postExerciseHgcp,3782,3783,3783,7,30,subject1_day1_setup07_hgcp,82.1644613505239,82.1644613505239,0.0,32,32
3,SingleTrain_WithBaseValsalva,1,DBP,train,1,postExerciseHgcp,3783,3784,3784,7,30,subject1_day1_setup07_hgcp,82.0373397748907,82.0373397748907,0.0,32,32
3,SingleTrain_WithBaseValsalva,1,DBP,train,1,postExerciseHgcp,3784,3785,3785,7,30,subject1_day1_setup07_hgcp,81.8043834138472,81.8043834138472,0.0,32,32
3,SingleTrain_WithBaseValsalva,1,DBP,train,1,postExerciseHgcp,3785,3786,3786,7,30,subject1_day1_setup07_hgcp,81.7824008091523,81.7824008091523,0.0,32,32
3,SingleTrain_WithBaseValsalva,1,DBP,train,1,postExerciseHgcp,3786,3787,3787,7,30,subject1_day1_setup07_hgcp,81.6915221475939,81.6915221475939,0.0,32,32
3,SingleTrain_WithBaseValsalva,1,DBP,train,1,postExerciseHgcp,3787,3788,3788,7,30,subject1_day1_setup07_hgcp,81.5332517196881,81.6915221475939,0.15827042790580492,32,32
3,SingleTrain_WithBaseValsalva,1,DBP,train,1,postExerciseHgcp,3788,3789,3789,7,30,subject1_day1_setup07_hgcp,81.4485416840868,81.4485416840868,0.0,32,32
3,SingleTrain_WithBaseValsalva,1,DBP,train,1,postExerciseHgcp,3789,3790,3790,7,30,subject1_day1_setup07_hgcp,81.2217241374192,81.2217241374192,0.0,32,32
3,SingleTrain_WithBaseValsalva,1,DBP,train,1,postExerciseHgcp,3790,3791,3791,7,30,subject1_day1_setup07_hgcp,81.2588906522735,81.2588906522735,0.0,32,32
3,SingleTrain_WithBaseValsalva,1,DBP,train,1,postExerciseHgcp,3791,3792,3792,7,30,subject1_day1_setup07_hgcp,81.188809112345,81.188809112345,0.0,32,32
3,SingleTrain_WithBaseValsalva,1,DBP,train,1,postExerciseHgcp,3792,3793,3793,7,30,subject1_day1_setup07_hgcp,81.0164208587342,81.0164208587342,0.0,32,32
3,SingleTrain_WithBaseValsalva,1,DBP,train,1,postExerciseHgcp,3793,3794,3794,7,30,subject1_day1_setup07_hgcp,80.9387852256394,80.9387852256394,0.0,32,32
3,SingleTrain_WithBaseValsalva,1,DBP,train,1,postExerciseHgcp,3794,3795,3795,7,30,subject1_day1_setup07_hgcp,80.873399596424,80.873399596424,0.0,32,32
3,SingleTrain_WithBaseValsalva,1,DBP,train,1,postExerciseHgcp,3795,3796,3796,7,30,subject1_day1_setup07_hgcp,80.9429978867196,80.9429978867196,0.0,32,32
3,SingleTrain_WithBaseValsalva,1,DBP,train,1,postExerciseHgcp,3796,3797,3797,7,30,subject1_day1_setup07_hgcp,80.6647304370828,80.6647304370828,0.0,32,32
3,SingleTrain_WithBaseValsalva,1,DBP,train,1,postExerciseHgcp,3797,3798,3798,7,30,subject1_day1_setup07_hgcp,80.5169771019054,80.5169771019054,0.0,32,32
3,SingleTrain_WithBaseValsalva,1,DBP,train,1,postExerciseHgcp,3798,3799,3799,7,30,subject1_day1_setup07_hgcp,80.3889218612536,80.3889218612536,0.0,32,32
3,SingleTrain_WithBaseValsalva,1,DBP,train,1,postExerciseHgcp,3799,3800,3800,7,30,subject1_day1_setup07_hgcp,80.3037949858857,80.3037949858857,0.0,32,32
3,SingleTrain_WithBaseValsalva,1,DBP,train,1,postExerciseHgcp,3800,3801,3801,7,30,subject1_day1_setup07_hgcp,80.450604034942,80.450604034942,0.0,32,32
3,SingleTrain_WithBaseValsalva,1,DBP,train,1,postExerciseHgcp,3801,3802,3802,7,30,subject1_day1_setup07_hgcp,80.7492476132668,80.7492476132668,0.0,32,32
3,SingleTrain_WithBaseValsalva,1,DBP,train,1,postExerciseHgcp,3802,3803,3803,7,30,subject1_day1_setup07_hgcp,81.0244914815588,81.0244914815588,0.0,32,32
3,SingleTrain_WithBaseValsalva,1,DBP,train,1,postExerciseHgcp,3803,3804,3804,7,30,subject1_day1_setup07_hgcp,81.447685623035,81.447685623035,0.0,32,32
3,SingleTrain_WithBaseValsalva,1,DBP,train,1,postExerciseHgcp,3804,3805,3805,7,30,subject1_day1_setup07_hgcp,81.598169183496,81.598169183496,0.0,32,32
3,SingleTrain_WithBaseValsalva,1,DBP,train,1,postExerciseHgcp,3805,3806,3806,7,30,subject1_day1_setup07_hgcp,81.9436647606483,81.9436647606483,0.0,32,32
3,SingleTrain_WithBaseValsalva,1,DBP,train,1,postExerciseHgcp,3806,3807,3807,7,30,subject1_day1_setup07_hgcp,82.2255263828797,82.2255263828797,0.0,32,32
3,SingleTrain_WithBaseValsalva,1,DBP,train,1,postExerciseHgcp,3807,3808,3808,7,30,subject1_day1_setup07_hgcp,82.7666486082305,82.7666486082305,0.0,32,32
3,SingleTrain_WithBaseValsalva,1,DBP,train,1,postExerciseHgcp,3808,3809,3809,7,30,subject1_day1_setup07_hgcp,83.2412172625758,83.2412172625758,0.0,32,32
3,SingleTrain_WithBaseValsalva,1,DBP,train,1,postExerciseHgcp,3809,3810,3810,7,30,subject1_day1_setup07_hgcp,83.7797817101059,83.7797817101059,0.0,32,32
3,SingleTrain_WithBaseValsalva,1,DBP,train,1,postExerciseHgcp,3810,3811,3811,7,30,subject1_day1_setup07_hgcp,83.9664381716926,83.9664381716926,0.0,32,32
3,SingleTrain_WithBaseValsalva,1,DBP,train,1,postExerciseHgcp,3811,3812,3812,7,30,subject1_day1_setup07_hgcp,84.4058305618518,84.4058305618518,0.0,32,32
3,SingleTrain_WithBaseValsalva,1,DBP,train,1,postExerciseHgcp,3812,3813,3813,7,30,subject1_day1_setup07_hgcp,84.7072764459041,84.7072764459041,0.0,32,32
3,SingleTrain_WithBaseValsalva,1,DBP,train,1,postExerciseHgcp,3813,3814,3814,7,30,subject1_day1_setup07_hgcp,84.8986699661929,84.8986699661929,0.0,32,32
3,SingleTrain_WithBaseValsalva,1,DBP,train,1,postExerciseHgcp,3814,3815,3815,7,30,subject1_day1_setup07_hgcp,85.0051600573273,85.0051600573273,0.0,32,32
3,SingleTrain_WithBaseValsalva,1,DBP,train,1,postExerciseHgcp,3815,3816,3816,7,30,subject1_day1_setup07_hgcp,85.314544070529,85.314544070529,0.0,32,32
3,SingleTrain_WithBaseValsalva,1,DBP,train,1,postExerciseHgcp,3816,3817,3817,7,30,subject1_day1_setup07_hgcp,85.8138627470041,85.8138627470041,0.0,32,32
3,SingleTrain_WithBaseValsalva,1,DBP,train,1,postExerciseHgcp,3817,3818,3818,7,30,subject1_day1_setup07_hgcp,86.0721018057726,86.0721018057726,0.0,32,32
3,SingleTrain_WithBaseValsalva,1,DBP,train,1,postExerciseHgcp,3818,3819,3819,7,30,subject1_day1_setup07_hgcp,86.2102796076109,86.2102796076109,0.0,32,32
3,SingleTrain_WithBaseValsalva,1,DBP,train,1,postExerciseHgcp,3819,3820,3820,7,30,subject1_day1_setup07_hgcp,86.6466760402214,86.6466760402214,0.0,32,32
3,SingleTrain_WithBaseValsalva,1,DBP,train,1,postExerciseHgcp,3820,3821,3821,7,30,subject1_day1_setup07_hgcp,87.1632144401757,87.1632144401757,0.0,32,32
3,SingleTrain_WithBaseValsalva,1,DBP,train,1,postExerciseHgcp,3821,3822,3822,7,30,subject1_day1_setup07_hgcp,87.7546959040378,87.7546959040378,0.0,32,32
3,SingleTrain_WithBaseValsalva,1,DBP,train,1,postExerciseHgcp,3822,3823,3823,7,30,subject1_day1_setup07_hgcp,88.0866803529382,88.0866803529382,0.0,32,32
3,SingleTrain_WithBaseValsalva,1,DBP,train,1,postExerciseHgcp,3823,3824,3824,7,30,subject1_day1_setup07_hgcp,88.2739476138611,88.2739476138611,0.0,32,32
3,SingleTrain_WithBaseValsalva,1,DBP,train,1,postExerciseHgcp,3824,3825,3825,7,30,subject1_day1_setup07_hgcp,88.8218691869884,88.8218691869884,0.0,32,32
3,SingleTrain_WithBaseValsalva,1,DBP,train,1,postExerciseHgcp,3825,3826,3826,7,30,subject1_day1_setup07_hgcp,89.0090147001689,89.0090147001689,0.0,32,32
3,SingleTrain_WithBaseValsalva,1,DBP,train,1,postExerciseHgcp,3826,3827,3827,7,30,subject1_day1_setup07_hgcp,89.1061696889315,89.1061696889315,0.0,32,32
3,SingleTrain_WithBaseValsalva,1,DBP,train,1,postExerciseHgcp,3827,3828,3828,7,30,subject1_day1_setup07_hgcp,89.1369541828672,89.1369541828672,0.0,32,32
3,SingleTrain_WithBaseValsalva,1,DBP,train,1,postExerciseHgcp,3828,3829,3829,7,30,subject1_day1_setup07_hgcp,89.06551573176,89.06551573176,0.0,32,32
3,SingleTrain_WithBaseValsalva,1,DBP,train,1,postExerciseHgcp,3829,3830,3830,7,30,subject1_day1_setup07_hgcp,89.2211730550746,89.2211730550746,0.0,32,32
3,SingleTrain_WithBaseValsalva,1,DBP,train,1,postExerciseHgcp,3830,3831,3831,7,30,subject1_day1_setup07_hgcp,89.6539987611135,89.6539987611135,0.0,32,32
3,SingleTrain_WithBaseValsalva,1,DBP,train,1,postExerciseHgcp,3831,3832,3832,7,30,subject1_day1_setup07_hgcp,89.8272762365507,89.8272762365507,0.0,32,32
3,SingleTrain_WithBaseValsalva,1,DBP,train,1,postExerciseHgcp,3832,3833,3833,7,30,subject1_day1_setup07_hgcp,89.9396075671059,89.9396075671059,0.0,32,32
3,SingleTrain_WithBaseValsalva,1,DBP,train,1,postExerciseHgcp,3833,3834,3834,7,30,subject1_day1_setup07_hgcp,90.0308707742607,90.0308707742607,0.0,32,32
3,SingleTrain_WithBaseValsalva,1,DBP,train,1,postExerciseHgcp,3834,3835,3835,7,30,subject1_day1_setup07_hgcp,90.184644994508,90.184644994508,0.0,32,32
3,SingleTrain_WithBaseValsalva,1,DBP,train,1,postExerciseHgcp,3835,3836,3836,7,30,subject1_day1_setup07_hgcp,90.3642126170398,90.3642126170398,0.0,32,32
3,SingleTrain_WithBaseValsalva,1,DBP,train,1,postExerciseHgcp,3836,3837,3837,7,30,subject1_day1_setup07_hgcp,90.7074132575545,90.3642126170398,-0.3432006405147092,32,32
3,SingleTrain_WithBaseValsalva,1,DBP,train,1,postExerciseHgcp,3837,3838,3838,7,30,subject1_day1_setup07_hgcp,91.0204282583052,91.0204282583052,0.0,32,32
3,SingleTrain_WithBaseValsalva,1,DBP,train,1,postExerciseHgcp,3838,3839,3839,7,30,subject1_day1_setup07_hgcp,91.5471032013504,91.5471032013504,0.0,32,32
3,SingleTrain_WithBaseValsalva,1,DBP,train,1,postExerciseHgcp,3839,3840,3840,7,30,subject1_day1_setup07_hgcp,91.7750413274442,91.5754684922077,-0.19957283523649494,32,32
3,SingleTrain_WithBaseValsalva,1,DBP,train,1,postExerciseHgcp,3840,3841,3841,7,30,subject1_day1_setup07_hgcp,91.5754684922077,91.3080794117165,-0.26738908049119914,32,32
3,SingleTrain_WithBaseValsalva,1,DBP,train,1,postExerciseHgcp,3841,3842,3842,7,30,subject1_day1_setup07_hgcp,91.3080794117165,91.3080794117165,0.0,32,32
3,SingleTrain_WithBaseValsalva,1,DBP,train,1,postExerciseHgcp,3842,3843,3843,7,30,subject1_day1_setup07_hgcp,91.2195931009894,91.2195931009894,0.0,32,32
3,SingleTrain_WithBaseValsalva,1,DBP,train,1,postExerciseHgcp,3843,3844,3844,7,30,subject1_day1_setup07_hgcp,91.1142816969688,91.1142816969688,0.0,32,32
3,SingleTrain_WithBaseValsalva,1,DBP,train,1,postExerciseHgcp,3844,3845,3845,7,30,subject1_day1_setup07_hgcp,90.5754463575507,90.5754463575507,0.0,32,32
3,SingleTrain_WithBaseValsalva,1,DBP,train,1,postExerciseHgcp,3845,3846,3846,7,30,subject1_day1_setup07_hgcp,90.1912038548493,90.1912038548493,0.0,32,32
3,SingleTrain_WithBaseValsalva,1,DBP,train,1,postExerciseHgcp,3846,3847,3847,7,30,subject1_day1_setup07_hgcp,89.9664962496854,89.9664962496854,0.0,32,32
3,SingleTrain_WithBaseValsalva,1,DBP,train,1,postExerciseHgcp,3847,3848,3848,7,30,subject1_day1_setup07_hgcp,89.6695271386343,89.6695271386343,0.0,32,32
3,SingleTrain_WithBaseValsalva,1,DBP,train,1,postExerciseHgcp,3848,3849,3849,7,30,subject1_day1_setup07_hgcp,89.283649842648,89.283649842648,0.0,32,32
3,SingleTrain_WithBaseValsalva,1,DBP,train,1,postExerciseHgcp,3849,3850,3850,7,30,subject1_day1_setup07_hgcp,88.7024135692712,88.7024135692712,0.0,32,32
3,SingleTrain_WithBaseValsalva,1,DBP,train,1,postExerciseHgcp,3850,3851,3851,7,30,subject1_day1_setup07_hgcp,88.2567642476403,88.2567642476403,0.0,32,32
3,SingleTrain_WithBaseValsalva,1,DBP,train,1,postExerciseHgcp,3851,3852,3852,7,30,subject1_day1_setup07_hgcp,87.7823697912662,87.7823697912662,0.0,32,32
3,SingleTrain_WithBaseValsalva,1,DBP,train,1,postExerciseHgcp,3852,3853,3853,7,30,subject1_day1_setup07_hgcp,87.2338144479537,87.2338144479537,0.0,32,32
3,SingleTrain_WithBaseValsalva,1,DBP,train,1,postExerciseHgcp,3853,3854,3854,7,30,subject1_day1_setup07_hgcp,86.7394724616615,86.7394724616615,0.0,32,32
3,SingleTrain_WithBaseValsalva,1,DBP,train,1,postExerciseHgcp,3854,3855,3855,7,30,subject1_day1_setup07_hgcp,86.4397034554547,86.4397034554547,0.0,32,32
3,SingleTrain_WithBaseValsalva,1,DBP,train,1,postExerciseHgcp,3855,3856,3856,7,30,subject1_day1_setup07_hgcp,86.0649848246555,86.0649848246555,0.0,32,32
3,SingleTrain_WithBaseValsalva,1,DBP,train,1,postExerciseHgcp,3856,3857,3857,7,30,subject1_day1_setup07_hgcp,85.7097220298056,85.7097220298056,0.0,32,32
3,SingleTrain_WithBaseValsalva,1,DBP,train,1,postExerciseHgcp,3857,3858,3858,7,30,subject1_day1_setup07_hgcp,85.4178182976696,85.4178182976696,0.0,32,32
3,SingleTrain_WithBaseValsalva,1,DBP,train,1,postExerciseHgcp,3858,3859,3859,7,30,subject1_day1_setup07_hgcp,84.6409484490825,84.6409484490825,0.0,32,32
3,SingleTrain_WithBaseValsalva,1,DBP,train,1,postExerciseHgcp,3859,3860,3860,7,30,subject1_day1_setup07_hgcp,84.0140131432252,84.0140131432252,0.0,32,32
3,SingleTrain_WithBaseValsalva,1,DBP,train,1,postExerciseHgcp,3860,3861,3861,7,30,subject1_day1_setup07_hgcp,83.6566232080367,83.6566232080367,0.0,32,32
3,SingleTrain_WithBaseValsalva,1,DBP,train,1,postExerciseHgcp,3861,3862,3862,7,30,subject1_day1_setup07_hgcp,83.2285202280719,83.2285202280719,0.0,32,32
3,SingleTrain_WithBaseValsalva,1,DBP,train,1,postExerciseHgcp,3862,3863,3863,7,30,subject1_day1_setup07_hgcp,82.8180704625615,82.8180704625615,0.0,32,32
3,SingleTrain_WithBaseValsalva,1,DBP,train,1,postExerciseHgcp,3863,3864,3864,7,30,subject1_day1_setup07_hgcp,82.4180385013057,82.4180385013057,0.0,32,32
3,SingleTrain_WithBaseValsalva,1,DBP,train,1,postExerciseHgcp,3864,3865,3865,7,30,subject1_day1_setup07_hgcp,82.1419745427139,82.1419745427139,0.0,32,32
3,SingleTrain_WithBaseValsalva,1,DBP,train,1,postExerciseHgcp,3865,3866,3866,7,30,subject1_day1_setup07_hgcp,81.8982332542148,81.8982332542148,0.0,32,32
3,SingleTrain_WithBaseValsalva,1,DBP,train,1,postExerciseHgcp,3866,3867,3867,7,30,subject1_day1_setup07_hgcp,81.7960137532388,81.7960137532388,0.0,32,32
3,SingleTrain_WithBaseValsalva,1,DBP,train,1,postExerciseHgcp,3867,3868,3868,7,30,subject1_day1_setup07_hgcp,81.5367324624551,81.5367324624551,0.0,32,32
3,SingleTrain_WithBaseValsalva,1,DBP,train,1,postExerciseHgcp,3868,3869,3869,7,30,subject1_day1_setup07_hgcp,81.3434165080915,81.4314586216965,0.08804211360501313,32,32
3,SingleTrain_WithBaseValsalva,1,DBP,train,1,postExerciseHgcp,3869,3870,3870,7,30,subject1_day1_setup07_hgcp,81.4314586216965,81.4314586216965,0.0,32,32
3,SingleTrain_WithBaseValsalva,1,DBP,train,1,postExerciseHgcp,3870,3871,3871,7,30,subject1_day1_setup07_hgcp,81.3879196988515,81.3879196988515,0.0,32,32
3,SingleTrain_WithBaseValsalva,1,DBP,train,1,postExerciseHgcp,3871,3872,3872,7,30,subject1_day1_setup07_hgcp,81.1749788740767,81.3879196988515,0.21294082477480458,32,32
3,SingleTrain_WithBaseValsalva,1,DBP,train,1,postExerciseHgcp,3872,3873,3873,7,30,subject1_day1_setup07_hgcp,81.3051374681734,81.3879196988515,0.08278223067810586,32,32
3,SingleTrain_WithBaseValsalva,1,DBP,train,1,postExerciseHgcp,3873,3874,3874,7,30,subject1_day1_setup07_hgcp,81.5274445513903,81.5274445513903,0.0,32,32
3,SingleTrain_WithBaseValsalva,1,DBP,train,1,postExerciseHgcp,3874,3875,3875,7,30,subject1_day1_setup07_hgcp,81.6379782990335,81.6379782990335,0.0,32,32
3,SingleTrain_WithBaseValsalva,1,DBP,train,1,postExerciseHgcp,3875,3876,3876,7,30,subject1_day1_setup07_hgcp,81.3034651742128,81.3034651742128,0.0,32,32
3,SingleTrain_WithBaseValsalva,1,DBP,train,1,postExerciseHgcp,3876,3877,3877,7,30,subject1_day1_setup07_hgcp,81.1018219578541,81.1018219578541,0.0,32,32
3,SingleTrain_WithBaseValsalva,1,DBP,train,1,postExerciseHgcp,3877,3878,3878,7,30,subject1_day1_setup07_hgcp,80.9409745212673,80.9409745212673,0.0,32,32
3,SingleTrain_WithBaseValsalva,1,DBP,train,1,postExerciseHgcp,3878,3879,3879,7,30,subject1_day1_setup07_hgcp,80.9849514636034,80.9849514636034,0.0,32,32
3,SingleTrain_WithBaseValsalva,1,DBP,train,1,postExerciseHgcp,3879,3880,3880,7,30,subject1_day1_setup07_hgcp,80.8422763443293,80.8422763443293,0.0,32,32
3,SingleTrain_WithBaseValsalva,1,DBP,train,1,postExerciseHgcp,3880,3881,3881,7,30,subject1_day1_setup07_hgcp,80.8560583411253,80.8560583411253,0.0,32,32
3,SingleTrain_WithBaseValsalva,1,DBP,train,1,postExerciseHgcp,3881,3882,3882,7,30,subject1_day1_setup07_hgcp,80.8249533844561,80.8249533844561,0.0,32,32
3,SingleTrain_WithBaseValsalva,1,DBP,train,1,postExerciseHgcp,3882,3883,3883,7,30,subject1_day1_setup07_hgcp,80.7338697110521,80.7338697110521,0.0,32,32
3,SingleTrain_WithBaseValsalva,1,DBP,train,1,postExerciseHgcp,3883,3884,3884,7,30,subject1_day1_setup07_hgcp,80.6353683332627,80.7338697110521,0.09850137778938972,32,32
3,SingleTrain_WithBaseValsalva,1,DBP,train,1,postExerciseHgcp,3884,3885,3885,7,30,subject1_day1_setup07_hgcp,80.8192163738273,80.8192163738273,0.0,32,32
3,SingleTrain_WithBaseValsalva,1,DBP,train,1,postExerciseHgcp,3885,3886,3886,7,30,subject1_day1_setup07_hgcp,80.9991120436812,80.9991120436812,0.0,32,32
3,SingleTrain_WithBaseValsalva,1,DBP,train,1,postExerciseHgcp,3886,3887,3887,7,30,subject1_day1_setup07_hgcp,80.9900546641704,80.9900546641704,0.0,32,32
3,SingleTrain_WithBaseValsalva,1,DBP,train,1,postExerciseHgcp,3887,3888,3888,7,30,subject1_day1_setup07_hgcp,81.0434705614569,81.0434705614569,0.0,32,32
3,SingleTrain_WithBaseValsalva,1,DBP,train,1,postExerciseHgcp,3888,3889,3889,7,30,subject1_day1_setup07_hgcp,81.2566002023218,81.2566002023218,0.0,32,32
3,SingleTrain_WithBaseValsalva,1,DBP,train,1,postExerciseHgcp,3892,3893,3893,7,31,subject1_day1_setup07_hgcp,77.9121222351065,77.9121222351065,0.0,32,32
3,SingleTrain_WithBaseValsalva,1,DBP,train,1,postExerciseHgcp,3893,3894,3894,7,31,subject1_day1_setup07_hgcp,77.55478006502,77.55478006502,0.0,32,32
3,SingleTrain_WithBaseValsalva,1,DBP,train,1,postExerciseHgcp,3894,3895,3895,7,31,subject1_day1_setup07_hgcp,77.0975661016026,77.0975661016026,0.0,32,32
3,SingleTrain_WithBaseValsalva,1,DBP,train,1,postExerciseHgcp,3895,3896,3896,7,31,subject1_day1_setup07_hgcp,76.6883639117461,76.6883639117461,0.0,32,32
3,SingleTrain_WithBaseValsalva,1,DBP,train,1,postExerciseHgcp,3896,3897,3897,7,31,subject1_day1_setup07_hgcp,76.4105674575054,76.4105674575054,0.0,32,32
3,SingleTrain_WithBaseValsalva,1,DBP,train,1,postExerciseHgcp,3897,3898,3898,7,31,subject1_day1_setup07_hgcp,76.1015848079823,76.1015848079823,0.0,32,32
3,SingleTrain_WithBaseValsalva,1,DBP,train,1,postExerciseHgcp,3898,3899,3899,7,31,subject1_day1_setup07_hgcp,75.683203896018,75.683203896018,0.0,32,32
3,SingleTrain_WithBaseValsalva,1,DBP,train,1,postExerciseHgcp,3899,3900,3900,7,31,subject1_day1_setup07_hgcp,75.5225091572609,75.5225091572609,0.0,32,32
3,SingleTrain_WithBaseValsalva,1,DBP,train,1,postExerciseHgcp,3900,3901,3901,7,31,subject1_day1_setup07_hgcp,75.0811578218049,75.0811578218049,0.0,32,32
3,SingleTrain_WithBaseValsalva,1,DBP,train,1,postExerciseHgcp,3901,3902,3902,7,31,subject1_day1_setup07_hgcp,74.7496060225943,74.7496060225943,0.0,32,32
3,SingleTrain_WithBaseValsalva,1,DBP,train,1,postExerciseHgcp,3902,3903,3903,7,31,subject1_day1_setup07_hgcp,74.442480404582,74.442480404582,0.0,32,32
3,SingleTrain_WithBaseValsalva,1,DBP,train,1,postExerciseHgcp,3903,3904,3904,7,31,subject1_day1_setup07_hgcp,74.3228874755499,74.3228874755499,0.0,32,32
3,SingleTrain_WithBaseValsalva,1,DBP,train,1,postExerciseHgcp,3904,3905,3905,7,31,subject1_day1_setup07_hgcp,73.9647170232065,73.9647170232065,0.0,32,32
3,SingleTrain_WithBaseValsalva,1,DBP,train,1,postExerciseHgcp,3905,3906,3906,7,31,subject1_day1_setup07_hgcp,73.322880605927,73.322880605927,0.0,32,32
3,SingleTrain_WithBaseValsalva,1,DBP,train,1,postExerciseHgcp,3906,3907,3907,7,31,subject1_day1_setup07_hgcp,73.0334477753046,73.0334477753046,0.0,32,32
3,SingleTrain_WithBaseValsalva,1,DBP,train,1,postExerciseHgcp,3907,3908,3908,7,31,subject1_day1_setup07_hgcp,72.9214400745761,72.9214400745761,0.0,32,32
3,SingleTrain_WithBaseValsalva,1,DBP,train,1,postExerciseHgcp,3908,3909,3909,7,31,subject1_day1_setup07_hgcp,72.685766489107,72.685766489107,0.0,32,32
3,SingleTrain_WithBaseValsalva,1,DBP,train,1,postExerciseHgcp,3909,3910,3910,7,31,subject1_day1_setup07_hgcp,72.3588887159917,72.3588887159917,0.0,32,32
3,SingleTrain_WithBaseValsalva,1,DBP,train,1,postExerciseHgcp,3910,3911,3911,7,31,subject1_day1_setup07_hgcp,72.2343688116134,72.2343688116134,0.0,32,32
3,SingleTrain_WithBaseValsalva,1,DBP,train,1,postExerciseHgcp,3911,3912,3912,7,31,subject1_day1_setup07_hgcp,72.0538524487428,72.0538524487428,0.0,32,32
3,SingleTrain_WithBaseValsalva,1,DBP,train,1,postExerciseHgcp,3912,3913,3913,7,31,subject1_day1_setup07_hgcp,71.8873581755513,71.8873581755513,0.0,32,32
3,SingleTrain_WithBaseValsalva,1,DBP,train,1,postExerciseHgcp,3913,3914,3914,7,31,subject1_day1_setup07_hgcp,72.1448695105832,72.1448695105832,0.0,32,32
3,SingleTrain_WithBaseValsalva,1,DBP,train,1,postExerciseHgcp,3914,3915,3915,7,31,subject1_day1_setup07_hgcp,72.6032663754208,72.6032663754208,0.0,32,32
3,SingleTrain_WithBaseValsalva,1,DBP,train,1,postExerciseHgcp,3915,3916,3916,7,31,subject1_day1_setup07_hgcp,73.020720809107,73.020720809107,0.0,32,32
3,SingleTrain_WithBaseValsalva,1,DBP,train,1,postExerciseHgcp,3916,3917,3917,7,31,subject1_day1_setup07_hgcp,73.3504451601594,73.3504451601594,0.0,32,32
3,SingleTrain_WithBaseValsalva,1,DBP,train,1,postExerciseHgcp,3917,3918,3918,7,31,subject1_day1_setup07_hgcp,73.7789369709552,73.7789369709552,0.0,32,32
3,SingleTrain_WithBaseValsalva,1,DBP,train,1,postExerciseHgcp,3918,3919,3919,7,31,subject1_day1_setup07_hgcp,74.4307124783454,74.4307124783454,0.0,32,32
3,SingleTrain_WithBaseValsalva,1,DBP,train,1,postExerciseHgcp,3919,3920,3920,7,31,subject1_day1_setup07_hgcp,74.6076202197702,74.6076202197702,0.0,32,32
3,SingleTrain_WithBaseValsalva,1,DBP,train,1,postExerciseHgcp,3920,3921,3921,7,31,subject1_day1_setup07_hgcp,74.656078855446,74.6076202197702,-0.04845863567580011,32,32
3,SingleTrain_WithBaseValsalva,1,DBP,train,1,postExerciseHgcp,3921,3922,3922,7,31,subject1_day1_setup07_hgcp,74.599555391825,74.599555391825,0.0,32,32
3,SingleTrain_WithBaseValsalva,1,DBP,train,1,postExerciseHgcp,3922,3923,3923,7,31,subject1_day1_setup07_hgcp,74.5535700103593,74.5535700103593,0.0,32,32
3,SingleTrain_WithBaseValsalva,1,DBP,train,1,postExerciseHgcp,3923,3924,3924,7,31,subject1_day1_setup07_hgcp,74.0103862786417,74.0103862786417,0.0,32,32
3,SingleTrain_WithBaseValsalva,1,DBP,train,1,postExerciseHgcp,3924,3925,3925,7,31,subject1_day1_setup07_hgcp,73.7230760642781,73.7230760642781,0.0,32,32
3,SingleTrain_WithBaseValsalva,1,DBP,train,1,postExerciseHgcp,3925,3926,3926,7,31,subject1_day1_setup07_hgcp,73.8567922233537,73.8567922233537,0.0,32,32
3,SingleTrain_WithBaseValsalva,1,DBP,train,1,postExerciseHgcp,3926,3927,3927,7,31,subject1_day1_setup07_hgcp,73.7795121812196,73.7795121812196,0.0,32,32
3,SingleTrain_WithBaseValsalva,1,DBP,train,1,postExerciseHgcp,3927,3928,3928,7,31,subject1_day1_setup07_hgcp,73.746339627886,73.746339627886,0.0,32,32
3,SingleTrain_WithBaseValsalva,1,DBP,train,1,postExerciseHgcp,3928,3929,3929,7,31,subject1_day1_setup07_hgcp,73.7474770666235,73.8567922233537,0.10931515673019021,32,32
3,SingleTrain_WithBaseValsalva,1,DBP,train,1,postExerciseHgcp,3929,3930,3930,7,31,subject1_day1_setup07_hgcp,74.0463319615973,74.0463319615973,0.0,32,32
3,SingleTrain_WithBaseValsalva,1,DBP,train,1,postExerciseHgcp,3930,3931,3931,7,31,subject1_day1_setup07_hgcp,74.0460513154182,74.0460513154182,0.0,32,32
3,SingleTrain_WithBaseValsalva,1,DBP,train,1,postExerciseHgcp,3931,3932,3932,7,31,subject1_day1_setup07_hgcp,74.2523888397785,74.1713602405401,-0.0810285992384081,32,32
3,SingleTrain_WithBaseValsalva,1,DBP,train,1,postExerciseHgcp,3932,3933,3933,7,31,subject1_day1_setup07_hgcp,74.3122796065028,74.1713602405401,-0.14091936596270216,32,32
3,SingleTrain_WithBaseValsalva,1,DBP,train,1,postExerciseHgcp,3933,3934,3934,7,31,subject1_day1_setup07_hgcp,74.1713602405401,74.1713602405401,0.0,32,32
3,SingleTrain_WithBaseValsalva,1,DBP,train,1,postExerciseHgcp,3934,3935,3935,7,31,subject1_day1_setup07_hgcp,73.9336000051152,73.9336000051152,0.0,32,32
3,SingleTrain_WithBaseValsalva,1,DBP,train,1,postExerciseHgcp,3935,3936,3936,7,31,subject1_day1_setup07_hgcp,73.5384300156191,73.5384300156191,0.0,32,32
3,SingleTrain_WithBaseValsalva,1,DBP,train,1,postExerciseHgcp,3936,3937,3937,7,31,subject1_day1_setup07_hgcp,73.0319483862225,73.0319483862225,0.0,32,32
3,SingleTrain_WithBaseValsalva,1,DBP,train,1,postExerciseHgcp,3937,3938,3938,7,31,subject1_day1_setup07_hgcp,72.6006057161475,72.6006057161475,0.0,32,32
3,SingleTrain_WithBaseValsalva,1,DBP,train,1,postExerciseHgcp,3938,3939,3939,7,31,subject1_day1_setup07_hgcp,72.0006547102246,72.0006547102246,0.0,32,32
3,SingleTrain_WithBaseValsalva,1,DBP,train,1,postExerciseHgcp,3939,3940,3940,7,31,subject1_day1_setup07_hgcp,71.6389345470473,71.6389345470473,0.0,32,32
3,SingleTrain_WithBaseValsalva,1,DBP,train,1,postExerciseHgcp,3940,3941,3941,7,31,subject1_day1_setup07_hgcp,71.3595643445233,71.3595643445233,0.0,32,32
3,SingleTrain_WithBaseValsalva,1,DBP,train,1,postExerciseHgcp,3941,3942,3942,7,31,subject1_day1_setup07_hgcp,71.2789368800701,71.2789368800701,0.0,32,32
3,SingleTrain_WithBaseValsalva,1,DBP,train,1,postExerciseHgcp,3942,3943,3943,7,31,subject1_day1_setup07_hgcp,71.0735331469104,71.2297157451955,0.15618259828509906,32,32
3,SingleTrain_WithBaseValsalva,1,DBP,train,1,postExerciseHgcp,3943,3944,3944,7,31,subject1_day1_setup07_hgcp,71.2297157451955,71.2297157451955,0.0,32,32
3,SingleTrain_WithBaseValsalva,1,DBP,train,1,postExerciseHgcp,3944,3945,3945,7,31,subject1_day1_setup07_hgcp,71.2943257231068,71.2943257231068,0.0,32,32
3,SingleTrain_WithBaseValsalva,1,DBP,train,1,postExerciseHgcp,3945,3946,3946,7,31,subject1_day1_setup07_hgcp,71.3280315326195,71.3280315326195,0.0,32,32
3,SingleTrain_WithBaseValsalva,1,DBP,train,1,postExerciseHgcp,3946,3947,3947,7,31,subject1_day1_setup07_hgcp,71.2225987558688,71.2225987558688,0.0,32,32
3,SingleTrain_WithBaseValsalva,1,DBP,train,1,postExerciseHgcp,3947,3948,3948,7,31,subject1_day1_setup07_hgcp,71.0632351520702,71.0138204882313,-0.049414663838902584,32,32
3,SingleTrain_WithBaseValsalva,1,DBP,train,1,postExerciseHgcp,3948,3949,3949,7,31,subject1_day1_setup07_hgcp,71.0138204882313,71.0138204882313,0.0,32,32
3,SingleTrain_WithBaseValsalva,1,DBP,train,1,postExerciseHgcp,3949,3950,3950,7,31,subject1_day1_setup07_hgcp,70.7780940187645,70.7780940187645,0.0,32,32
3,SingleTrain_WithBaseValsalva,1,DBP,train,1,postExerciseHgcp,3950,3951,3951,7,31,subject1_day1_setup07_hgcp,70.5544130968472,70.5544130968472,0.0,32,32
3,SingleTrain_WithBaseValsalva,1,DBP,train,1,postExerciseHgcp,3951,3952,3952,7,31,subject1_day1_setup07_hgcp,70.1275999364675,70.1275999364675,0.0,32,32
3,SingleTrain_WithBaseValsalva,1,DBP,train,1,postExerciseHgcp,3952,3953,3953,7,31,subject1_day1_setup07_hgcp,69.8519042256992,69.8519042256992,0.0,32,32
3,SingleTrain_WithBaseValsalva,1,DBP,train,1,postExerciseHgcp,3953,3954,3954,7,31,subject1_day1_setup07_hgcp,69.3952527663247,69.3952527663247,0.0,32,32
3,SingleTrain_WithBaseValsalva,1,DBP,train,1,postExerciseHgcp,3954,3955,3955,7,31,subject1_day1_setup07_hgcp,68.936812787926,68.936812787926,0.0,32,32
3,SingleTrain_WithBaseValsalva,1,DBP,train,1,postExerciseHgcp,3955,3956,3956,7,31,subject1_day1_setup07_hgcp,68.776544401074,68.776544401074,0.0,32,32
3,SingleTrain_WithBaseValsalva,1,DBP,train,1,postExerciseHgcp,3956,3957,3957,7,31,subject1_day1_setup07_hgcp,68.8390452305355,68.8390452305355,0.0,32,32
3,SingleTrain_WithBaseValsalva,1,DBP,train,1,postExerciseHgcp,3957,3958,3958,7,31,subject1_day1_setup07_hgcp,68.7139092425072,68.7139092425072,0.0,32,32
3,SingleTrain_WithBaseValsalva,1,DBP,train,1,postExerciseHgcp,3958,3959,3959,7,31,subject1_day1_setup07_hgcp,68.5931128151134,68.6952453456387,0.1021325305252958,32,32
3,SingleTrain_WithBaseValsalva,1,DBP,train,1,postExerciseHgcp,3959,3960,3960,7,31,subject1_day1_setup07_hgcp,68.6952453456387,68.6952453456387,0.0,32,32
3,SingleTrain_WithBaseValsalva,1,DBP,train,1,postExerciseHgcp,3960,3961,3961,7,31,subject1_day1_setup07_hgcp,68.7717106234847,68.7717106234847,0.0,32,32
3,SingleTrain_WithBaseValsalva,1,DBP,train,1,postExerciseHgcp,3961,3962,3962,7,31,subject1_day1_setup07_hgcp,68.7245798705646,68.7245798705646,0.0,32,32
3,SingleTrain_WithBaseValsalva,1,DBP,train,1,postExerciseHgcp,3962,3963,3963,7,31,subject1_day1_setup07_hgcp,68.8674823455048,68.8674823455048,0.0,32,32
3,SingleTrain_WithBaseValsalva,1,DBP,train,1,postExerciseHgcp,3963,3964,3964,7,31,subject1_day1_setup07_hgcp,69.0593243242871,69.0593243242871,0.0,32,32
3,SingleTrain_WithBaseValsalva,1,DBP,train,1,postExerciseHgcp,3964,3965,3965,7,31,subject1_day1_setup07_hgcp,69.2772667405405,69.2772667405405,0.0,32,32
3,SingleTrain_WithBaseValsalva,1,DBP,train,1,postExerciseHgcp,3965,3966,3966,7,31,subject1_day1_setup07_hgcp,69.2812093692392,69.2812093692392,0.0,32,32
3,SingleTrain_WithBaseValsalva,1,DBP,train,1,postExerciseHgcp,3966,3967,3967,7,31,subject1_day1_setup07_hgcp,69.573569061408,69.8558487002894,0.2822796388814055,32,32
3,SingleTrain_WithBaseValsalva,1,DBP,train,1,postExerciseHgcp,3967,3968,3968,7,31,subject1_day1_setup07_hgcp,69.88975113875,69.9846550416762,0.09490390292620532,32,32
3,SingleTrain_WithBaseValsalva,1,DBP,train,1,postExerciseHgcp,3968,3969,3969,7,31,subject1_day1_setup07_hgcp,70.0347993605057,70.0347993605057,0.0,32,32
3,SingleTrain_WithBaseValsalva,1,DBP,train,1,postExerciseHgcp,3969,3970,3970,7,31,subject1_day1_setup07_hgcp,69.9846550416762,69.9846550416762,0.0,32,32
3,SingleTrain_WithBaseValsalva,1,DBP,train,1,postExerciseHgcp,3970,3971,3971,7,31,subject1_day1_setup07_hgcp,70.2373524346643,70.2373524346643,0.0,32,32
3,SingleTrain_WithBaseValsalva,1,DBP,train,1,postExerciseHgcp,3971,3972,3972,7,31,subject1_day1_setup07_hgcp,70.4862698046842,70.4862698046842,0.0,32,32
3,SingleTrain_WithBaseValsalva,1,DBP,train,1,postExerciseHgcp,3972,3973,3973,7,31,subject1_day1_setup07_hgcp,70.6584505315016,70.6584505315016,0.0,32,32
3,SingleTrain_WithBaseValsalva,1,DBP,train,1,postExerciseHgcp,3973,3974,3974,7,31,subject1_day1_setup07_hgcp,70.8731786805116,70.8731786805116,0.0,32,32
3,SingleTrain_WithBaseValsalva,1,DBP,train,1,postExerciseHgcp,3974,3975,3975,7,31,subject1_day1_setup07_hgcp,71.2294192786544,70.9942473751968,-0.23517190345759786,32,32
3,SingleTrain_WithBaseValsalva,1,DBP,train,1,postExerciseHgcp,3975,3976,3976,7,31,subject1_day1_setup07_hgcp,71.168400913851,71.168400913851,0.0,32,32
3,SingleTrain_WithBaseValsalva,1,DBP,train,1,postExerciseHgcp,3976,3977,3977,7,31,subject1_day1_setup07_hgcp,70.9942473751968,70.9942473751968,0.0,32,32
3,SingleTrain_WithBaseValsalva,1,DBP,train,1,postExerciseHgcp,3977,3978,3978,7,31,subject1_day1_setup07_hgcp,70.9939408471844,70.9939408471844,0.0,32,32
3,SingleTrain_WithBaseValsalva,1,DBP,train,1,postExerciseHgcp,3980,3981,3981,7,31,subject1_day1_setup07_hgcp,70.7211257272833,70.5201904521013,-0.2009352751819904,32,32
3,SingleTrain_WithBaseValsalva,1,DBP,train,1,postExerciseHgcp,3981,3982,3982,7,31,subject1_day1_setup07_hgcp,70.5201904521013,70.5201904521013,0.0,32,32
3,SingleTrain_WithBaseValsalva,1,DBP,train,1,postExerciseHgcp,3983,3984,3984,7,31,subject1_day1_setup07_hgcp,69.8558487002894,69.8558487002894,0.0,32,32
3,SingleTrain_WithBaseValsalva,1,DBP,train,1,postExerciseHgcp,3984,3985,3985,7,31,subject1_day1_setup07_hgcp,69.4523642780245,69.4523642780245,0.0,32,32
3,SingleTrain_WithBaseValsalva,1,DBP,train,1,postExerciseHgcp,3985,3986,3986,7,31,subject1_day1_setup07_hgcp,69.2247733593969,69.2247733593969,0.0,32,32
3,SingleTrain_WithBaseValsalva,1,DBP,train,1,postExerciseHgcp,3986,3987,3987,7,31,subject1_day1_setup07_hgcp,68.7308583201119,68.7308583201119,0.0,32,32
3,SingleTrain_WithBaseValsalva,1,DBP,train,1,postExerciseHgcp,3987,3988,3988,7,31,subject1_day1_setup07_hgcp,68.3388112130232,68.3388112130232,0.0,32,32
3,SingleTrain_WithBaseValsalva,1,DBP,train,1,postExerciseHgcp,3988,3989,3989,7,31,subject1_day1_setup07_hgcp,68.1939711318737,68.1939711318737,0.0,32,32
3,SingleTrain_WithBaseValsalva,1,DBP,train,1,postExerciseHgcp,3989,3990,3990,7,31,subject1_day1_setup07_hgcp,68.292428705285,68.292428705285,0.0,32,32
3,SingleTrain_WithBaseValsalva,1,DBP,train,1,postExerciseHgcp,3990,3991,3991,7,31,subject1_day1_setup07_hgcp,67.9837587721948,68.1939711318737,0.2102123596788914,32,32
3,SingleTrain_WithBaseValsalva,1,DBP,train,1,postExerciseHgcp,3991,3992,3992,7,31,subject1_day1_setup07_hgcp,67.7657458319121,67.7657458319121,0.0,32,32
3,SingleTrain_WithBaseValsalva,1,DBP,train,1,postExerciseHgcp,3992,3993,3993,7,31,subject1_day1_setup07_hgcp,67.4832053592249,67.4832053592249,0.0,32,32
3,SingleTrain_WithBaseValsalva,1,DBP,train,1,postExerciseHgcp,3993,3994,3994,7,31,subject1_day1_setup07_hgcp,67.3007366299273,67.3007366299273,0.0,32,32
3,SingleTrain_WithBaseValsalva,1,DBP,train,1,postExerciseHgcp,3994,3995,3995,7,31,subject1_day1_setup07_hgcp,66.9164313654626,66.9164313654626,0.0,32,32
3,SingleTrain_WithBaseValsalva,1,DBP,train,1,postExerciseHgcp,3995,3996,3996,7,31,subject1_day1_setup07_hgcp,66.9411561119533,66.998350856033,0.057194744079694715,32,32
3,SingleTrain_WithBaseValsalva,1,DBP,train,1,postExerciseHgcp,3996,3997,3997,7,31,subject1_day1_setup07_hgcp,66.998350856033,66.998350856033,0.0,32,32
3,SingleTrain_WithBaseValsalva,1,DBP,train,1,postExerciseHgcp,3997,3998,3998,7,31,subject1_day1_setup07_hgcp,66.8912957390613,66.8912957390613,0.0,32,32
3,SingleTrain_WithBaseValsalva,1,DBP,train,1,postExerciseHgcp,3998,3999,3999,7,31,subject1_day1_setup07_hgcp,66.6001485543208,66.8912957390613,0.2911471847405096,32,32
3,SingleTrain_WithBaseValsalva,1,DBP,train,1,postExerciseHgcp,4000,4001,4001,7,32,subject1_day1_setup07_hgcp,68.4546168670688,68.4546168670688,0.0,32,32
3,SingleTrain_WithBaseValsalva,1,DBP,train,1,postExerciseHgcp,4001,4002,4002,7,32,subject1_day1_setup07_hgcp,69.1038777262182,69.1038777262182,0.0,32,32
3,SingleTrain_WithBaseValsalva,1,DBP,train,1,postExerciseHgcp,4002,4003,4003,7,32,subject1_day1_setup07_hgcp,69.9279744666354,69.9279744666354,0.0,32,32
3,SingleTrain_WithBaseValsalva,1,DBP,train,1,postExerciseHgcp,4003,4004,4004,7,32,subject1_day1_setup07_hgcp,70.5546084271948,70.5546084271948,0.0,32,32
3,SingleTrain_WithBaseValsalva,1,DBP,train,1,postExerciseHgcp,4004,4005,4005,7,32,subject1_day1_setup07_hgcp,70.9216175994881,70.9216175994881,0.0,32,32
3,SingleTrain_WithBaseValsalva,1,DBP,train,1,postExerciseHgcp,4005,4006,4006,7,32,subject1_day1_setup07_hgcp,71.4918344337372,71.4918344337372,0.0,32,32
3,SingleTrain_WithBaseValsalva,1,DBP,train,1,postExerciseHgcp,4006,4007,4007,7,32,subject1_day1_setup07_hgcp,71.9661547474499,71.9661547474499,0.0,32,32
3,SingleTrain_WithBaseValsalva,1,DBP,train,1,postExerciseHgcp,4007,4008,4008,7,32,subject1_day1_setup07_hgcp,72.2236862787889,71.9661547474499,-0.25753153133899787,32,32
3,SingleTrain_WithBaseValsalva,1,DBP,train,1,postExerciseHgcp,4008,4009,4009,7,32,subject1_day1_setup07_hgcp,72.1795222957272,72.1795222957272,0.0,32,32
3,SingleTrain_WithBaseValsalva,1,DBP,train,1,postExerciseHgcp,4009,4010,4010,7,32,subject1_day1_setup07_hgcp,72.26984577086,72.26984577086,0.0,32,32
3,SingleTrain_WithBaseValsalva,1,DBP,train,1,postExerciseHgcp,4011,4012,4012,7,32,subject1_day1_setup07_hgcp,72.4779313276933,72.4779313276933,0.0,32,32
3,SingleTrain_WithBaseValsalva,1,DBP,train,1,postExerciseHgcp,4012,4013,4013,7,32,subject1_day1_setup07_hgcp,72.8582233155958,72.8582233155958,0.0,32,32
3,SingleTrain_WithBaseValsalva,1,DBP,train,1,postExerciseHgcp,4013,4014,4014,7,32,subject1_day1_setup07_hgcp,73.1364647058688,73.1364647058688,0.0,32,32
3,SingleTrain_WithBaseValsalva,1,DBP,train,1,postExerciseHgcp,4014,4015,4015,7,32,subject1_day1_setup07_hgcp,73.4470977427004,73.4470977427004,0.0,32,32
3,SingleTrain_WithBaseValsalva,1,DBP,train,1,postExerciseHgcp,4015,4016,4016,7,32,subject1_day1_setup07_hgcp,73.7278416697574,73.7278416697574,0.0,32,32
3,SingleTrain_WithBaseValsalva,1,DBP,train,1,postExerciseHgcp,4016,4017,4017,7,32,subject1_day1_setup07_hgcp,74.1636607146502,74.1636607146502,0.0,32,32
3,SingleTrain_WithBaseValsalva,1,DBP,train,1,postExerciseHgcp,4017,4018,4018,7,32,subject1_day1_setup07_hgcp,74.504545052804,74.504545052804,0.0,32,32
3,SingleTrain_WithBaseValsalva,1,DBP,train,1,postExerciseHgcp,4018,4019,4019,7,32,subject1_day1_setup07_hgcp,74.9604538585616,74.9604538585616,0.0,32,32
3,SingleTrain_WithBaseValsalva,1,DBP,train,1,postExerciseHgcp,4019,4020,4020,7,32,subject1_day1_setup07_hgcp,75.0883883210446,75.0883883210446,0.0,32,32
3,SingleTrain_WithBaseValsalva,1,DBP,train,1,postExerciseHgcp,4020,4021,4021,7,32,subject1_day1_setup07_hgcp,75.4066414700897,75.4066414700897,0.0,32,32
3,SingleTrain_WithBaseValsalva,1,DBP,train,1,postExerciseHgcp,4021,4022,4022,7,32,subject1_day1_setup07_hgcp,75.2888712530437,75.2888712530437,0.0,32,32
3,SingleTrain_WithBaseValsalva,1,DBP,train,1,postExerciseHgcp,4022,4023,4023,7,32,subject1_day1_setup07_hgcp,74.9469399344134,74.9469399344134,0.0,32,32
3,SingleTrain_WithBaseValsalva,1,DBP,train,1,postExerciseHgcp,4023,4024,4024,7,32,subject1_day1_setup07_hgcp,74.6584047963993,74.6584047963993,0.0,32,32
3,SingleTrain_WithBaseValsalva,1,DBP,train,1,postExerciseHgcp,4024,4025,4025,7,32,subject1_day1_setup07_hgcp,74.557341098442,74.557341098442,0.0,32,32
3,SingleTrain_WithBaseValsalva,1,DBP,train,1,postExerciseHgcp,4025,4026,4026,7,32,subject1_day1_setup07_hgcp,74.063073888587,74.063073888587,0.0,32,32
3,SingleTrain_WithBaseValsalva,1,DBP,train,1,postExerciseHgcp,4026,4027,4027,7,32,subject1_day1_setup07_hgcp,73.5271996733647,73.5271996733647,0.0,32,32
3,SingleTrain_WithBaseValsalva,1,DBP,train,1,postExerciseHgcp,4027,4028,4028,7,32,subject1_day1_setup07_hgcp,73.1596846061651,73.1596846061651,0.0,32,32
3,SingleTrain_WithBaseValsalva,1,DBP,train,1,postExerciseHgcp,4028,4029,4029,7,32,subject1_day1_setup07_hgcp,73.0096414869491,73.0096414869491,0.0,32,32
3,SingleTrain_WithBaseValsalva,1,DBP,train,1,postExerciseHgcp,4029,4030,4030,7,32,subject1_day1_setup07_hgcp,72.8044081652925,72.986693236354,0.18228507106150005,32,32
3,SingleTrain_WithBaseValsalva,1,DBP,train,1,postExerciseHgcp,4030,4031,4031,7,32,subject1_day1_setup07_hgcp,72.7312248566812,72.986693236354,0.25546837967280567,32,32
3,SingleTrain_WithBaseValsalva,1,DBP,train,1,postExerciseHgcp,4031,4032,4032,7,32,subject1_day1_setup07_hgcp,72.986693236354,72.986693236354,0.0,32,32
3,SingleTrain_WithBaseValsalva,1,DBP,train,1,postExerciseHgcp,4032,4033,4033,7,32,subject1_day1_setup07_hgcp,73.1667446445342,73.1667446445342,0.0,32,32
3,SingleTrain_WithBaseValsalva,1,DBP,train,1,postExerciseHgcp,4033,4034,4034,7,32,subject1_day1_setup07_hgcp,73.3579097120979,73.2523276875461,-0.10558202455179355,32,32
3,SingleTrain_WithBaseValsalva,1,DBP,train,1,postExerciseHgcp,4034,4035,4035,7,32,subject1_day1_setup07_hgcp,73.2523276875461,73.2523276875461,0.0,32,32
3,SingleTrain_WithBaseValsalva,1,DBP,train,1,postExerciseHgcp,4035,4036,4036,7,32,subject1_day1_setup07_hgcp,73.446461688871,73.2523276875461,-0.19413400132489755,32,32
3,SingleTrain_WithBaseValsalva,1,DBP,train,1,postExerciseHgcp,4036,4037,4037,7,32,subject1_day1_setup07_hgcp,73.4246435940814,73.0978373341268,-0.32680625995460844,32,32
3,SingleTrain_WithBaseValsalva,1,DBP,train,1,postExerciseHgcp,4037,4038,4038,7,32,subject1_day1_setup07_hgcp,73.0978373341268,73.0978373341268,0.0,32,32
3,SingleTrain_WithBaseValsalva,1,DBP,train,1,postExerciseHgcp,4038,4039,4039,7,32,subject1_day1_setup07_hgcp,72.7686405441622,72.7686405441622,0.0,32,32
3,SingleTrain_WithBaseValsalva,1,DBP,train,1,postExerciseHgcp,4039,4040,4040,7,32,subject1_day1_setup07_hgcp,72.7997041185814,72.7997041185814,0.0,32,32
3,SingleTrain_WithBaseValsalva,1,DBP,train,1,postExerciseHgcp,4040,4041,4041,7,32,subject1_day1_setup07_hgcp,72.6072571450692,72.6072571450692,0.0,32,32
3,SingleTrain_WithBaseValsalva,1,DBP,train,1,postExerciseHgcp,4043,4044,4044,7,32,subject1_day1_setup07_hgcp,72.99194330215,72.9973728033481,0.005429501198094044,32,32
3,SingleTrain_WithBaseValsalva,1,DBP,train,1,postExerciseHgcp,4044,4045,4045,7,32,subject1_day1_setup07_hgcp,72.9973728033481,72.9973728033481,0.0,32,32
3,SingleTrain_WithBaseValsalva,1,DBP,train,1,postExerciseHgcp,4045,4046,4046,7,32,subject1_day1_setup07_hgcp,72.9841116276865,72.9973728033481,0.013261175661597235,32,32
3,SingleTrain_WithBaseValsalva,1,DBP,train,1,postExerciseHgcp,4046,4047,4047,7,32,subject1_day1_setup07_hgcp,73.3486963955509,73.3486963955509,0.0,32,32
3,SingleTrain_WithBaseValsalva,1,DBP,train,1,postExerciseHgcp,4049,4050,4050,7,32,subject1_day1_setup07_hgcp,74.2545216808751,74.2545216808751,0.0,32,32
3,SingleTrain_WithBaseValsalva,1,DBP,train,1,postExerciseHgcp,4050,4051,4051,7,32,subject1_day1_setup07_hgcp,74.5518754829454,74.5518754829454,0.0,32,32
3,SingleTrain_WithBaseValsalva,1,DBP,train,1,postExerciseHgcp,4051,4052,4052,7,32,subject1_day1_setup07_hgcp,74.5906017590711,74.5518754829454,-0.038726276125700565,32,32
3,SingleTrain_WithBaseValsalva,1,DBP,train,1,postExerciseHgcp,4052,4053,4053,7,32,subject1_day1_setup07_hgcp,74.3344842894857,74.3344842894857,0.0,32,32
3,SingleTrain_WithBaseValsalva,1,DBP,train,1,postExerciseHgcp,4053,4054,4054,7,32,subject1_day1_setup07_hgcp,74.0157252760244,74.0157252760244,0.0,32,32
3,SingleTrain_WithBaseValsalva,1,DBP,train,1,postExerciseHgcp,4054,4055,4055,7,32,subject1_day1_setup07_hgcp,74.0714041300139,73.911957347522,-0.15944678249189792,32,32
3,SingleTrain_WithBaseValsalva,1,DBP,train,1,postExerciseHgcp,4055,4056,4056,7,32,subject1_day1_setup07_hgcp,73.911957347522,73.911957347522,0.0,32,32
3,SingleTrain_WithBaseValsalva,1,DBP,train,1,postExerciseHgcp,4056,4057,4057,7,32,subject1_day1_setup07_hgcp,73.6218112236742,73.4469451332299,-0.17486609044429713,32,32
3,SingleTrain_WithBaseValsalva,1,DBP,train,1,postExerciseHgcp,4057,4058,4058,7,32,subject1_day1_setup07_hgcp,73.4469451332299,73.4469451332299,0.0,32,32
3,SingleTrain_WithBaseValsalva,1,DBP,train,1,postExerciseHgcp,4058,4059,4059,7,32,subject1_day1_setup07_hgcp,73.409796607628,73.409796607628,0.0,32,32
3,SingleTrain_WithBaseValsalva,1,DBP,train,1,postExerciseHgcp,4059,4060,4060,7,32,subject1_day1_setup07_hgcp,73.1634234575934,73.1634234575934,0.0,32,32
3,SingleTrain_WithBaseValsalva,1,DBP,train,1,postExerciseHgcp,4060,4061,4061,7,32,subject1_day1_setup07_hgcp,72.9604762323405,72.9604762323405,0.0,32,32
3,SingleTrain_WithBaseValsalva,1,DBP,train,1,postExerciseHgcp,4061,4062,4062,7,32,subject1_day1_setup07_hgcp,72.7593180132425,72.7593180132425,0.0,32,32
3,SingleTrain_WithBaseValsalva,1,DBP,train,1,postExerciseHgcp,4062,4063,4063,7,32,subject1_day1_setup07_hgcp,72.7470422193267,72.7470422193267,0.0,32,32
3,SingleTrain_WithBaseValsalva,1,DBP,train,1,postExerciseHgcp,4063,4064,4064,7,32,subject1_day1_setup07_hgcp,72.5574817929421,72.5743160267378,0.0168342337957057,32,32
3,SingleTrain_WithBaseValsalva,1,DBP,train,1,postExerciseHgcp,4064,4065,4065,7,32,subject1_day1_setup07_hgcp,72.5743160267378,72.5743160267378,0.0,32,32
3,SingleTrain_WithBaseValsalva,1,DBP,train,1,postExerciseHgcp,4065,4066,4066,7,32,subject1_day1_setup07_hgcp,72.6750653962077,72.6750653962077,0.0,32,32
3,SingleTrain_WithBaseValsalva,1,DBP,train,1,postExerciseHgcp,4066,4067,4067,7,32,subject1_day1_setup07_hgcp,72.4850485311339,72.4850485311339,0.0,32,32
3,SingleTrain_WithBaseValsalva,1,DBP,train,1,postExerciseHgcp,4067,4068,4068,7,32,subject1_day1_setup07_hgcp,72.3093528253062,72.3093528253062,0.0,32,32
3,SingleTrain_WithBaseValsalva,1,DBP,train,1,postExerciseHgcp,4068,4069,4069,7,32,subject1_day1_setup07_hgcp,72.0048453313874,72.0048453313874,0.0,32,32
3,SingleTrain_WithBaseValsalva,1,DBP,train,1,postExerciseHgcp,4069,4070,4070,7,32,subject1_day1_setup07_hgcp,71.8544728095163,71.8544728095163,0.0,32,32
3,SingleTrain_WithBaseValsalva,1,DBP,train,1,postExerciseHgcp,4070,4071,4071,7,32,subject1_day1_setup07_hgcp,71.6774620445989,72.0048453313874,0.32738328678850337,32,32
3,SingleTrain_WithBaseValsalva,1,DBP,train,1,postExerciseHgcp,4071,4072,4072,7,32,subject1_day1_setup07_hgcp,71.6397483425874,71.8544728095163,0.21472446692889946,32,32
3,SingleTrain_WithBaseValsalva,1,DBP,train,1,postExerciseHgcp,4072,4073,4073,7,32,subject1_day1_setup07_hgcp,71.8080648265551,71.8080648265551,0.0,32,32
3,SingleTrain_WithBaseValsalva,1,DBP,train,1,postExerciseHgcp,4073,4074,4074,7,32,subject1_day1_setup07_hgcp,72.0653341167756,72.0400072398603,-0.025326876915301,32,32
3,SingleTrain_WithBaseValsalva,1,DBP,train,1,postExerciseHgcp,4074,4075,4075,7,32,subject1_day1_setup07_hgcp,72.0387623587921,72.0387623587921,0.0,32,32
3,SingleTrain_WithBaseValsalva,1,DBP,train,1,postExerciseHgcp,4075,4076,4076,7,32,subject1_day1_setup07_hgcp,72.0400072398603,72.0387623587921,-0.0012448810682030853,32,32
3,SingleTrain_WithBaseValsalva,1,DBP,train,1,postExerciseHgcp,4076,4077,4077,7,32,subject1_day1_setup07_hgcp,71.8557048284595,71.8557048284595,0.0,32,32
3,SingleTrain_WithBaseValsalva,1,DBP,train,1,postExerciseHgcp,4077,4078,4078,7,32,subject1_day1_setup07_hgcp,71.7291765484949,71.7291765484949,0.0,32,32
3,SingleTrain_WithBaseValsalva,1,DBP,train,1,postExerciseHgcp,4078,4079,4079,7,32,subject1_day1_setup07_hgcp,71.358244997637,71.358244997637,0.0,32,32
3,SingleTrain_WithBaseValsalva,1,DBP,train,1,postExerciseHgcp,4079,4080,4080,7,32,subject1_day1_setup07_hgcp,70.9703808484617,70.9703808484617,0.0,32,32
3,SingleTrain_WithBaseValsalva,1,DBP,train,1,postExerciseHgcp,4080,4081,4081,7,32,subject1_day1_setup07_hgcp,70.5729582461185,70.5729582461185,0.0,32,32
3,SingleTrain_WithBaseValsalva,1,DBP,train,1,postExerciseHgcp,4081,4082,4082,7,32,subject1_day1_setup07_hgcp,70.0121506297835,70.0121506297835,0.0,32,32
3,SingleTrain_WithBaseValsalva,1,DBP,train,1,postExerciseHgcp,4082,4083,4083,7,32,subject1_day1_setup07_hgcp,69.4853687668507,69.4853687668507,0.0,32,32
3,SingleTrain_WithBaseValsalva,1,DBP,train,1,postExerciseHgcp,4083,4084,4084,7,32,subject1_day1_setup07_hgcp,69.085163976647,69.085163976647,0.0,32,32
3,SingleTrain_WithBaseValsalva,1,DBP,train,1,postExerciseHgcp,4084,4085,4085,7,32,subject1_day1_setup07_hgcp,68.5664030121026,68.5664030121026,0.0,32,32
3,SingleTrain_WithBaseValsalva,1,DBP,train,1,postExerciseHgcp,4085,4086,4086,7,32,subject1_day1_setup07_hgcp,68.2336173192259,68.2336173192259,0.0,32,32
3,SingleTrain_WithBaseValsalva,1,DBP,train,1,postExerciseHgcp,4086,4087,4087,7,32,subject1_day1_setup07_hgcp,67.980792938078,67.980792938078,0.0,32,32
3,SingleTrain_WithBaseValsalva,1,DBP,train,1,postExerciseHgcp,4087,4088,4088,7,32,subject1_day1_setup07_hgcp,67.8317696019738,67.980792938078,0.14902333610419305,32,32
3,SingleTrain_WithBaseValsalva,1,DBP,train,1,postExerciseHgcp,4088,4089,4089,7,32,subject1_day1_setup07_hgcp,67.6906888477789,67.6906888477789,0.0,32,32
3,SingleTrain_WithBaseValsalva,1,DBP,train,1,postExerciseHgcp,4089,4090,4090,7,32,subject1_day1_setup07_hgcp,67.6722635608139,67.6722635608139,0.0,32,32
3,SingleTrain_WithBaseValsalva,1,DBP,train,1,postExerciseHgcp,4090,4091,4091,7,32,subject1_day1_setup07_hgcp,67.5400555472239,67.5400555472239,0.0,32,32
3,SingleTrain_WithBaseValsalva,1,DBP,train,1,postExerciseHgcp,4091,4092,4092,7,32,subject1_day1_setup07_hgcp,67.4501962759125,67.4501962759125,0.0,32,32
3,SingleTrain_WithBaseValsalva,1,DBP,train,1,postExerciseHgcp,4092,4093,4093,7,32,subject1_day1_setup07_hgcp,67.1155477378816,67.1155477378816,0.0,32,32
3,SingleTrain_WithBaseValsalva,1,DBP,train,1,postExerciseHgcp,4093,4094,4094,7,32,subject1_day1_setup07_hgcp,66.6146140783572,66.6146140783572,0.0,32,32
3,SingleTrain_WithBaseValsalva,1,DBP,train,1,postExerciseHgcp,4094,4095,4095,7,32,subject1_day1_setup07_hgcp,66.3167841740804,66.3167841740804,0.0,32,32
3,SingleTrain_WithBaseValsalva,1,DBP,train,1,postExerciseHgcp,4095,4096,4096,7,32,subject1_day1_setup07_hgcp,66.0791026729348,66.0791026729348,0.0,32,32
3,SingleTrain_WithBaseValsalva,1,DBP,train,1,postExerciseHgcp,4096,4097,4097,7,32,subject1_day1_setup07_hgcp,66.0377277554351,66.0377277554351,0.0,32,32
3,SingleTrain_WithBaseValsalva,1,DBP,train,1,postExerciseHgcp,4097,4098,4098,7,32,subject1_day1_setup07_hgcp,66.0003783852189,66.4113712124715,0.4109928272525991,32,32
3,SingleTrain_WithBaseValsalva,1,DBP,train,1,postExerciseHgcp,4098,4099,4099,7,32,subject1_day1_setup07_hgcp,66.1837200089963,66.4113712124715,0.2276512034751903,32,32
3,SingleTrain_WithBaseValsalva,1,DBP,train,1,postExerciseHgcp,4099,4100,4100,7,32,subject1_day1_setup07_hgcp,66.4113712124715,66.4113712124715,0.0,32,32
3,SingleTrain_WithBaseValsalva,1,DBP,train,1,postExerciseHgcp,4100,4101,4101,7,32,subject1_day1_setup07_hgcp,66.5771540687021,66.5771540687021,0.0,32,32
3,SingleTrain_WithBaseValsalva,1,DBP,train,1,postExerciseHgcp,4101,4102,4102,7,32,subject1_day1_setup07_hgcp,66.83461764361,66.83461764361,0.0,32,32
3,SingleTrain_WithBaseValsalva,1,DBP,train,1,postExerciseHgcp,4102,4103,4103,7,32,subject1_day1_setup07_hgcp,67.1405878713714,67.1405878713714,0.0,32,32
3,SingleTrain_WithBaseValsalva,1,DBP,train,1,postExerciseHgcp,4103,4104,4104,7,32,subject1_day1_setup07_hgcp,67.2130946910391,67.2130946910391,0.0,32,32
3,SingleTrain_WithBaseValsalva,1,DBP,train,1,postExerciseHgcp,4104,4105,4105,7,32,subject1_day1_setup07_hgcp,67.3557194231156,67.3557194231156,0.0,32,32
3,SingleTrain_WithBaseValsalva,1,DBP,train,1,postExerciseHgcp,4105,4106,4106,7,32,subject1_day1_setup07_hgcp,67.5832449479475,67.6906888477789,0.10744389983139513,32,32
3,SingleTrain_WithBaseValsalva,1,DBP,train,1,postExerciseHgcp,4106,4107,4107,7,32,subject1_day1_setup07_hgcp,67.8049424802296,67.7722639221703,-0.03267855805930253,32,32
3,SingleTrain_WithBaseValsalva,1,DBP,train,1,postExerciseHgcp,4107,4108,4108,7,32,subject1_day1_setup07_hgcp,67.7722639221703,67.7722639221703,0.0,32,32
3,SingleTrain_WithBaseValsalva,1,DBP,train,1,postExerciseHgcp,4108,4109,4109,7,32,subject1_day1_setup07_hgcp,67.9670071750051,67.9670071750051,0.0,32,32
3,SingleTrain_WithBaseValsalva,1,DBP,train,1,postExerciseHgcp,4109,4110,4110,7,32,subject1_day1_setup07_hgcp,68.1394894506989,68.1394894506989,0.0,32,32
3,SingleTrain_WithBaseValsalva,1,DBP,train,1,postExerciseHgcp,4110,4111,4111,7,32,subject1_day1_setup07_hgcp,68.1111798889832,67.9670071750051,-0.14417271397810794,32,32
3,SingleTrain_WithBaseValsalva,1,DBP,train,1,postExerciseHgcp,4111,4112,4112,7,32,subject1_day1_setup07_hgcp,67.915068342908,67.9670071750051,0.05193883209709327,32,32
3,SingleTrain_WithBaseValsalva,1,DBP,train,1,postExerciseHgcp,4112,4113,4113,7,32,subject1_day1_setup07_hgcp,67.8965035647502,67.915068342908,0.01856477815779556,32,32
3,SingleTrain_WithBaseValsalva,1,DBP,train,1,postExerciseHgcp,4113,4114,4114,7,32,subject1_day1_setup07_hgcp,68.0132229505666,68.0654761824308,0.05225323186419928,32,32
3,SingleTrain_WithBaseValsalva,1,DBP,train,1,postExerciseHgcp,4114,4115,4115,7,32,subject1_day1_setup07_hgcp,68.0714107933141,68.0654761824308,-0.005934610883301161,32,32
3,SingleTrain_WithBaseValsalva,1,DBP,train,1,postExerciseHgcp,4115,4116,4116,7,32,subject1_day1_setup07_hgcp,68.0654761824308,68.0714107933141,0.005934610883301161,32,32
3,SingleTrain_WithBaseValsalva,1,DBP,train,1,postExerciseHgcp,4116,4117,4117,7,32,subject1_day1_setup07_hgcp,68.190668297083,68.190668297083,0.0,32,32
3,SingleTrain_WithBaseValsalva,1,DBP,train,1,postExerciseHgcp,4117,4118,4118,7,32,subject1_day1_setup07_hgcp,68.5405986526552,68.5405986526552,0.0,32,32
3,SingleTrain_WithBaseValsalva,1,DBP,train,1,postExerciseHgcp,4118,4119,4119,7,32,subject1_day1_setup07_hgcp,68.7591033602323,68.7591033602323,0.0,32,32
3,SingleTrain_WithBaseValsalva,1,DBP,train,1,postExerciseHgcp,4126,4127,4127,8,33,subject1_day1_setup08_hgcp,88.4403380911436,88.4403380911436,0.0,32,32
3,SingleTrain_WithBaseValsalva,1,DBP,train,1,postExerciseHgcp,4127,4128,4128,8,33,subject1_day1_setup08_hgcp,88.2938030872665,88.2938030872665,0.0,32,32
3,SingleTrain_WithBaseValsalva,1,DBP,train,1,postExerciseHgcp,4128,4129,4129,8,33,subject1_day1_setup08_hgcp,88.095411125978,88.095411125978,0.0,32,32
3,SingleTrain_WithBaseValsalva,1,DBP,train,1,postExerciseHgcp,4129,4130,4130,8,33,subject1_day1_setup08_hgcp,87.8199473953674,87.8199473953674,0.0,32,32
3,SingleTrain_WithBaseValsalva,1,DBP,train,1,postExerciseHgcp,4130,4131,4131,8,33,subject1_day1_setup08_hgcp,87.556836334741,87.556836334741,0.0,32,32
3,SingleTrain_WithBaseValsalva,1,DBP,train,1,postExerciseHgcp,4131,4132,4132,8,33,subject1_day1_setup08_hgcp,87.370025043427,87.370025043427,0.0,32,32
3,SingleTrain_WithBaseValsalva,1,DBP,train,1,postExerciseHgcp,4149,4150,4150,8,33,subject1_day1_setup08_hgcp,81.7440727605832,81.7440727605832,0.0,32,32
3,SingleTrain_WithBaseValsalva,1,DBP,train,1,postExerciseHgcp,4150,4151,4151,8,33,subject1_day1_setup08_hgcp,81.965046485484,81.965046485484,0.0,32,32
3,SingleTrain_WithBaseValsalva,1,DBP,train,1,postExerciseHgcp,4151,4152,4152,8,33,subject1_day1_setup08_hgcp,82.1895844841177,82.1895844841177,0.0,32,32
3,SingleTrain_WithBaseValsalva,1,DBP,train,1,postExerciseHgcp,4152,4153,4153,8,33,subject1_day1_setup08_hgcp,82.421887156188,82.421887156188,0.0,32,32
3,SingleTrain_WithBaseValsalva,1,DBP,train,1,postExerciseHgcp,4153,4154,4154,8,33,subject1_day1_setup08_hgcp,82.6435161831007,82.6435161831007,0.0,32,32
3,SingleTrain_WithBaseValsalva,1,DBP,train,1,postExerciseHgcp,4154,4155,4155,8,33,subject1_day1_setup08_hgcp,83.2453390334682,83.2453390334682,0.0,32,32
3,SingleTrain_WithBaseValsalva,1,DBP,train,1,postExerciseHgcp,4155,4156,4156,8,33,subject1_day1_setup08_hgcp,83.6848217219797,83.6848217219797,0.0,32,32
3,SingleTrain_WithBaseValsalva,1,DBP,train,1,postExerciseHgcp,4156,4157,4157,8,33,subject1_day1_setup08_hgcp,84.4573699440888,84.4573699440888,0.0,32,32
3,SingleTrain_WithBaseValsalva,1,DBP,train,1,postExerciseHgcp,4157,4158,4158,8,33,subject1_day1_setup08_hgcp,85.0047097936375,85.0047097936375,0.0,32,32
3,SingleTrain_WithBaseValsalva,1,DBP,train,1,postExerciseHgcp,4158,4159,4159,8,33,subject1_day1_setup08_hgcp,85.6443413254878,85.6443413254878,0.0,32,32
3,SingleTrain_WithBaseValsalva,1,DBP,train,1,postExerciseHgcp,4159,4160,4160,8,33,subject1_day1_setup08_hgcp,86.2740162993984,86.2740162993984,0.0,32,32
3,SingleTrain_WithBaseValsalva,1,DBP,train,1,postExerciseHgcp,4160,4161,4161,8,33,subject1_day1_setup08_hgcp,86.7068027510006,86.7068027510006,0.0,32,32
3,SingleTrain_WithBaseValsalva,1,DBP,train,1,postExerciseHgcp,4161,4162,4162,8,33,subject1_day1_setup08_hgcp,87.2203055321849,87.2203055321849,0.0,32,32
3,SingleTrain_WithBaseValsalva,1,DBP,train,1,postExerciseHgcp,4162,4163,4163,8,33,subject1_day1_setup08_hgcp,87.5674680191431,87.5674680191431,0.0,32,32
3,SingleTrain_WithBaseValsalva,1,DBP,train,1,postExerciseHgcp,4163,4164,4164,8,33,subject1_day1_setup08_hgcp,87.861499116418,87.861499116418,0.0,32,32
3,SingleTrain_WithBaseValsalva,1,DBP,train,1,postExerciseHgcp,4164,4165,4165,8,33,subject1_day1_setup08_hgcp,88.0292754017708,88.0292754017708,0.0,32,32
3,SingleTrain_WithBaseValsalva,1,DBP,train,1,postExerciseHgcp,4165,4166,4166,8,33,subject1_day1_setup08_hgcp,88.1150857773422,88.1150857773422,0.0,32,32
3,SingleTrain_WithBaseValsalva,1,DBP,train,1,postExerciseHgcp,4166,4167,4167,8,33,subject1_day1_setup08_hgcp,88.0944157700668,88.0944157700668,0.0,32,32
3,SingleTrain_WithBaseValsalva,1,DBP,train,1,postExerciseHgcp,4167,4168,4168,8,33,subject1_day1_setup08_hgcp,88.2774054056117,88.2774054056117,0.0,32,32
3,SingleTrain_WithBaseValsalva,1,DBP,train,1,postExerciseHgcp,4168,4169,4169,8,33,subject1_day1_setup08_hgcp,88.4574236038449,88.4574236038449,0.0,32,32
3,SingleTrain_WithBaseValsalva,1,DBP,train,1,postExerciseHgcp,4199,4200,4200,8,33,subject1_day1_setup08_hgcp,95.4116837289157,95.4116837289157,0.0,32,32
3,SingleTrain_WithBaseValsalva,1,DBP,train,1,postExerciseHgcp,4201,4202,4202,8,33,subject1_day1_setup08_hgcp,95.1490996663325,95.1490996663325,0.0,32,32
3,SingleTrain_WithBaseValsalva,1,DBP,train,1,postExerciseHgcp,4205,4206,4206,8,33,subject1_day1_setup08_hgcp,95.9522345642357,95.9522345642357,0.0,32,32
3,SingleTrain_WithBaseValsalva,1,DBP,train,1,postExerciseHgcp,4214,4215,4215,8,33,subject1_day1_setup08_hgcp,96.7783256879534,96.7783256879534,0.0,32,32
3,SingleTrain_WithBaseValsalva,1,DBP,train,1,postExerciseHgcp,4312,4313,4313,8,34,subject1_day1_setup08_hgcp,98.1597326328895,98.1597326328895,0.0,32,32
3,SingleTrain_WithBaseValsalva,1,DBP,train,1,postExerciseHgcp,4315,4316,4316,8,34,subject1_day1_setup08_hgcp,98.9838997643793,98.9838997643793,0.0,32,32
3,SingleTrain_WithBaseValsalva,1,DBP,train,1,postExerciseHgcp,4424,4425,4425,8,35,subject1_day1_setup08_hgcp,89.3570617516379,89.3570617516379,0.0,32,32
3,SingleTrain_WithBaseValsalva,1,DBP,train,1,postExerciseHgcp,4425,4426,4426,8,35,subject1_day1_setup08_hgcp,88.9153349242929,88.9153349242929,0.0,32,32
3,SingleTrain_WithBaseValsalva,1,DBP,train,1,postExerciseHgcp,4426,4427,4427,8,35,subject1_day1_setup08_hgcp,88.4001621105533,88.4001621105533,0.0,32,32
3,SingleTrain_WithBaseValsalva,1,DBP,train,1,postExerciseHgcp,4427,4428,4428,8,35,subject1_day1_setup08_hgcp,87.9114688503508,87.8448134453971,-0.06665540495370692,32,32
3,SingleTrain_WithBaseValsalva,1,DBP,train,1,postExerciseHgcp,4428,4429,4429,8,35,subject1_day1_setup08_hgcp,87.8448134453971,87.8448134453971,0.0,32,32
3,SingleTrain_WithBaseValsalva,1,DBP,train,1,postExerciseHgcp,4429,4430,4430,8,35,subject1_day1_setup08_hgcp,87.7615468985643,87.7615468985643,0.0,32,32
3,SingleTrain_WithBaseValsalva,1,DBP,train,1,postExerciseHgcp,4430,4431,4431,8,35,subject1_day1_setup08_hgcp,87.5596668196276,87.5596668196276,0.0,32,32
3,SingleTrain_WithBaseValsalva,1,DBP,train,1,postExerciseHgcp,4431,4432,4432,8,35,subject1_day1_setup08_hgcp,87.1157197706235,87.5596668196276,0.44394704900409465,32,32
3,SingleTrain_WithBaseValsalva,1,DBP,train,1,postExerciseHgcp,4432,4433,4433,8,35,subject1_day1_setup08_hgcp,86.8883665994169,86.8979145152881,0.0095479158711953,32,32
3,SingleTrain_WithBaseValsalva,1,DBP,train,1,postExerciseHgcp,4433,4434,4434,8,35,subject1_day1_setup08_hgcp,86.8979145152881,86.8883665994169,-0.0095479158711953,32,32
3,SingleTrain_WithBaseValsalva,1,DBP,train,1,postExerciseHgcp,4434,4435,4435,8,35,subject1_day1_setup08_hgcp,86.828511870189,86.828511870189,0.0,32,32
3,SingleTrain_WithBaseValsalva,1,DBP,train,1,postExerciseHgcp,4435,4436,4436,8,35,subject1_day1_setup08_hgcp,86.7811985659649,86.7811985659649,0.0,32,32
3,SingleTrain_WithBaseValsalva,1,DBP,train,1,postExerciseHgcp,4436,4437,4437,8,35,subject1_day1_setup08_hgcp,86.646600805424,86.646600805424,0.0,32,32
3,SingleTrain_WithBaseValsalva,1,DBP,train,1,postExerciseHgcp,4437,4438,4438,8,35,subject1_day1_setup08_hgcp,86.3949029912858,86.5947045287696,0.19980153748379337,32,32
3,SingleTrain_WithBaseValsalva,1,DBP,train,1,postExerciseHgcp,4438,4439,4439,8,35,subject1_day1_setup08_hgcp,86.4337771934012,86.4999422678315,0.06616507443030173,32,32
3,SingleTrain_WithBaseValsalva,1,DBP,train,1,postExerciseHgcp,4439,4440,4440,8,35,subject1_day1_setup08_hgcp,86.4999422678315,86.4999422678315,0.0,32,32
3,SingleTrain_WithBaseValsalva,1,DBP,train,1,postExerciseHgcp,4440,4441,4441,8,35,subject1_day1_setup08_hgcp,86.5882203996787,86.5882203996787,0.0,32,32
3,SingleTrain_WithBaseValsalva,1,DBP,train,1,postExerciseHgcp,4441,4442,4442,8,35,subject1_day1_setup08_hgcp,86.7562961436551,86.6036644680631,-0.15263167559200497,32,32
3,SingleTrain_WithBaseValsalva,1,DBP,train,1,postExerciseHgcp,4442,4443,4443,8,35,subject1_day1_setup08_hgcp,86.7175621899169,86.71756218991689,-1.4210854715202004e-14,32,32
3,SingleTrain_WithBaseValsalva,1,DBP,train,1,postExerciseHgcp,4443,4444,4444,8,35,subject1_day1_setup08_hgcp,86.6036644680631,86.6036644680631,0.0,32,32
3,SingleTrain_WithBaseValsalva,1,DBP,train,1,postExerciseHgcp,4444,4445,4445,8,35,subject1_day1_setup08_hgcp,86.5763187796055,86.5763187796055,0.0,32,32
3,SingleTrain_WithBaseValsalva,1,DBP,train,1,postExerciseHgcp,4445,4446,4446,8,35,subject1_day1_setup08_hgcp,86.5947045287696,86.5947045287696,0.0,32,32
3,SingleTrain_WithBaseValsalva,1,DBP,train,1,postExerciseHgcp,4446,4447,4447,8,35,subject1_day1_setup08_hgcp,86.4884332545848,86.4884332545848,0.0,32,32
3,SingleTrain_WithBaseValsalva,1,DBP,train,1,postExerciseHgcp,4447,4448,4448,8,35,subject1_day1_setup08_hgcp,86.378316896242,86.378316896242,0.0,32,32
3,SingleTrain_WithBaseValsalva,1,DBP,train,1,postExerciseHgcp,4448,4449,4449,8,35,subject1_day1_setup08_hgcp,86.2557970122142,86.2557970122142,0.0,32,32
3,SingleTrain_WithBaseValsalva,1,DBP,train,1,postExerciseHgcp,4449,4450,4450,8,35,subject1_day1_setup08_hgcp,86.0444699017821,86.0444699017821,0.0,32,32
3,SingleTrain_WithBaseValsalva,1,DBP,train,1,postExerciseHgcp,4450,4451,4451,8,35,subject1_day1_setup08_hgcp,85.8663326334118,85.899272992332,0.0329403589202002,32,32
3,SingleTrain_WithBaseValsalva,1,DBP,train,1,postExerciseHgcp,4451,4452,4452,8,35,subject1_day1_setup08_hgcp,85.899272992332,86.0444699017821,0.14519690945009245,32,32
3,SingleTrain_WithBaseValsalva,1,DBP,train,1,postExerciseHgcp,4452,4453,4453,8,35,subject1_day1_setup08_hgcp,86.0782095288385,86.0782095288385,0.0,32,32
3,SingleTrain_WithBaseValsalva,1,DBP,train,1,postExerciseHgcp,4453,4454,4454,8,35,subject1_day1_setup08_hgcp,86.3058479979219,86.3058479979219,0.0,32,32
3,SingleTrain_WithBaseValsalva,1,DBP,train,1,postExerciseHgcp,4454,4455,4455,8,35,subject1_day1_setup08_hgcp,86.6709107223026,86.6709107223026,0.0,32,32
3,SingleTrain_WithBaseValsalva,1,DBP,train,1,postExerciseHgcp,4455,4456,4456,8,35,subject1_day1_setup08_hgcp,86.9859123530598,86.9859123530598,0.0,32,32
3,SingleTrain_WithBaseValsalva,1,DBP,train,1,postExerciseHgcp,4456,4457,4457,8,35,subject1_day1_setup08_hgcp,87.3204925021055,87.3204925021055,0.0,32,32
3,SingleTrain_WithBaseValsalva,1,DBP,train,1,postExerciseHgcp,4457,4458,4458,8,35,subject1_day1_setup08_hgcp,87.7097152706259,87.7097152706259,0.0,32,32
3,SingleTrain_WithBaseValsalva,1,DBP,train,1,postExerciseHgcp,4458,4459,4459,8,35,subject1_day1_setup08_hgcp,88.1299964630105,88.1299964630105,0.0,32,32
3,SingleTrain_WithBaseValsalva,1,DBP,train,1,postExerciseHgcp,4459,4460,4460,8,35,subject1_day1_setup08_hgcp,88.3712758031867,88.1539590015243,-0.21731680166240608,32,32
3,SingleTrain_WithBaseValsalva,1,DBP,train,1,postExerciseHgcp,4460,4461,4461,8,35,subject1_day1_setup08_hgcp,88.443666911586,88.443666911586,0.0,32,32
3,SingleTrain_WithBaseValsalva,1,DBP,train,1,postExerciseHgcp,4461,4462,4462,8,35,subject1_day1_setup08_hgcp,88.5872153563555,88.5872153563555,0.0,32,32
3,SingleTrain_WithBaseValsalva,1,DBP,train,1,postExerciseHgcp,4462,4463,4463,8,35,subject1_day1_setup08_hgcp,89.0795232035679,89.0795232035679,0.0,32,32
3,SingleTrain_WithBaseValsalva,1,DBP,train,1,postExerciseHgcp,4463,4464,4464,8,35,subject1_day1_setup08_hgcp,89.5288406044463,89.5288406044463,0.0,32,32
3,SingleTrain_WithBaseValsalva,1,DBP,train,1,postExerciseHgcp,4464,4465,4465,8,35,subject1_day1_setup08_hgcp,89.870814963968,89.8614531063894,-0.009361857578596755,32,32
3,SingleTrain_WithBaseValsalva,1,DBP,train,1,postExerciseHgcp,4465,4466,4466,8,35,subject1_day1_setup08_hgcp,89.8614531063894,89.8614531063894,0.0,32,32
3,SingleTrain_WithBaseValsalva,1,DBP,train,1,postExerciseHgcp,4466,4467,4467,8,35,subject1_day1_setup08_hgcp,90.3589889932574,90.3589889932574,0.0,32,32
3,SingleTrain_WithBaseValsalva,1,DBP,train,1,postExerciseHgcp,4467,4468,4468,8,35,subject1_day1_setup08_hgcp,90.6923494791516,90.6923494791516,0.0,32,32
3,SingleTrain_WithBaseValsalva,1,DBP,train,1,postExerciseHgcp,4468,4469,4469,8,35,subject1_day1_setup08_hgcp,90.9724530755426,90.9724530755426,0.0,32,32
3,SingleTrain_WithBaseValsalva,1,DBP,train,1,postExerciseHgcp,4469,4470,4470,8,35,subject1_day1_setup08_hgcp,91.065034952966,91.065034952966,0.0,32,32
3,SingleTrain_WithBaseValsalva,1,DBP,train,1,postExerciseHgcp,4470,4471,4471,8,35,subject1_day1_setup08_hgcp,91.4022462499922,91.4022462499922,0.0,32,32
3,SingleTrain_WithBaseValsalva,1,DBP,train,1,postExerciseHgcp,4471,4472,4472,8,35,subject1_day1_setup08_hgcp,91.7865044447804,91.7865044447804,0.0,32,32
3,SingleTrain_WithBaseValsalva,1,DBP,train,1,postExerciseHgcp,4472,4473,4473,8,35,subject1_day1_setup08_hgcp,92.2243722341815,92.2243722341815,0.0,32,32
3,SingleTrain_WithBaseValsalva,1,DBP,train,1,postExerciseHgcp,4473,4474,4474,8,35,subject1_day1_setup08_hgcp,92.6213070057474,92.6213070057474,0.0,32,32
3,SingleTrain_WithBaseValsalva,1,DBP,train,1,postExerciseHgcp,4474,4475,4475,8,35,subject1_day1_setup08_hgcp,92.4840251568853,92.4840251568853,0.0,32,32
3,SingleTrain_WithBaseValsalva,1,DBP,train,1,postExerciseHgcp,4475,4476,4476,8,35,subject1_day1_setup08_hgcp,92.657751075041,92.657751075041,0.0,32,32
3,SingleTrain_WithBaseValsalva,1,DBP,train,1,postExerciseHgcp,4476,4477,4477,8,35,subject1_day1_setup08_hgcp,92.8972086903289,92.8972086903289,0.0,32,32
3,SingleTrain_WithBaseValsalva,1,DBP,train,1,postExerciseHgcp,4477,4478,4478,8,35,subject1_day1_setup08_hgcp,93.1087311039003,93.1087311039003,0.0,32,32
3,SingleTrain_WithBaseValsalva,1,DBP,train,1,postExerciseHgcp,4478,4479,4479,8,35,subject1_day1_setup08_hgcp,93.1702212947962,93.1616280411871,-0.008593253609106455,32,32
3,SingleTrain_WithBaseValsalva,1,DBP,train,1,postExerciseHgcp,4479,4480,4480,8,35,subject1_day1_setup08_hgcp,93.1616280411871,93.1616280411871,0.0,32,32
3,SingleTrain_WithBaseValsalva,1,DBP,train,1,postExerciseHgcp,4480,4481,4481,8,35,subject1_day1_setup08_hgcp,93.5796082255953,93.5796082255953,0.0,32,32
3,SingleTrain_WithBaseValsalva,1,DBP,train,1,postExerciseHgcp,4481,4482,4482,8,35,subject1_day1_setup08_hgcp,93.8369499234037,93.5796082255953,-0.25734169780839977,32,32
3,SingleTrain_WithBaseValsalva,1,DBP,train,1,postExerciseHgcp,4482,4483,4483,8,35,subject1_day1_setup08_hgcp,93.7792661583156,93.7070770963528,-0.07218906196278851,32,32
3,SingleTrain_WithBaseValsalva,1,DBP,train,1,postExerciseHgcp,4483,4484,4484,8,35,subject1_day1_setup08_hgcp,93.7070770963528,93.7070770963528,0.0,32,32
3,SingleTrain_WithBaseValsalva,1,DBP,train,1,postExerciseHgcp,4484,4485,4485,8,35,subject1_day1_setup08_hgcp,93.6440590340171,93.6440590340171,0.0,32,32
3,SingleTrain_WithBaseValsalva,1,DBP,train,1,postExerciseHgcp,4485,4486,4486,8,35,subject1_day1_setup08_hgcp,94.0967360943266,94.0967360943266,0.0,32,32
3,SingleTrain_WithBaseValsalva,1,DBP,train,1,postExerciseHgcp,4486,4487,4487,8,35,subject1_day1_setup08_hgcp,94.3478531306841,94.3478531306841,0.0,32,32
3,SingleTrain_WithBaseValsalva,1,DBP,train,1,postExerciseHgcp,4487,4488,4488,8,35,subject1_day1_setup08_hgcp,94.7170382162205,94.7170382162205,0.0,32,32
3,SingleTrain_WithBaseValsalva,1,DBP,train,1,postExerciseHgcp,4488,4489,4489,8,35,subject1_day1_setup08_hgcp,94.7922485681099,94.7922485681099,0.0,32,32
3,SingleTrain_WithBaseValsalva,1,DBP,train,1,postExerciseHgcp,4489,4490,4490,8,35,subject1_day1_setup08_hgcp,95.2472769368614,95.2472769368614,0.0,32,32
3,SingleTrain_WithBaseValsalva,1,DBP,train,1,postExerciseHgcp,4490,4491,4491,8,35,subject1_day1_setup08_hgcp,95.4177940553079,95.4177940553079,0.0,32,32
3,SingleTrain_WithBaseValsalva,1,DBP,train,1,postExerciseHgcp,4491,4492,4492,8,35,subject1_day1_setup08_hgcp,95.455809890625,95.455809890625,0.0,32,32
3,SingleTrain_WithBaseValsalva,1,DBP,train,1,postExerciseHgcp,4492,4493,4493,8,35,subject1_day1_setup08_hgcp,95.2456756789602,95.2456756789602,0.0,32,32
3,SingleTrain_WithBaseValsalva,1,DBP,train,1,postExerciseHgcp,4493,4494,4494,8,35,subject1_day1_setup08_hgcp,94.9544554031626,94.9544554031626,0.0,32,32
3,SingleTrain_WithBaseValsalva,1,DBP,train,1,postExerciseHgcp,4494,4495,4495,8,35,subject1_day1_setup08_hgcp,95.0003941252722,95.0003941252722,0.0,32,32
3,SingleTrain_WithBaseValsalva,1,DBP,train,1,postExerciseHgcp,4495,4496,4496,8,35,subject1_day1_setup08_hgcp,94.6927698537971,94.6927698537971,0.0,32,32
3,SingleTrain_WithBaseValsalva,1,DBP,train,1,postExerciseHgcp,4496,4497,4497,8,35,subject1_day1_setup08_hgcp,94.2685296243296,94.2685296243296,0.0,32,32
3,SingleTrain_WithBaseValsalva,1,DBP,train,1,postExerciseHgcp,4497,4498,4498,8,35,subject1_day1_setup08_hgcp,93.9986849270961,93.9986849270961,0.0,32,32
3,SingleTrain_WithBaseValsalva,1,DBP,train,1,postExerciseHgcp,4498,4499,4499,8,35,subject1_day1_setup08_hgcp,93.8039508303388,93.8039508303388,0.0,32,32
3,SingleTrain_WithBaseValsalva,1,DBP,train,1,postExerciseHgcp,4499,4500,4500,8,35,subject1_day1_setup08_hgcp,93.8479752386542,93.6526132933124,-0.1953619453418014,32,32
3,SingleTrain_WithBaseValsalva,1,DBP,train,1,postExerciseHgcp,4500,4501,4501,8,35,subject1_day1_setup08_hgcp,93.6526132933124,93.6526132933124,0.0,32,32
3,SingleTrain_WithBaseValsalva,1,DBP,train,1,postExerciseHgcp,4501,4502,4502,8,35,subject1_day1_setup08_hgcp,93.4647716377244,93.5129066878899,0.04813505016549868,32,32
3,SingleTrain_WithBaseValsalva,1,DBP,train,1,postExerciseHgcp,4502,4503,4503,8,35,subject1_day1_setup08_hgcp,93.5129066878899,93.5129066878899,0.0,32,32
3,SingleTrain_WithBaseValsalva,1,DBP,train,1,postExerciseHgcp,4503,4504,4504,8,35,subject1_day1_setup08_hgcp,93.6208589401544,93.6208589401544,0.0,32,32
3,SingleTrain_WithBaseValsalva,1,DBP,train,1,postExerciseHgcp,4504,4505,4505,8,35,subject1_day1_setup08_hgcp,93.589049357831,93.589049357831,0.0,32,32
3,SingleTrain_WithBaseValsalva,1,DBP,train,1,postExerciseHgcp,4530,4531,4531,8,35,subject1_day1_setup08_hgcp,88.5320778237333,88.5320778237333,0.0,32,32
3,SingleTrain_WithBaseValsalva,1,DBP,train,1,postExerciseHgcp,4531,4532,4532,8,35,subject1_day1_setup08_hgcp,88.1539590015243,88.1539590015243,0.0,32,32
3,SingleTrain_WithBaseValsalva,1,DBP,train,1,postExerciseHgcp,4532,4533,4533,8,35,subject1_day1_setup08_hgcp,88.2065953835044,88.2065953835044,0.0,32,32
3,SingleTrain_WithBaseValsalva,1,DBP,train,1,postExerciseHgcp,4533,4534,4534,8,35,subject1_day1_setup08_hgcp,88.3038678462611,88.3038678462611,0.0,32,32
3,SingleTrain_WithBaseValsalva,1,DBP,train,1,postExerciseHgcp,4534,4535,4535,8,35,subject1_day1_setup08_hgcp,88.3137723377786,88.3137723377786,0.0,32,32
3,SingleTrain_WithBaseValsalva,1,DBP,train,1,postExerciseHgcp,4535,4536,4536,8,35,subject1_day1_setup08_hgcp,88.3100788753191,88.3100788753191,0.0,32,32
3,SingleTrain_WithBaseValsalva,1,DBP,train,1,postExerciseHgcp,4536,4537,4537,8,35,subject1_day1_setup08_hgcp,88.4510123412134,88.4510123412134,0.0,32,32
3,SingleTrain_WithBaseValsalva,1,DBP,train,1,postExerciseHgcp,4537,4538,4538,8,35,subject1_day1_setup08_hgcp,88.8741374312406,88.8741374312406,0.0,32,32
3,SingleTrain_WithBaseValsalva,1,DBP,train,1,postExerciseHgcp,4538,4539,4539,8,35,subject1_day1_setup08_hgcp,89.0407536088468,89.0407536088468,0.0,32,32
3,SingleTrain_WithBaseValsalva,1,DBP,train,1,postExerciseHgcp,4539,4540,4540,8,35,subject1_day1_setup08_hgcp,88.9602542815101,89.0407536088468,0.08049932733669607,32,32
3,SingleTrain_WithBaseValsalva,1,DBP,train,1,postExerciseHgcp,4540,4541,4541,8,35,subject1_day1_setup08_hgcp,89.0487362069682,89.0487362069682,0.0,32,32
3,SingleTrain_WithBaseValsalva,1,DBP,train,1,postExerciseHgcp,4541,4542,4542,8,35,subject1_day1_setup08_hgcp,89.1470494574773,89.1470494574773,0.0,32,32
3,SingleTrain_WithBaseValsalva,1,DBP,train,1,postExerciseHgcp,4542,4543,4543,8,35,subject1_day1_setup08_hgcp,89.2569289727521,89.2569289727521,0.0,32,32
3,SingleTrain_WithBaseValsalva,1,DBP,train,1,postExerciseHgcp,4543,4544,4544,8,35,subject1_day1_setup08_hgcp,89.6861675987702,89.2569289727521,-0.4292386260180905,32,32
3,SingleTrain_WithBaseValsalva,1,DBP,train,1,postExerciseHgcp,4544,4545,4545,8,35,subject1_day1_setup08_hgcp,89.888605591666,89.7427313614355,-0.14587423023050405,32,32
3,SingleTrain_WithBaseValsalva,1,DBP,train,1,postExerciseHgcp,4545,4546,4546,8,35,subject1_day1_setup08_hgcp,89.9101775687804,89.7427313614355,-0.16744620734489502,32,32
3,SingleTrain_WithBaseValsalva,1,DBP,train,1,postExerciseHgcp,4546,4547,4547,8,35,subject1_day1_setup08_hgcp,89.7427313614355,89.7427313614355,0.0,32,32
3,SingleTrain_WithBaseValsalva,1,DBP,train,1,postExerciseHgcp,4551,4552,4552,8,36,subject1_day1_setup08_hgcp,83.5698033193717,83.5698033193717,0.0,32,32
3,SingleTrain_WithBaseValsalva,1,DBP,train,1,postExerciseHgcp,4552,4553,4553,8,36,subject1_day1_setup08_hgcp,83.690149942475,83.690149942475,0.0,32,32
3,SingleTrain_WithBaseValsalva,1,DBP,train,1,postExerciseHgcp,4553,4554,4554,8,36,subject1_day1_setup08_hgcp,83.6498654020661,83.690149942475,0.040284540408904945,32,32
3,SingleTrain_WithBaseValsalva,1,DBP,train,1,postExerciseHgcp,4554,4555,4555,8,36,subject1_day1_setup08_hgcp,83.8685849586933,83.8685849586933,0.0,32,32
3,SingleTrain_WithBaseValsalva,1,DBP,train,1,postExerciseHgcp,4555,4556,4556,8,36,subject1_day1_setup08_hgcp,84.1904068305856,84.1904068305856,0.0,32,32
3,SingleTrain_WithBaseValsalva,1,DBP,train,1,postExerciseHgcp,4556,4557,4557,8,36,subject1_day1_setup08_hgcp,84.480752732406,84.2483564089707,-0.23239632343531014,32,32
3,SingleTrain_WithBaseValsalva,1,DBP,train,1,postExerciseHgcp,4557,4558,4558,8,36,subject1_day1_setup08_hgcp,84.3433890097521,84.2483564089707,-0.0950326007814084,32,32
3,SingleTrain_WithBaseValsalva,1,DBP,train,1,postExerciseHgcp,4558,4559,4559,8,36,subject1_day1_setup08_hgcp,84.2483564089707,84.2483564089707,0.0,32,32
3,SingleTrain_WithBaseValsalva,1,DBP,train,1,postExerciseHgcp,4559,4560,4560,8,36,subject1_day1_setup08_hgcp,84.4203935673894,84.4203935673894,0.0,32,32
3,SingleTrain_WithBaseValsalva,1,DBP,train,1,postExerciseHgcp,4560,4561,4561,8,36,subject1_day1_setup08_hgcp,84.4904818944659,84.4904818944659,0.0,32,32
3,SingleTrain_WithBaseValsalva,1,DBP,train,1,postExerciseHgcp,4561,4562,4562,8,36,subject1_day1_setup08_hgcp,84.5064665653561,84.5064665653561,0.0,32,32
3,SingleTrain_WithBaseValsalva,1,DBP,train,1,postExerciseHgcp,4564,4565,4565,8,36,subject1_day1_setup08_hgcp,85.7443197228627,85.7443197228627,0.0,32,32
3,SingleTrain_WithBaseValsalva,1,DBP,train,1,postExerciseHgcp,4565,4566,4566,8,36,subject1_day1_setup08_hgcp,85.7350797411575,85.7350797411575,0.0,32,32
3,SingleTrain_WithBaseValsalva,1,DBP,train,1,postExerciseHgcp,4566,4567,4567,8,36,subject1_day1_setup08_hgcp,85.7127213895604,85.7350797411575,0.022358351597105752,32,32
3,SingleTrain_WithBaseValsalva,1,DBP,train,1,postExerciseHgcp,4567,4568,4568,8,36,subject1_day1_setup08_hgcp,86.0375688220662,85.7443197228627,-0.29324909920350706,32,32
3,SingleTrain_WithBaseValsalva,1,DBP,train,1,postExerciseHgcp,4568,4569,4569,8,36,subject1_day1_setup08_hgcp,85.9016589985317,85.7350797411575,-0.16657925737419532,32,32
3,SingleTrain_WithBaseValsalva,1,DBP,train,1,postExerciseHgcp,4569,4570,4570,8,36,subject1_day1_setup08_hgcp,85.4652785569211,85.4652785569211,0.0,32,32
3,SingleTrain_WithBaseValsalva,1,DBP,train,1,postExerciseHgcp,4570,4571,4571,8,36,subject1_day1_setup08_hgcp,85.3669108641058,85.3669108641058,0.0,32,32
3,SingleTrain_WithBaseValsalva,1,DBP,train,1,postExerciseHgcp,4571,4572,4572,8,36,subject1_day1_setup08_hgcp,85.1721303130992,85.1721303130992,0.0,32,32
3,SingleTrain_WithBaseValsalva,1,DBP,train,1,postExerciseHgcp,4572,4573,4573,8,36,subject1_day1_setup08_hgcp,84.9915016932406,84.9915016932406,0.0,32,32
3,SingleTrain_WithBaseValsalva,1,DBP,train,1,postExerciseHgcp,4573,4574,4574,8,36,subject1_day1_setup08_hgcp,84.8875280036356,84.5879926202163,-0.29953538341929686,32,32
3,SingleTrain_WithBaseValsalva,1,DBP,train,1,postExerciseHgcp,4574,4575,4575,8,36,subject1_day1_setup08_hgcp,84.5879926202163,84.5879926202163,0.0,32,32
3,SingleTrain_WithBaseValsalva,1,DBP,train,1,postExerciseHgcp,4575,4576,4576,8,36,subject1_day1_setup08_hgcp,84.3807105374,84.3807105374,0.0,32,32
3,SingleTrain_WithBaseValsalva,1,DBP,train,1,postExerciseHgcp,4576,4577,4577,8,36,subject1_day1_setup08_hgcp,84.2677706642908,84.2677706642908,0.0,32,32
3,SingleTrain_WithBaseValsalva,1,DBP,train,1,postExerciseHgcp,4577,4578,4578,8,36,subject1_day1_setup08_hgcp,84.3272927185547,84.3272927185547,0.0,32,32
3,SingleTrain_WithBaseValsalva,1,DBP,train,1,postExerciseHgcp,4578,4579,4579,8,36,subject1_day1_setup08_hgcp,84.4618261786548,84.3272927185547,-0.13453346010010137,32,32
3,SingleTrain_WithBaseValsalva,1,DBP,train,1,postExerciseHgcp,4579,4580,4580,8,36,subject1_day1_setup08_hgcp,84.0405848455103,84.0405848455103,0.0,32,32
3,SingleTrain_WithBaseValsalva,1,DBP,train,1,postExerciseHgcp,4580,4581,4581,8,36,subject1_day1_setup08_hgcp,83.7593939422119,83.7593939422119,0.0,32,32
3,SingleTrain_WithBaseValsalva,1,DBP,train,1,postExerciseHgcp,4581,4582,4582,8,36,subject1_day1_setup08_hgcp,83.4587145603032,82.7888121029624,-0.669902457340811,32,32
3,SingleTrain_WithBaseValsalva,1,DBP,train,1,postExerciseHgcp,4582,4583,4583,8,36,subject1_day1_setup08_hgcp,82.7888121029624,82.7888121029624,0.0,32,32
3,SingleTrain_WithBaseValsalva,1,DBP,train,1,postExerciseHgcp,4583,4584,4584,8,36,subject1_day1_setup08_hgcp,81.8305012260883,81.8305012260883,0.0,32,32
3,SingleTrain_WithBaseValsalva,1,DBP,train,1,postExerciseHgcp,4584,4585,4585,8,36,subject1_day1_setup08_hgcp,81.7630574444756,81.7630574444756,0.0,32,32
3,SingleTrain_WithBaseValsalva,1,DBP,train,1,postExerciseHgcp,4585,4586,4586,8,36,subject1_day1_setup08_hgcp,81.5835158119607,81.5835158119607,0.0,32,32
3,SingleTrain_WithBaseValsalva,1,DBP,train,1,postExerciseHgcp,4586,4587,4587,8,36,subject1_day1_setup08_hgcp,81.3197264217974,81.3197264217974,0.0,32,32
3,SingleTrain_WithBaseValsalva,1,DBP,train,1,postExerciseHgcp,4587,4588,4588,8,36,subject1_day1_setup08_hgcp,80.9296569950305,80.9296569950305,0.0,32,32
3,SingleTrain_WithBaseValsalva,1,DBP,train,1,postExerciseHgcp,4589,4590,4590,8,36,subject1_day1_setup08_hgcp,82.0333054698179,82.0333054698179,0.0,32,32
3,SingleTrain_WithBaseValsalva,1,DBP,train,1,postExerciseHgcp,4590,4591,4591,8,36,subject1_day1_setup08_hgcp,82.407259105786,82.407259105786,0.0,32,32
3,SingleTrain_WithBaseValsalva,1,DBP,train,1,postExerciseHgcp,4591,4592,4592,8,36,subject1_day1_setup08_hgcp,82.3796922602361,82.3796922602361,0.0,32,32
3,SingleTrain_WithBaseValsalva,1,DBP,train,1,postExerciseHgcp,4592,4593,4593,8,36,subject1_day1_setup08_hgcp,82.6137451879456,82.6137451879456,0.0,32,32
3,SingleTrain_WithBaseValsalva,1,DBP,train,1,postExerciseHgcp,4593,4594,4594,8,36,subject1_day1_setup08_hgcp,82.6987869176151,82.6137451879456,-0.08504172966949852,32,32
3,SingleTrain_WithBaseValsalva,1,DBP,train,1,postExerciseHgcp,4594,4595,4595,8,36,subject1_day1_setup08_hgcp,82.4538347254792,82.4538347254792,0.0,32,32
3,SingleTrain_WithBaseValsalva,1,DBP,train,1,postExerciseHgcp,4595,4596,4596,8,36,subject1_day1_setup08_hgcp,82.0123397688301,82.0123397688301,0.0,32,32
3,SingleTrain_WithBaseValsalva,1,DBP,train,1,postExerciseHgcp,4596,4597,4597,8,36,subject1_day1_setup08_hgcp,81.421147757203,81.421147757203,0.0,32,32
3,SingleTrain_WithBaseValsalva,1,DBP,train,1,postExerciseHgcp,4597,4598,4598,8,36,subject1_day1_setup08_hgcp,80.9080853629063,80.9080853629063,0.0,32,32
3,SingleTrain_WithBaseValsalva,1,DBP,train,1,postExerciseHgcp,4598,4599,4599,8,36,subject1_day1_setup08_hgcp,80.4827954527658,80.4827954527658,0.0,32,32
3,SingleTrain_WithBaseValsalva,1,DBP,train,1,postExerciseHgcp,4599,4600,4600,8,36,subject1_day1_setup08_hgcp,80.4288473398481,80.4288473398481,0.0,32,32
3,SingleTrain_WithBaseValsalva,1,DBP,train,1,postExerciseHgcp,4600,4601,4601,8,36,subject1_day1_setup08_hgcp,80.1199493311859,80.1199493311859,0.0,32,32
3,SingleTrain_WithBaseValsalva,1,DBP,train,1,postExerciseHgcp,4601,4602,4602,8,36,subject1_day1_setup08_hgcp,79.8139382511794,79.9006536266675,0.08671537548811159,32,32
3,SingleTrain_WithBaseValsalva,1,DBP,train,1,postExerciseHgcp,4602,4603,4603,8,36,subject1_day1_setup08_hgcp,79.9006536266675,79.9006536266675,0.0,32,32
3,SingleTrain_WithBaseValsalva,1,DBP,train,1,postExerciseHgcp,4603,4604,4604,8,36,subject1_day1_setup08_hgcp,80.1662334731405,80.0692783008541,-0.09695517228639972,32,32
3,SingleTrain_WithBaseValsalva,1,DBP,train,1,postExerciseHgcp,4604,4605,4605,8,36,subject1_day1_setup08_hgcp,80.0692783008541,80.0692783008541,0.0,32,32
3,SingleTrain_WithBaseValsalva,1,DBP,train,1,postExerciseHgcp,4605,4606,4606,8,36,subject1_day1_setup08_hgcp,80.0048233705568,80.0077968055353,0.0029734349785002223,32,32
3,SingleTrain_WithBaseValsalva,1,DBP,train,1,postExerciseHgcp,4606,4607,4607,8,36,subject1_day1_setup08_hgcp,80.0077968055353,80.0077968055353,0.0,32,32
3,SingleTrain_WithBaseValsalva,1,DBP,train,1,postExerciseHgcp,4607,4608,4608,8,36,subject1_day1_setup08_hgcp,79.8797793578462,79.8797793578462,0.0,32,32
3,SingleTrain_WithBaseValsalva,1,DBP,train,1,postExerciseHgcp,4608,4609,4609,8,36,subject1_day1_setup08_hgcp,79.2221264596708,79.2221264596708,0.0,32,32
3,SingleTrain_WithBaseValsalva,1,DBP,train,1,postExerciseHgcp,4609,4610,4610,8,36,subject1_day1_setup08_hgcp,78.7171084508377,78.7171084508377,0.0,32,32
3,SingleTrain_WithBaseValsalva,1,DBP,train,1,postExerciseHgcp,4610,4611,4611,8,36,subject1_day1_setup08_hgcp,78.5196556749206,78.5196556749206,0.0,32,32
3,SingleTrain_WithBaseValsalva,1,DBP,train,1,postExerciseHgcp,4611,4612,4612,8,36,subject1_day1_setup08_hgcp,78.2314476623085,78.2314476623085,0.0,32,32
3,SingleTrain_WithBaseValsalva,1,DBP,train,1,postExerciseHgcp,4612,4613,4613,8,36,subject1_day1_setup08_hgcp,77.4663565946699,77.4663565946699,0.0,32,32
3,SingleTrain_WithBaseValsalva,1,DBP,train,1,postExerciseHgcp,4613,4614,4614,8,36,subject1_day1_setup08_hgcp,76.9909785527504,76.9909785527504,0.0,32,32
3,SingleTrain_WithBaseValsalva,1,DBP,train,1,postExerciseHgcp,4614,4615,4615,8,36,subject1_day1_setup08_hgcp,76.8963176195403,76.89655140604,0.00023378649970595689,32,32
3,SingleTrain_WithBaseValsalva,1,DBP,train,1,postExerciseHgcp,4615,4616,4616,8,36,subject1_day1_setup08_hgcp,76.7378716980618,76.7378716980618,0.0,32,32
3,SingleTrain_WithBaseValsalva,1,DBP,train,1,postExerciseHgcp,4619,4620,4620,8,36,subject1_day1_setup08_hgcp,76.0124091124329,76.0124091124329,0.0,32,32
3,SingleTrain_WithBaseValsalva,1,DBP,train,1,postExerciseHgcp,4633,4634,4634,8,36,subject1_day1_setup08_hgcp,72.5471405690046,72.841876843415,0.29473627441039696,32,32
3,SingleTrain_WithBaseValsalva,1,DBP,train,1,postExerciseHgcp,4634,4635,4635,8,36,subject1_day1_setup08_hgcp,72.841876843415,72.841876843415,0.0,32,32
3,SingleTrain_WithBaseValsalva,1,DBP,train,1,postExerciseHgcp,4635,4636,4636,8,36,subject1_day1_setup08_hgcp,72.9681090275788,72.9681090275788,0.0,32,32
3,SingleTrain_WithBaseValsalva,1,DBP,train,1,postExerciseHgcp,4636,4637,4637,8,36,subject1_day1_setup08_hgcp,73.2526293286474,73.2526293286474,0.0,32,32
3,SingleTrain_WithBaseValsalva,1,DBP,train,1,postExerciseHgcp,4637,4638,4638,8,36,subject1_day1_setup08_hgcp,73.743906280303,73.743906280303,0.0,32,32
3,SingleTrain_WithBaseValsalva,1,DBP,train,1,postExerciseHgcp,4647,4648,4648,8,36,subject1_day1_setup08_hgcp,76.2594139047787,76.2594139047787,0.0,32,32
3,SingleTrain_WithBaseValsalva,1,DBP,train,1,postExerciseHgcp,4649,4650,4650,8,36,subject1_day1_setup08_hgcp,77.7763756425589,77.7763756425589,0.0,32,32
3,SingleTrain_WithBaseValsalva,1,DBP,train,1,postExerciseHgcp,4651,4652,4652,8,36,subject1_day1_setup08_hgcp,78.6527904988775,78.6527904988775,0.0,32,32
3,SingleTrain_WithBaseValsalva,1,DBP,train,1,postExerciseHgcp,4652,4653,4653,8,36,subject1_day1_setup08_hgcp,79.165574869372,79.165574869372,0.0,32,32
3,SingleTrain_WithBaseValsalva,1,DBP,train,1,postExerciseHgcp,4653,4654,4654,8,36,subject1_day1_setup08_hgcp,79.3494079906841,79.3494079906841,0.0,32,32
3,SingleTrain_WithBaseValsalva,1,DBP,train,1,postExerciseHgcp,4673,4674,4674,8,37,subject1_day1_setup08_hgcp,77.6365899192124,77.6365899192124,0.0,32,32
3,SingleTrain_WithBaseValsalva,1,DBP,train,1,postExerciseHgcp,4674,4675,4675,8,37,subject1_day1_setup08_hgcp,77.6360575057545,77.6360575057545,0.0,32,32
3,SingleTrain_WithBaseValsalva,1,DBP,train,1,postExerciseHgcp,4675,4676,4676,8,37,subject1_day1_setup08_hgcp,77.7133434171706,77.7133434171706,0.0,32,32
3,SingleTrain_WithBaseValsalva,1,DBP,train,1,postExerciseHgcp,4676,4677,4677,8,37,subject1_day1_setup08_hgcp,77.4288442899139,77.6365899192124,0.2077456292985005,32,32
3,SingleTrain_WithBaseValsalva,1,DBP,train,1,postExerciseHgcp,4677,4678,4678,8,37,subject1_day1_setup08_hgcp,77.341203731567,77.6360575057545,0.29485377418748726,32,32
3,SingleTrain_WithBaseValsalva,1,DBP,train,1,postExerciseHgcp,4678,4679,4679,8,37,subject1_day1_setup08_hgcp,77.3146061048923,77.3146061048923,0.0,32,32
3,SingleTrain_WithBaseValsalva,1,DBP,train,1,postExerciseHgcp,4679,4680,4680,8,37,subject1_day1_setup08_hgcp,77.2584115110316,77.2584115110316,0.0,32,32
3,SingleTrain_WithBaseValsalva,1,DBP,train,1,postExerciseHgcp,4680,4681,4681,8,37,subject1_day1_setup08_hgcp,77.0112487165212,77.0112487165212,0.0,32,32
3,SingleTrain_WithBaseValsalva,1,DBP,train,1,postExerciseHgcp,4681,4682,4682,8,37,subject1_day1_setup08_hgcp,76.9497708178369,76.89655140604,-0.053219411796902705,32,32
3,SingleTrain_WithBaseValsalva,1,DBP,train,1,postExerciseHgcp,4682,4683,4683,8,37,subject1_day1_setup08_hgcp,76.8785317192013,76.8963176195403,0.017785900338992633,32,32
3,SingleTrain_WithBaseValsalva,1,DBP,train,1,postExerciseHgcp,4683,4684,4684,8,37,subject1_day1_setup08_hgcp,76.89655140604,76.89655140604,0.0,32,32
3,SingleTrain_WithBaseValsalva,1,DBP,train,1,postExerciseHgcp,4684,4685,4685,8,37,subject1_day1_setup08_hgcp,76.6050311136595,76.6050311136595,0.0,32,32
3,SingleTrain_WithBaseValsalva,1,DBP,train,1,postExerciseHgcp,4685,4686,4686,8,37,subject1_day1_setup08_hgcp,76.443844881469,76.443844881469,0.0,32,32
3,SingleTrain_WithBaseValsalva,1,DBP,train,1,postExerciseHgcp,4686,4687,4687,8,37,subject1_day1_setup08_hgcp,76.2245361418008,76.2245361418008,0.0,32,32
3,SingleTrain_WithBaseValsalva,1,DBP,train,1,postExerciseHgcp,4687,4688,4688,8,37,subject1_day1_setup08_hgcp,75.9310594499625,75.9310594499625,0.0,32,32
3,SingleTrain_WithBaseValsalva,1,DBP,train,1,postExerciseHgcp,4688,4689,4689,8,37,subject1_day1_setup08_hgcp,75.4799113552016,75.4799113552016,0.0,32,32
3,SingleTrain_WithBaseValsalva,1,DBP,train,1,postExerciseHgcp,4689,4690,4690,8,37,subject1_day1_setup08_hgcp,74.9548703895013,74.9548703895013,0.0,32,32
3,SingleTrain_WithBaseValsalva,1,DBP,train,1,postExerciseHgcp,4690,4691,4691,8,37,subject1_day1_setup08_hgcp,74.2783086881137,74.2783086881137,0.0,32,32
3,SingleTrain_WithBaseValsalva,1,DBP,train,1,postExerciseHgcp,4691,4692,4692,8,37,subject1_day1_setup08_hgcp,73.7214747465407,73.7214747465407,0.0,32,32
3,SingleTrain_WithBaseValsalva,1,DBP,train,1,postExerciseHgcp,4698,4699,4699,8,37,subject1_day1_setup08_hgcp,74.7642872369509,74.7642872369509,0.0,32,32
3,SingleTrain_WithBaseValsalva,1,DBP,train,1,postExerciseHgcp,4699,4700,4700,8,37,subject1_day1_setup08_hgcp,75.1508508381437,75.1508508381437,0.0,32,32
3,SingleTrain_WithBaseValsalva,1,DBP,train,1,postExerciseHgcp,4700,4701,4701,8,37,subject1_day1_setup08_hgcp,75.8235685985916,76.3160881594375,0.4925195608458921,32,32
3,SingleTrain_WithBaseValsalva,1,DBP,train,1,postExerciseHgcp,4701,4702,4702,8,37,subject1_day1_setup08_hgcp,76.3160881594375,76.3160881594375,0.0,32,32
3,SingleTrain_WithBaseValsalva,1,DBP,train,1,postExerciseHgcp,4702,4703,4703,8,37,subject1_day1_setup08_hgcp,76.8282825591969,76.8282825591969,0.0,32,32
3,SingleTrain_WithBaseValsalva,1,DBP,train,1,postExerciseHgcp,4703,4704,4704,8,37,subject1_day1_setup08_hgcp,77.3017521234069,77.3017521234069,0.0,32,32
3,SingleTrain_WithBaseValsalva,1,DBP,train,1,postExerciseHgcp,4704,4705,4705,8,37,subject1_day1_setup08_hgcp,78.1383639865175,78.1383639865175,0.0,32,32
3,SingleTrain_WithBaseValsalva,1,DBP,train,1,postExerciseHgcp,4705,4706,4706,8,37,subject1_day1_setup08_hgcp,78.6745162419058,78.6745162419058,0.0,32,32
3,SingleTrain_WithBaseValsalva,1,DBP,train,1,postExerciseHgcp,4714,4715,4715,8,37,subject1_day1_setup08_hgcp,80.6738112680286,80.6738112680286,0.0,32,32
3,SingleTrain_WithBaseValsalva,1,DBP,train,1,postExerciseHgcp,4715,4716,4716,8,37,subject1_day1_setup08_hgcp,80.5542993316033,80.5542993316033,0.0,32,32
3,SingleTrain_WithBaseValsalva,1,DBP,train,1,postExerciseHgcp,4716,4717,4717,8,37,subject1_day1_setup08_hgcp,80.3438090804586,80.3438090804586,0.0,32,32
3,SingleTrain_WithBaseValsalva,1,DBP,train,1,postExerciseHgcp,4717,4718,4718,8,37,subject1_day1_setup08_hgcp,79.8883647460749,80.3438090804586,0.45544433438369936,32,32
3,SingleTrain_WithBaseValsalva,1,DBP,train,1,postExerciseHgcp,4718,4719,4719,8,37,subject1_day1_setup08_hgcp,79.6729661364899,79.6729661364899,0.0,32,32
3,SingleTrain_WithBaseValsalva,1,DBP,train,1,postExerciseHgcp,4719,4720,4720,8,37,subject1_day1_setup08_hgcp,79.6011831850886,79.6011831850886,0.0,32,32
3,SingleTrain_WithBaseValsalva,1,DBP,train,1,postExerciseHgcp,4720,4721,4721,8,37,subject1_day1_setup08_hgcp,79.2699337637408,79.2699337637408,0.0,32,32
3,SingleTrain_WithBaseValsalva,1,DBP,train,1,postExerciseHgcp,4721,4722,4722,8,37,subject1_day1_setup08_hgcp,78.8109072858538,78.8109072858538,0.0,32,32
3,SingleTrain_WithBaseValsalva,1,DBP,train,1,postExerciseHgcp,4722,4723,4723,8,37,subject1_day1_setup08_hgcp,78.6957268434081,78.6957268434081,0.0,32,32
3,SingleTrain_WithBaseValsalva,1,DBP,train,1,postExerciseHgcp,4723,4724,4724,8,37,subject1_day1_setup08_hgcp,78.7074046392993,78.7074046392993,0.0,32,32
3,SingleTrain_WithBaseValsalva,1,DBP,test,1,postExerciseHgcp,5509,5510,5510,10,44,subject1_day1_setup10_postExerciseHgcp,78.3374799194676,86.1757165228169,7.838236603349301,32,32
3,SingleTrain_WithBaseValsalva,1,DBP,test,1,postExerciseHgcp,5510,5511,5511,10,44,subject1_day1_setup10_postExerciseHgcp,78.4191789869873,86.1757165228169,7.756537535829594,32,32
3,SingleTrain_WithBaseValsalva,1,DBP,test,1,postExerciseHgcp,5511,5512,5512,10,44,subject1_day1_setup10_postExerciseHgcp,78.5155001924262,86.1757165228169,7.660216330390696,32,32
3,SingleTrain_WithBaseValsalva,1,DBP,test,1,postExerciseHgcp,5514,5515,5515,10,44,subject1_day1_setup10_postExerciseHgcp,79.3808047845553,86.9372340284747,7.5564292439194105,32,32
3,SingleTrain_WithBaseValsalva,1,DBP,test,1,postExerciseHgcp,5518,5519,5519,10,44,subject1_day1_setup10_postExerciseHgcp,80.7407325633919,91.2354352284103,10.494702665018394,32,32
3,SingleTrain_WithBaseValsalva,1,DBP,test,1,postExerciseHgcp,5520,5521,5521,10,44,subject1_day1_setup10_postExerciseHgcp,81.5596255204327,91.23543522841031,9.675809707977606,32,32
3,SingleTrain_WithBaseValsalva,1,DBP,test,1,postExerciseHgcp,5523,5524,5524,10,44,subject1_day1_setup10_postExerciseHgcp,82.8906191790879,91.23543522841031,8.344816049322404,32,32
3,SingleTrain_WithBaseValsalva,1,DBP,test,1,postExerciseHgcp,5524,5525,5525,10,44,subject1_day1_setup10_postExerciseHgcp,83.2187599869548,91.2354352284103,8.016675241455502,32,32
3,SingleTrain_WithBaseValsalva,1,DBP,test,1,postExerciseHgcp,5525,5526,5526,10,44,subject1_day1_setup10_postExerciseHgcp,83.4317004634015,91.2354352284103,7.803734765008798,32,32
3,SingleTrain_WithBaseValsalva,1,DBP,test,1,postExerciseHgcp,5527,5528,5528,10,44,subject1_day1_setup10_postExerciseHgcp,83.7182219308098,91.2354352284103,7.517213297600492,32,32
3,SingleTrain_WithBaseValsalva,1,DBP,test,1,postExerciseHgcp,5528,5529,5529,10,44,subject1_day1_setup10_postExerciseHgcp,83.8013021461652,91.2354352284103,7.434133082245097,32,32
3,SingleTrain_WithBaseValsalva,1,DBP,test,1,postExerciseHgcp,5529,5530,5530,10,44,subject1_day1_setup10_postExerciseHgcp,83.832104051738,92.8069623090927,8.974858257354697,32,32
3,SingleTrain_WithBaseValsalva,1,DBP,test,1,postExerciseHgcp,5530,5531,5531,10,44,subject1_day1_setup10_postExerciseHgcp,83.8734965268228,92.4207644504764,8.547267923653592,32,32
3,SingleTrain_WithBaseValsalva,1,DBP,test,1,postExerciseHgcp,5531,5532,5532,10,44,subject1_day1_setup10_postExerciseHgcp,83.9991479386859,92.4207644504764,8.421616511790504,32,32
3,SingleTrain_WithBaseValsalva,1,DBP,test,1,postExerciseHgcp,5533,5534,5534,10,44,subject1_day1_setup10_postExerciseHgcp,83.936750745359,88.9153349242929,4.9785841789339,32,32
3,SingleTrain_WithBaseValsalva,1,DBP,test,1,postExerciseHgcp,5539,5540,5540,10,44,subject1_day1_setup10_postExerciseHgcp,87.3628673947521,86.3881109421761,-0.9747564525760026,32,32
3,SingleTrain_WithBaseValsalva,1,DBP,test,1,postExerciseHgcp,5542,5543,5543,10,44,subject1_day1_setup10_postExerciseHgcp,88.17800575843,88.9153349242929,0.7373291658629029,32,32
3,SingleTrain_WithBaseValsalva,1,DBP,test,1,postExerciseHgcp,5543,5544,5544,10,44,subject1_day1_setup10_postExerciseHgcp,88.8003811013323,88.9153349242929,0.11495382296060086,32,32
3,SingleTrain_WithBaseValsalva,1,DBP,test,1,postExerciseHgcp,5554,5555,5555,10,44,subject1_day1_setup10_postExerciseHgcp,94.2385682615011,86.4742263258116,-7.764341935689501,32,32
3,SingleTrain_WithBaseValsalva,1,DBP,test,1,postExerciseHgcp,5609,5610,5610,10,45,subject1_day1_setup10_postExerciseHgcp,75.3034434805806,84.5723673872159,9.268923906635308,32,32
3,SingleTrain_WithBaseValsalva,1,DBP,test,1,postExerciseHgcp,5610,5611,5611,10,45,subject1_day1_setup10_postExerciseHgcp,75.400888766533,84.5700600612351,9.169171294702096,32,32
3,SingleTrain_WithBaseValsalva,1,DBP,test,1,postExerciseHgcp,5611,5612,5612,10,45,subject1_day1_setup10_postExerciseHgcp,75.6126000307648,84.5700600612351,8.957460030470301,32,32
3,SingleTrain_WithBaseValsalva,1,DBP,test,1,postExerciseHgcp,5612,5613,5613,10,45,subject1_day1_setup10_postExerciseHgcp,75.6154276904477,76.2594139047787,0.6439862143309938,32,32
3,SingleTrain_WithBaseValsalva,1,DBP,test,1,postExerciseHgcp,5613,5614,5614,10,45,subject1_day1_setup10_postExerciseHgcp,75.5192215828697,73.9647170232065,-1.5545045596632008,32,32
3,SingleTrain_WithBaseValsalva,1,DBP,test,1,postExerciseHgcp,5614,5615,5615,10,45,subject1_day1_setup10_postExerciseHgcp,75.7141964192473,73.9336000051152,-1.7805964141321056,32,32
3,SingleTrain_WithBaseValsalva,1,DBP,test,1,postExerciseHgcp,5615,5616,5616,10,45,subject1_day1_setup10_postExerciseHgcp,75.4847479615797,82.9850691232112,7.500321161631504,32,32
3,SingleTrain_WithBaseValsalva,1,DBP,test,1,postExerciseHgcp,5616,5617,5617,10,45,subject1_day1_setup10_postExerciseHgcp,75.4562767466739,74.599555391825,-0.8567213548488866,32,32
3,SingleTrain_WithBaseValsalva,1,DBP,test,1,postExerciseHgcp,5617,5618,5618,10,45,subject1_day1_setup10_postExerciseHgcp,75.5262706532765,82.9850691232112,7.458798469934706,32,32
3,SingleTrain_WithBaseValsalva,1,DBP,test,1,postExerciseHgcp,5618,5619,5619,10,45,subject1_day1_setup10_postExerciseHgcp,75.4780028631821,82.9850691232112,7.507066260029106,32,32
3,SingleTrain_WithBaseValsalva,1,DBP,test,1,postExerciseHgcp,5619,5620,5620,10,45,subject1_day1_setup10_postExerciseHgcp,75.2894029885212,83.4832957865527,8.193892798031499,32,32
3,SingleTrain_WithBaseValsalva,1,DBP,test,1,postExerciseHgcp,5620,5621,5621,10,45,subject1_day1_setup10_postExerciseHgcp,75.2366337263194,82.9850691232112,7.748435396891807,32,32
3,SingleTrain_WithBaseValsalva,1,DBP,test,1,postExerciseHgcp,5621,5622,5622,10,45,subject1_day1_setup10_postExerciseHgcp,75.1843495110217,82.9850691232112,7.800719612189511,32,32
3,SingleTrain_WithBaseValsalva,1,DBP,test,1,postExerciseHgcp,5622,5623,5623,10,45,subject1_day1_setup10_postExerciseHgcp,75.2555783121904,82.9850691232112,7.72949081102081,32,32
3,SingleTrain_WithBaseValsalva,1,DBP,test,1,postExerciseHgcp,5623,5624,5624,10,45,subject1_day1_setup10_postExerciseHgcp,75.3853863800838,82.9850691232112,7.599682743127403,32,32
3,SingleTrain_WithBaseValsalva,1,DBP,test,1,postExerciseHgcp,5624,5625,5625,10,45,subject1_day1_setup10_postExerciseHgcp,75.3339840108899,74.599555391825,-0.7344286190649001,32,32
3,SingleTrain_WithBaseValsalva,1,DBP,test,1,postExerciseHgcp,5625,5626,5626,10,45,subject1_day1_setup10_postExerciseHgcp,75.0571662198853,74.599555391825,-0.4576108280602966,32,32
3,SingleTrain_WithBaseValsalva,1,DBP,test,1,postExerciseHgcp,5626,5627,5627,10,45,subject1_day1_setup10_postExerciseHgcp,74.7029372709362,74.599555391825,-0.1033818791111969,32,32
3,SingleTrain_WithBaseValsalva,1,DBP,test,1,postExerciseHgcp,5627,5628,5628,10,45,subject1_day1_setup10_postExerciseHgcp,74.3266908972216,74.599555391825,0.2728644946034109,32,32
3,SingleTrain_WithBaseValsalva,1,DBP,test,1,postExerciseHgcp,5628,5629,5629,10,45,subject1_day1_setup10_postExerciseHgcp,73.7096081312591,74.599555391825,0.8899472605659042,32,32
3,SingleTrain_WithBaseValsalva,1,DBP,test,1,postExerciseHgcp,5629,5630,5630,10,45,subject1_day1_setup10_postExerciseHgcp,73.4879639424772,74.599555391825,1.111591449347813,32,32
3,SingleTrain_WithBaseValsalva,1,DBP,test,1,postExerciseHgcp,5630,5631,5631,10,45,subject1_day1_setup10_postExerciseHgcp,73.476324110842,75.0811578218049,1.6048337109628932,32,32
3,SingleTrain_WithBaseValsalva,1,DBP,test,1,postExerciseHgcp,5631,5632,5632,10,45,subject1_day1_setup10_postExerciseHgcp,73.4505104217297,74.599555391825,1.1490449700953036,32,32
3,SingleTrain_WithBaseValsalva,1,DBP,test,1,postExerciseHgcp,5737,5738,5738,10,46,subject1_day1_setup10_postExerciseHgcp,67.0366399136166,76.9909785527504,9.954338639133809,32,32
3,SingleTrain_WithBaseValsalva,1,DBP,test,1,postExerciseHgcp,5744,5745,5745,10,46,subject1_day1_setup10_postExerciseHgcp,69.1453007153126,75.0811578218049,5.935857106492293,32,32
3,SingleTrain_WithBaseValsalva,1,DBP,test,1,postExerciseHgcp,5745,5746,5746,10,46,subject1_day1_setup10_postExerciseHgcp,69.3999302954344,75.0811578218049,5.681227526370492,32,32
3,SingleTrain_WithBaseValsalva,1,DBP,test,1,postExerciseHgcp,5746,5747,5747,10,46,subject1_day1_setup10_postExerciseHgcp,69.3636727766448,74.442480404582,5.078807627937195,32,32
3,SingleTrain_WithBaseValsalva,1,DBP,test,1,postExerciseHgcp,5747,5748,5748,10,46,subject1_day1_setup10_postExerciseHgcp,69.4502844740259,73.9647170232065,4.514432549180597,32,32
3,SingleTrain_WithBaseValsalva,1,DBP,test,1,postExerciseHgcp,5748,5749,5749,10,46,subject1_day1_setup10_postExerciseHgcp,69.5120204070475,75.0811578218049,5.569137414757392,32,32
3,SingleTrain_WithBaseValsalva,1,DBP,test,1,postExerciseHgcp,5749,5750,5750,10,46,subject1_day1_setup10_postExerciseHgcp,69.679581475829,73.9647170232065,4.285135547377507,32,32
3,SingleTrain_WithBaseValsalva,1,DBP,test,1,postExerciseHgcp,5750,5751,5751,10,46,subject1_day1_setup10_postExerciseHgcp,69.855240460095,76.9909785527504,7.1357380926554015,32,32
3,SingleTrain_WithBaseValsalva,1,DBP,test,1,postExerciseHgcp,5751,5752,5752,10,46,subject1_day1_setup10_postExerciseHgcp,70.1619415812822,76.9909785527504,6.829036971468199,32,32
3,SingleTrain_WithBaseValsalva,1,DBP,test,1,postExerciseHgcp,5752,5753,5753,10,46,subject1_day1_setup10_postExerciseHgcp,70.4829191427692,73.8444377765938,3.3615186338245877,32,32
3,SingleTrain_WithBaseValsalva,1,DBP,test,1,postExerciseHgcp,5753,5754,5754,10,46,subject1_day1_setup10_postExerciseHgcp,70.7597062480364,76.9909785527504,6.231272304714011,32,32
3,SingleTrain_WithBaseValsalva,1,DBP,test,1,postExerciseHgcp,5754,5755,5755,10,46,subject1_day1_setup10_postExerciseHgcp,71.1306122030896,76.9909785527504,5.860366349660808,32,32
3,SingleTrain_WithBaseValsalva,1,DBP,test,1,postExerciseHgcp,5755,5756,5756,10,46,subject1_day1_setup10_postExerciseHgcp,71.4574154389793,76.9909785527504,5.533563113771109,32,32
3,SingleTrain_WithBaseValsalva,1,DBP,test,1,postExerciseHgcp,5756,5757,5757,10,46,subject1_day1_setup10_postExerciseHgcp,71.7796993026937,76.9909785527504,5.211279250056705,32,32
3,SingleTrain_WithBaseValsalva,1,DBP,test,1,postExerciseHgcp,5757,5758,5758,10,46,subject1_day1_setup10_postExerciseHgcp,72.1759992995913,75.4799113552016,3.303912055610297,32,32
3,SingleTrain_WithBaseValsalva,1,DBP,test,1,postExerciseHgcp,5758,5759,5759,10,46,subject1_day1_setup10_postExerciseHgcp,72.1610889034238,75.4799113552016,3.318822451777791,32,32
3,SingleTrain_WithBaseValsalva,1,DBP,test,1,postExerciseHgcp,5759,5760,5760,10,46,subject1_day1_setup10_postExerciseHgcp,72.2641483666055,75.4799113552016,3.215762988596097,32,32
3,SingleTrain_WithBaseValsalva,1,DBP,test,1,postExerciseHgcp,5760,5761,5761,10,46,subject1_day1_setup10_postExerciseHgcp,72.3799263305981,75.4799113552016,3.099985024603498,32,32
3,SingleTrain_WithBaseValsalva,1,DBP,test,1,postExerciseHgcp,5761,5762,5762,10,46,subject1_day1_setup10_postExerciseHgcp,72.6606408646737,78.7074046392993,6.046763774625603,32,32
3,SingleTrain_WithBaseValsalva,1,DBP,test,1,postExerciseHgcp,5762,5763,5763,10,46,subject1_day1_setup10_postExerciseHgcp,73.0500832746625,78.7074046392993,5.6573213646368,32,32
3,SingleTrain_WithBaseValsalva,1,DBP,test,1,postExerciseHgcp,5763,5764,5764,10,46,subject1_day1_setup10_postExerciseHgcp,73.4585056812068,76.9909785527504,3.532472871543604,32,32
3,SingleTrain_WithBaseValsalva,1,DBP,test,1,postExerciseHgcp,5764,5765,5765,10,46,subject1_day1_setup10_postExerciseHgcp,73.9153885506572,76.9909785527504,3.0755900020932074,32,32
3,SingleTrain_WithBaseValsalva,1,DBP,test,1,postExerciseHgcp,5765,5766,5766,10,46,subject1_day1_setup10_postExerciseHgcp,74.4888378185916,75.0811578218049,0.5923200032132883,32,32
3,SingleTrain_WithBaseValsalva,1,DBP,test,1,postExerciseHgcp,5766,5767,5767,10,46,subject1_day1_setup10_postExerciseHgcp,75.1677547142228,75.0811578218049,-0.08659689241790147,32,32
3,SingleTrain_WithBaseValsalva,1,DBP,test,1,postExerciseHgcp,5767,5768,5768,10,46,subject1_day1_setup10_postExerciseHgcp,75.621011453183,75.0811578218049,-0.5398536313781079,32,32
3,SingleTrain_WithBaseValsalva,1,DBP,test,1,postExerciseHgcp,5768,5769,5769,10,46,subject1_day1_setup10_postExerciseHgcp,76.2432628767135,75.0811578218049,-1.1621050549086078,32,32
3,SingleTrain_WithBaseValsalva,1,DBP,test,1,postExerciseHgcp,5769,5770,5770,10,46,subject1_day1_setup10_postExerciseHgcp,76.7993905274676,76.9909785527504,0.1915880252828117,32,32
3,SingleTrain_WithBaseValsalva,1,DBP,test,1,postExerciseHgcp,5770,5771,5771,10,46,subject1_day1_setup10_postExerciseHgcp,77.1435693938622,76.9909785527504,-0.15259084111178822,32,32
3,SingleTrain_WithBaseValsalva,1,DBP,test,1,postExerciseHgcp,5771,5772,5772,10,46,subject1_day1_setup10_postExerciseHgcp,77.4235641449475,75.0811578218049,-2.3424063231426118,32,32
3,SingleTrain_WithBaseValsalva,1,DBP,test,1,postExerciseHgcp,5772,5773,5773,10,46,subject1_day1_setup10_postExerciseHgcp,77.8990831766499,76.9909785527504,-0.9081046238994901,32,32
3,SingleTrain_WithBaseValsalva,1,DBP,test,1,postExerciseHgcp,5780,5781,5781,10,46,subject1_day1_setup10_postExerciseHgcp,80.3613538445689,81.0244914815588,0.6631376369899016,32,32
3,SingleTrain_WithBaseValsalva,1,DBP,test,1,postExerciseHgcp,5781,5782,5782,10,46,subject1_day1_setup10_postExerciseHgcp,80.6032545588872,81.0244914815588,0.4212369226715964,32,32
3,SingleTrain_WithBaseValsalva,1,DBP,test,1,postExerciseHgcp,5782,5783,5783,10,46,subject1_day1_setup10_postExerciseHgcp,80.8230289480666,81.0244914815588,0.20146253349220444,32,32
3,SingleTrain_WithBaseValsalva,1,DBP,test,1,postExerciseHgcp,5783,5784,5784,10,46,subject1_day1_setup10_postExerciseHgcp,80.8845802714441,77.0975661016026,-3.7870141698414983,32,32
3,SingleTrain_WithBaseValsalva,1,DBP,test,1,postExerciseHgcp,5784,5785,5785,10,46,subject1_day1_setup10_postExerciseHgcp,80.83441785633,76.443844881469,-4.390572974861001,32,32
3,SingleTrain_WithBaseValsalva,1,DBP,test,1,postExerciseHgcp,5785,5786,5786,10,46,subject1_day1_setup10_postExerciseHgcp,80.7871688615183,75.51168332105728,-5.27548554046102,32,32
3,SingleTrain_WithBaseValsalva,1,DBP,test,1,postExerciseHgcp,5786,5787,5787,10,46,subject1_day1_setup10_postExerciseHgcp,80.7322401137655,76.443844881469,-4.288395232296494,32,32
3,SingleTrain_WithBaseValsalva,1,DBP,test,1,postExerciseHgcp,5787,5788,5788,10,46,subject1_day1_setup10_postExerciseHgcp,80.7967224606674,76.443844881469,-4.352877579198392,32,32
3,SingleTrain_WithBaseValsalva,1,DBP,test,1,postExerciseHgcp,5788,5789,5789,10,46,subject1_day1_setup10_postExerciseHgcp,80.7260947329729,75.51168332105728,-5.21441141191562,32,32
3,SingleTrain_WithBaseValsalva,1,DBP,test,1,postExerciseHgcp,5789,5790,5790,10,46,subject1_day1_setup10_postExerciseHgcp,80.8167413142629,74.2545216808751,-6.562219633387798,32,32
3,SingleTrain_WithBaseValsalva,1,DBP,test,1,postExerciseHgcp,5813,5814,5814,10,46,subject1_day1_setup10_postExerciseHgcp,74.3501259445281,73.2151382113043,-1.1349877332237952,32,32
3,SingleTrain_WithBaseValsalva,1,DBP,test,1,postExerciseHgcp,5814,5815,5815,10,46,subject1_day1_setup10_postExerciseHgcp,72.6577668756056,73.322880605927,0.6651137303213943,32,32
3,SingleTrain_WithBaseValsalva,1,DBP,test,1,postExerciseHgcp,5815,5816,5816,10,46,subject1_day1_setup10_postExerciseHgcp,71.2542980115622,73.8444377765938,2.5901397650315943,32,32
3,SingleTrain_WithBaseValsalva,1,DBP,test,1,postExerciseHgcp,5816,5817,5817,10,46,subject1_day1_setup10_postExerciseHgcp,70.2857621585196,73.8901704932543,3.6044083347347,32,32
3,SingleTrain_WithBaseValsalva,1,DBP,test,1,postExerciseHgcp,5817,5818,5818,10,46,subject1_day1_setup10_postExerciseHgcp,69.3423723422235,73.1667446445342,3.8243723023107066,32,32
3,SingleTrain_WithBaseValsalva,1,DBP,test,1,postExerciseHgcp,5818,5819,5819,10,46,subject1_day1_setup10_postExerciseHgcp,68.469790070031,73.322880605927,4.853090535896001,32,32
3,SingleTrain_WithBaseValsalva,1,DBP,test,1,postExerciseHgcp,5819,5820,5820,10,46,subject1_day1_setup10_postExerciseHgcp,67.7220186928148,73.322880605927,5.6008619131121975,32,32
3,SingleTrain_WithBaseValsalva,1,DBP,test,1,postExerciseHgcp,5820,5821,5821,10,46,subject1_day1_setup10_postExerciseHgcp,67.1895662592197,73.8444377765938,6.65487151737409,32,32
3,SingleTrain_WithBaseValsalva,1,DBP,test,1,postExerciseHgcp,5821,5822,5822,10,46,subject1_day1_setup10_postExerciseHgcp,66.4123382902692,73.8444377765938,7.432099486324589,32,32
3,SingleTrain_WithBaseValsalva,1,DBP,test,1,postExerciseHgcp,5822,5823,5823,10,46,subject1_day1_setup10_postExerciseHgcp,65.71324379477,75.5116833210573,9.79843952628731,32,32
3,SingleTrain_WithBaseValsalva,1,DBP,test,1,postExerciseHgcp,5823,5824,5824,10,46,subject1_day1_setup10_postExerciseHgcp,65.041205645365,75.5116833210573,10.470477675692308,32,32
3,SingleTrain_WithBaseValsalva,1,DBP,test,1,postExerciseHgcp,5824,5825,5825,10,46,subject1_day1_setup10_postExerciseHgcp,64.303745219756,76.9909785527504,12.68723333299441,32,32
3,SingleTrain_WithBaseValsalva,1,SBP,train,1,postExerciseHgcp,2,3,3,1,1,subject1_day1_setup01_baseline,125.202553370551,125.202553370551,0.0,32,16
3,SingleTrain_WithBaseValsalva,1,SBP,train,1,postExerciseHgcp,3,4,4,1,1,subject1_day1_setup01_baseline,124.904332711143,124.904332711143,0.0,32,16
3,SingleTrain_WithBaseValsalva,1,SBP,train,1,postExerciseHgcp,5,6,6,1,1,subject1_day1_setup01_baseline,124.471345278269,124.471345278269,0.0,32,16
3,SingleTrain_WithBaseValsalva,1,SBP,train,1,postExerciseHgcp,6,7,7,1,1,subject1_day1_setup01_baseline,124.191951884805,124.191951884805,0.0,32,16
3,SingleTrain_WithBaseValsalva,1,SBP,train,1,postExerciseHgcp,7,8,8,1,1,subject1_day1_setup01_baseline,123.856828127859,124.2282610747702,0.37143294691119877,32,16
3,SingleTrain_WithBaseValsalva,1,SBP,train,1,postExerciseHgcp,8,9,9,1,1,subject1_day1_setup01_baseline,123.732075106721,123.9620194709225,0.22994436420150066,32,16
3,SingleTrain_WithBaseValsalva,1,SBP,train,1,postExerciseHgcp,9,10,10,1,1,subject1_day1_setup01_baseline,123.88207128566,124.05114132358601,0.16907003792600506,32,16
3,SingleTrain_WithBaseValsalva,1,SBP,train,1,postExerciseHgcp,10,11,11,1,1,subject1_day1_setup01_baseline,124.051141323586,124.05114132358601,1.4210854715202004e-14,32,16
3,SingleTrain_WithBaseValsalva,1,SBP,train,1,postExerciseHgcp,11,12,12,1,1,subject1_day1_setup01_baseline,124.339041166462,124.339041166462,0.0,32,16
3,SingleTrain_WithBaseValsalva,1,SBP,train,1,postExerciseHgcp,12,13,13,1,1,subject1_day1_setup01_baseline,124.610853936758,124.339041166462,-0.2718127702960089,32,16
3,SingleTrain_WithBaseValsalva,1,SBP,train,1,postExerciseHgcp,13,14,14,1,1,subject1_day1_setup01_baseline,124.875414716006,124.610853936758,-0.2645607792480007,32,16
3,SingleTrain_WithBaseValsalva,1,SBP,train,1,postExerciseHgcp,14,15,15,1,1,subject1_day1_setup01_baseline,124.935148610082,124.705293994553,-0.22985461552899267,32,16
3,SingleTrain_WithBaseValsalva,1,SBP,train,1,postExerciseHgcp,15,16,16,1,1,subject1_day1_setup01_baseline,124.705293994553,124.705293994553,0.0,32,16
3,SingleTrain_WithBaseValsalva,1,SBP,train,1,postExerciseHgcp,16,17,17,1,1,subject1_day1_setup01_baseline,124.284600649906,124.284600649906,0.0,32,16
3,SingleTrain_WithBaseValsalva,1,SBP,train,1,postExerciseHgcp,17,18,18,1,1,subject1_day1_setup01_baseline,123.618884518758,123.618884518758,0.0,32,16
3,SingleTrain_WithBaseValsalva,1,SBP,train,1,postExerciseHgcp,18,19,19,1,1,subject1_day1_setup01_baseline,122.741285354697,122.741285354697,0.0,32,16
3,SingleTrain_WithBaseValsalva,1,SBP,train,1,postExerciseHgcp,19,20,20,1,1,subject1_day1_setup01_baseline,121.950438974033,121.950438974033,0.0,32,16
3,SingleTrain_WithBaseValsalva,1,SBP,train,1,postExerciseHgcp,20,21,21,1,1,subject1_day1_setup01_baseline,121.294912871442,121.294912871442,0.0,32,16
3,SingleTrain_WithBaseValsalva,1,SBP,train,1,postExerciseHgcp,21,22,22,1,1,subject1_day1_setup01_baseline,120.415467571638,120.415467571638,0.0,32,16
3,SingleTrain_WithBaseValsalva,1,SBP,train,1,postExerciseHgcp,22,23,23,1,1,subject1_day1_setup01_baseline,119.64197936608,119.64197936608,0.0,32,16
3,SingleTrain_WithBaseValsalva,1,SBP,train,1,postExerciseHgcp,23,24,24,1,1,subject1_day1_setup01_baseline,119.194533278523,119.194533278523,0.0,32,16
3,SingleTrain_WithBaseValsalva,1,SBP,train,1,postExerciseHgcp,24,25,25,1,1,subject1_day1_setup01_baseline,118.849208087503,118.849208087503,0.0,32,16
3,SingleTrain_WithBaseValsalva,1,SBP,train,1,postExerciseHgcp,25,26,26,1,1,subject1_day1_setup01_baseline,118.314715919794,118.314715919794,0.0,32,16
3,SingleTrain_WithBaseValsalva,1,SBP,train,1,postExerciseHgcp,26,27,27,1,1,subject1_day1_setup01_baseline,117.776524534075,117.776524534075,0.0,32,16
3,SingleTrain_WithBaseValsalva,1,SBP,train,1,postExerciseHgcp,27,28,28,1,1,subject1_day1_setup01_baseline,117.450108728237,117.450108728237,0.0,32,16
3,SingleTrain_WithBaseValsalva,1,SBP,train,1,postExerciseHgcp,28,29,29,1,1,subject1_day1_setup01_baseline,117.098293479587,117.098293479587,0.0,32,16
3,SingleTrain_WithBaseValsalva,1,SBP,train,1,postExerciseHgcp,29,30,30,1,1,subject1_day1_setup01_baseline,116.402874401527,116.402874401527,0.0,32,16
3,SingleTrain_WithBaseValsalva,1,SBP,train,1,postExerciseHgcp,30,31,31,1,1,subject1_day1_setup01_baseline,115.584761971096,115.584761971096,0.0,32,16
3,SingleTrain_WithBaseValsalva,1,SBP,train,1,postExerciseHgcp,31,32,32,1,1,subject1_day1_setup01_baseline,114.905492636794,114.905492636794,0.0,32,16
3,SingleTrain_WithBaseValsalva,1,SBP,train,1,postExerciseHgcp,32,33,33,1,1,subject1_day1_setup01_baseline,114.285147180209,114.285147180209,0.0,32,16
3,SingleTrain_WithBaseValsalva,1,SBP,train,1,postExerciseHgcp,33,34,34,1,1,subject1_day1_setup01_baseline,113.491227496595,113.491227496595,0.0,32,16
3,SingleTrain_WithBaseValsalva,1,SBP,train,1,postExerciseHgcp,34,35,35,1,1,subject1_day1_setup01_baseline,112.830701678088,112.830701678088,0.0,32,16
3,SingleTrain_WithBaseValsalva,1,SBP,train,1,postExerciseHgcp,35,36,36,1,1,subject1_day1_setup01_baseline,112.570257562808,112.570257562808,0.0,32,16
3,SingleTrain_WithBaseValsalva,1,SBP,train,1,postExerciseHgcp,36,37,37,1,1,subject1_day1_setup01_baseline,112.482455168109,112.482455168109,0.0,32,16
3,SingleTrain_WithBaseValsalva,1,SBP,train,1,postExerciseHgcp,37,38,38,1,1,subject1_day1_setup01_baseline,112.413880695228,112.413880695228,0.0,32,16
3,SingleTrain_WithBaseValsalva,1,SBP,train,1,postExerciseHgcp,38,39,39,1,1,subject1_day1_setup01_baseline,112.46956341647,112.46956341647,0.0,32,16
3,SingleTrain_WithBaseValsalva,1,SBP,train,1,postExerciseHgcp,39,40,40,1,1,subject1_day1_setup01_baseline,112.566680781872,112.566680781872,0.0,32,16
3,SingleTrain_WithBaseValsalva,1,SBP,train,1,postExerciseHgcp,40,41,41,1,1,subject1_day1_setup01_baseline,112.665130747339,112.665130747339,0.0,32,16
3,SingleTrain_WithBaseValsalva,1,SBP,train,1,postExerciseHgcp,41,42,42,1,1,subject1_day1_setup01_baseline,112.83987860178,112.83987860178,0.0,32,16
3,SingleTrain_WithBaseValsalva,1,SBP,train,1,postExerciseHgcp,42,43,43,1,1,subject1_day1_setup01_baseline,113.065974813856,113.065974813856,0.0,32,16
3,SingleTrain_WithBaseValsalva,1,SBP,train,1,postExerciseHgcp,43,44,44,1,1,subject1_day1_setup01_baseline,113.316545347409,113.316545347409,0.0,32,16
3,SingleTrain_WithBaseValsalva,1,SBP,train,1,postExerciseHgcp,44,45,45,1,1,subject1_day1_setup01_baseline,113.584229469002,113.584229469002,0.0,32,16
3,SingleTrain_WithBaseValsalva,1,SBP,train,1,postExerciseHgcp,45,46,46,1,1,subject1_day1_setup01_baseline,113.962561107208,114.484066626639,0.5215055194310025,32,16
3,SingleTrain_WithBaseValsalva,1,SBP,train,1,postExerciseHgcp,46,47,47,1,1,subject1_day1_setup01_baseline,114.484066626639,114.484066626639,0.0,32,16
3,SingleTrain_WithBaseValsalva,1,SBP,train,1,postExerciseHgcp,47,48,48,1,1,subject1_day1_setup01_baseline,114.989520446691,114.989520446691,0.0,32,16
3,SingleTrain_WithBaseValsalva,1,SBP,train,1,postExerciseHgcp,48,49,49,1,1,subject1_day1_setup01_baseline,115.463023438014,115.463023438014,0.0,32,16
3,SingleTrain_WithBaseValsalva,1,SBP,train,1,postExerciseHgcp,49,50,50,1,1,subject1_day1_setup01_baseline,115.92459906456,115.92459906456,0.0,32,16
3,SingleTrain_WithBaseValsalva,1,SBP,train,1,postExerciseHgcp,50,51,51,1,1,subject1_day1_setup01_baseline,116.474794566595,116.474794566595,0.0,32,16
3,SingleTrain_WithBaseValsalva,1,SBP,train,1,postExerciseHgcp,51,52,52,1,1,subject1_day1_setup01_baseline,116.934828066858,116.474794566595,-0.46003350026300893,32,16
3,SingleTrain_WithBaseValsalva,1,SBP,train,1,postExerciseHgcp,52,53,53,1,1,subject1_day1_setup01_baseline,117.93555174269,117.93555174269,0.0,32,16
3,SingleTrain_WithBaseValsalva,1,SBP,train,1,postExerciseHgcp,53,54,54,1,1,subject1_day1_setup01_baseline,118.733980598656,118.733980598656,0.0,32,16
3,SingleTrain_WithBaseValsalva,1,SBP,train,1,postExerciseHgcp,54,55,55,1,1,subject1_day1_setup01_baseline,119.65950536378,119.65950536378,0.0,32,16
3,SingleTrain_WithBaseValsalva,1,SBP,train,1,postExerciseHgcp,55,56,56,1,1,subject1_day1_setup01_baseline,120.609108779974,120.609108779974,0.0,32,16
3,SingleTrain_WithBaseValsalva,1,SBP,train,1,postExerciseHgcp,56,57,57,1,1,subject1_day1_setup01_baseline,121.418350467366,121.418350467366,0.0,32,16
3,SingleTrain_WithBaseValsalva,1,SBP,train,1,postExerciseHgcp,57,58,58,1,1,subject1_day1_setup01_baseline,122.058986643671,122.058986643671,0.0,32,16
3,SingleTrain_WithBaseValsalva,1,SBP,train,1,postExerciseHgcp,58,59,59,1,1,subject1_day1_setup01_baseline,122.764691353814,122.764691353814,0.0,32,16
3,SingleTrain_WithBaseValsalva,1,SBP,train,1,postExerciseHgcp,59,60,60,1,1,subject1_day1_setup01_baseline,123.518096925547,123.518096925547,0.0,32,16
3,SingleTrain_WithBaseValsalva,1,SBP,train,1,postExerciseHgcp,60,61,61,1,1,subject1_day1_setup01_baseline,124.268419580782,124.268419580782,0.0,32,16
3,SingleTrain_WithBaseValsalva,1,SBP,train,1,postExerciseHgcp,61,62,62,1,1,subject1_day1_setup01_baseline,124.928346299574,124.928346299574,0.0,32,16
3,SingleTrain_WithBaseValsalva,1,SBP,train,1,postExerciseHgcp,62,63,63,1,1,subject1_day1_setup01_baseline,125.518445792517,125.518445792517,0.0,32,16
3,SingleTrain_WithBaseValsalva,1,SBP,train,1,postExerciseHgcp,63,64,64,1,1,subject1_day1_setup01_baseline,126.082372228331,126.082372228331,0.0,32,16
3,SingleTrain_WithBaseValsalva,1,SBP,train,1,postExerciseHgcp,64,65,65,1,1,subject1_day1_setup01_baseline,126.5321356523,126.5321356523,0.0,32,16
3,SingleTrain_WithBaseValsalva,1,SBP,train,1,postExerciseHgcp,65,66,66,1,1,subject1_day1_setup01_baseline,126.782754269016,126.5321356523,-0.2506186167159967,32,16
3,SingleTrain_WithBaseValsalva,1,SBP,train,1,postExerciseHgcp,66,67,67,1,1,subject1_day1_setup01_baseline,126.867844338384,126.550910022323,-0.3169343160610083,32,16
3,SingleTrain_WithBaseValsalva,1,SBP,train,1,postExerciseHgcp,67,68,68,1,1,subject1_day1_setup01_baseline,126.84786023971,126.744080484892,-0.10377975481800661,32,16
3,SingleTrain_WithBaseValsalva,1,SBP,train,1,postExerciseHgcp,68,69,69,1,1,subject1_day1_setup01_baseline,126.744080484892,126.744080484892,0.0,32,16
3,SingleTrain_WithBaseValsalva,1,SBP,train,1,postExerciseHgcp,69,70,70,1,1,subject1_day1_setup01_baseline,126.550910022323,126.550910022323,0.0,32,16
3,SingleTrain_WithBaseValsalva,1,SBP,train,1,postExerciseHgcp,70,71,71,1,1,subject1_day1_setup01_baseline,126.334202756693,126.334202756693,0.0,32,16
3,SingleTrain_WithBaseValsalva,1,SBP,train,1,postExerciseHgcp,71,72,72,1,1,subject1_day1_setup01_baseline,126.281853342049,126.281853342049,0.0,32,16
3,SingleTrain_WithBaseValsalva,1,SBP,train,1,postExerciseHgcp,72,73,73,1,1,subject1_day1_setup01_baseline,125.672634876945,125.672634876945,0.0,32,16
3,SingleTrain_WithBaseValsalva,1,SBP,train,1,postExerciseHgcp,73,74,74,1,1,subject1_day1_setup01_baseline,125.274595623499,125.274595623499,0.0,32,16
3,SingleTrain_WithBaseValsalva,1,SBP,train,1,postExerciseHgcp,74,75,75,1,1,subject1_day1_setup01_baseline,124.821890663412,124.821890663412,0.0,32,16
3,SingleTrain_WithBaseValsalva,1,SBP,train,1,postExerciseHgcp,75,76,76,1,1,subject1_day1_setup01_baseline,124.322539251455,124.322539251455,0.0,32,16
3,SingleTrain_WithBaseValsalva,1,SBP,train,1,postExerciseHgcp,76,77,77,1,1,subject1_day1_setup01_baseline,123.863723950858,123.863723950858,0.0,32,16
3,SingleTrain_WithBaseValsalva,1,SBP,train,1,postExerciseHgcp,77,78,78,1,1,subject1_day1_setup01_baseline,123.424771285896,123.424771285896,0.0,32,16
3,SingleTrain_WithBaseValsalva,1,SBP,train,1,postExerciseHgcp,78,79,79,1,1,subject1_day1_setup01_baseline,122.798665456554,122.798665456554,0.0,32,16
3,SingleTrain_WithBaseValsalva,1,SBP,train,1,postExerciseHgcp,79,80,80,1,1,subject1_day1_setup01_baseline,122.134049621732,122.134049621732,0.0,32,16
3,SingleTrain_WithBaseValsalva,1,SBP,train,1,postExerciseHgcp,80,81,81,1,1,subject1_day1_setup01_baseline,121.502997871953,121.502997871953,0.0,32,16
3,SingleTrain_WithBaseValsalva,1,SBP,train,1,postExerciseHgcp,81,82,82,1,1,subject1_day1_setup01_baseline,120.954302017875,120.954302017875,0.0,32,16
3,SingleTrain_WithBaseValsalva,1,SBP,train,1,postExerciseHgcp,82,83,83,1,1,subject1_day1_setup01_baseline,120.510120335167,120.510120335167,0.0,32,16
3,SingleTrain_WithBaseValsalva,1,SBP,train,1,postExerciseHgcp,83,84,84,1,1,subject1_day1_setup01_baseline,120.169667391428,120.169667391428,0.0,32,16
3,SingleTrain_WithBaseValsalva,1,SBP,train,1,postExerciseHgcp,84,85,85,1,1,subject1_day1_setup01_baseline,120.023958168471,120.169667391428,0.1457092229570094,32,16
3,SingleTrain_WithBaseValsalva,1,SBP,train,1,postExerciseHgcp,85,86,86,1,1,subject1_day1_setup01_baseline,120.136943767996,120.136943767996,0.0,32,16
3,SingleTrain_WithBaseValsalva,1,SBP,train,1,postExerciseHgcp,86,87,87,1,1,subject1_day1_setup01_baseline,120.232883571413,120.232883571413,0.0,32,16
3,SingleTrain_WithBaseValsalva,1,SBP,train,1,postExerciseHgcp,87,88,88,1,1,subject1_day1_setup01_baseline,120.255112439224,120.255112439224,0.0,32,16
3,SingleTrain_WithBaseValsalva,1,SBP,train,1,postExerciseHgcp,88,89,89,1,1,subject1_day1_setup01_baseline,120.359610400489,120.359610400489,0.0,32,16
3,SingleTrain_WithBaseValsalva,1,SBP,train,1,postExerciseHgcp,89,90,90,1,1,subject1_day1_setup01_baseline,120.697171625405,120.697171625405,0.0,32,16
3,SingleTrain_WithBaseValsalva,1,SBP,train,1,postExerciseHgcp,90,91,91,1,1,subject1_day1_setup01_baseline,120.929615422005,120.967074173099,0.037458751093993214,32,16
3,SingleTrain_WithBaseValsalva,1,SBP,train,1,postExerciseHgcp,91,92,92,1,1,subject1_day1_setup01_baseline,120.967074173099,120.967074173099,0.0,32,16
3,SingleTrain_WithBaseValsalva,1,SBP,train,1,postExerciseHgcp,92,93,93,1,1,subject1_day1_setup01_baseline,121.046022737275,121.046022737275,0.0,32,16
3,SingleTrain_WithBaseValsalva,1,SBP,train,1,postExerciseHgcp,93,94,94,1,1,subject1_day1_setup01_baseline,121.352212940656,121.352212940656,0.0,32,16
3,SingleTrain_WithBaseValsalva,1,SBP,train,1,postExerciseHgcp,94,95,95,1,1,subject1_day1_setup01_baseline,121.643033722888,121.643033722888,0.0,32,16
3,SingleTrain_WithBaseValsalva,1,SBP,train,1,postExerciseHgcp,95,96,96,1,1,subject1_day1_setup01_baseline,121.83820059386,121.83820059386,0.0,32,16
3,SingleTrain_WithBaseValsalva,1,SBP,train,1,postExerciseHgcp,96,97,97,1,1,subject1_day1_setup01_baseline,122.107552946966,122.107552946966,0.0,32,16
3,SingleTrain_WithBaseValsalva,1,SBP,train,1,postExerciseHgcp,97,98,98,1,1,subject1_day1_setup01_baseline,122.609869443496,122.609869443496,0.0,32,16
3,SingleTrain_WithBaseValsalva,1,SBP,train,1,postExerciseHgcp,98,99,99,1,1,subject1_day1_setup01_baseline,123.172999027354,123.172999027354,0.0,32,16
3,SingleTrain_WithBaseValsalva,1,SBP,train,1,postExerciseHgcp,99,100,100,1,1,subject1_day1_setup01_baseline,123.554787584177,123.554787584177,0.0,32,16
3,SingleTrain_WithBaseValsalva,1,SBP,train,1,postExerciseHgcp,100,101,101,1,1,subject1_day1_setup01_baseline,123.808163809796,123.808163809796,0.0,32,16
3,SingleTrain_WithBaseValsalva,1,SBP,train,1,postExerciseHgcp,101,102,102,1,1,subject1_day1_setup01_baseline,124.180299488664,124.180299488664,0.0,32,16
3,SingleTrain_WithBaseValsalva,1,SBP,train,1,postExerciseHgcp,102,103,103,1,1,subject1_day1_setup01_baseline,124.421282148041,124.381617186307,-0.03966496173400458,32,16
3,SingleTrain_WithBaseValsalva,1,SBP,train,1,postExerciseHgcp,103,104,104,1,1,subject1_day1_setup01_baseline,124.381617186307,124.214888289391,-0.16672889691599835,32,16
3,SingleTrain_WithBaseValsalva,1,SBP,train,1,postExerciseHgcp,104,105,105,1,1,subject1_day1_setup01_baseline,124.214888289391,124.214888289391,0.0,32,16
3,SingleTrain_WithBaseValsalva,1,SBP,train,1,postExerciseHgcp,105,106,106,1,1,subject1_day1_setup01_baseline,124.093807646375,124.093807646375,0.0,32,16
3,SingleTrain_WithBaseValsalva,1,SBP,train,1,postExerciseHgcp,106,107,107,1,1,subject1_day1_setup01_baseline,124.007063470949,124.007063470949,0.0,32,16
3,SingleTrain_WithBaseValsalva,1,SBP,train,1,postExerciseHgcp,107,108,108,1,1,subject1_day1_setup01_baseline,123.816093690226,123.736342591256,-0.079751098969993,32,16
3,SingleTrain_WithBaseValsalva,1,SBP,train,1,postExerciseHgcp,108,109,109,1,1,subject1_day1_setup01_baseline,123.63037248122,123.63037248122,0.0,32,16
3,SingleTrain_WithBaseValsalva,1,SBP,train,1,postExerciseHgcp,109,110,110,1,1,subject1_day1_setup01_baseline,123.553329356154,123.553329356154,0.0,32,16
3,SingleTrain_WithBaseValsalva,1,SBP,train,1,postExerciseHgcp,110,111,111,1,1,subject1_day1_setup01_baseline,123.550157148141,123.550157148141,0.0,32,16
3,SingleTrain_WithBaseValsalva,1,SBP,train,1,postExerciseHgcp,111,112,112,1,1,subject1_day1_setup01_baseline,123.535534974474,123.550157148141,0.014622173666992921,32,16
3,SingleTrain_WithBaseValsalva,1,SBP,train,1,postExerciseHgcp,112,113,113,1,1,subject1_day1_setup01_baseline,123.503736502081,123.550157148141,0.046420646059999626,32,16
3,SingleTrain_WithBaseValsalva,1,SBP,train,1,postExerciseHgcp,113,114,114,1,1,subject1_day1_setup01_baseline,123.545699646533,123.553329356154,0.007629709620999847,32,16
3,SingleTrain_WithBaseValsalva,1,SBP,train,1,postExerciseHgcp,114,115,115,1,1,subject1_day1_setup01_baseline,123.655115339696,123.63037248122,-0.024742858476002993,32,16
3,SingleTrain_WithBaseValsalva,1,SBP,train,1,postExerciseHgcp,115,116,116,1,1,subject1_day1_setup01_baseline,123.736342591256,123.55143196534526,-0.1849106259107458,32,16
3,SingleTrain_WithBaseValsalva,1,SBP,train,1,postExerciseHgcp,116,117,117,1,1,subject1_day1_setup01_baseline,123.598845812618,123.55143196534526,-0.04741384727273612,32,16
3,SingleTrain_WithBaseValsalva,1,SBP,train,1,postExerciseHgcp,117,118,118,1,1,subject1_day1_setup01_baseline,123.348731900496,123.348731900496,0.0,32,16
3,SingleTrain_WithBaseValsalva,1,SBP,train,1,postExerciseHgcp,118,119,119,1,1,subject1_day1_setup01_baseline,123.200930748083,123.200930748083,0.0,32,16
3,SingleTrain_WithBaseValsalva,1,SBP,train,1,postExerciseHgcp,119,120,120,1,1,subject1_day1_setup01_baseline,123.161948483814,123.161948483814,0.0,32,16
3,SingleTrain_WithBaseValsalva,1,SBP,train,1,postExerciseHgcp,120,121,121,1,1,subject1_day1_setup01_baseline,123.066563783993,123.066563783993,0.0,32,16
3,SingleTrain_WithBaseValsalva,1,SBP,train,1,postExerciseHgcp,121,122,122,1,1,subject1_day1_setup01_baseline,122.830219232268,122.830219232268,0.0,32,16
3,SingleTrain_WithBaseValsalva,1,SBP,train,1,postExerciseHgcp,122,123,123,1,1,subject1_day1_setup01_baseline,122.793142084111,122.830219232268,0.03707714815701024,32,16
3,SingleTrain_WithBaseValsalva,1,SBP,train,1,postExerciseHgcp,123,124,124,1,1,subject1_day1_setup01_baseline,122.937208564037,122.937208564037,0.0,32,16
3,SingleTrain_WithBaseValsalva,1,SBP,train,1,postExerciseHgcp,124,125,125,1,1,subject1_day1_setup01_baseline,123.008657850072,122.9976444310358,-0.011013419036203231,32,16
3,SingleTrain_WithBaseValsalva,1,SBP,train,1,postExerciseHgcp,125,126,126,1,2,subject1_day1_setup01_baseline,127.837455768629,127.889369742808,0.05191397417900134,32,16
3,SingleTrain_WithBaseValsalva,1,SBP,train,1,postExerciseHgcp,126,127,127,1,2,subject1_day1_setup01_baseline,127.889369742808,127.889369742808,0.0,32,16
3,SingleTrain_WithBaseValsalva,1,SBP,train,1,postExerciseHgcp,127,128,128,1,2,subject1_day1_setup01_baseline,128.146823436933,128.146823436933,0.0,32,16
3,SingleTrain_WithBaseValsalva,1,SBP,train,1,postExerciseHgcp,128,129,129,1,2,subject1_day1_setup01_baseline,128.506607536823,128.506607536823,0.0,32,16
3,SingleTrain_WithBaseValsalva,1,SBP,train,1,postExerciseHgcp,129,130,130,1,2,subject1_day1_setup01_baseline,128.564994013346,128.506607536823,-0.058386476522997555,32,16
3,SingleTrain_WithBaseValsalva,1,SBP,train,1,postExerciseHgcp,130,131,131,1,2,subject1_day1_setup01_baseline,128.417980636604,128.417980636604,0.0,32,16
3,SingleTrain_WithBaseValsalva,1,SBP,train,1,postExerciseHgcp,131,132,132,1,2,subject1_day1_setup01_baseline,128.41525584326,128.41525584326,0.0,32,16
3,SingleTrain_WithBaseValsalva,1,SBP,train,1,postExerciseHgcp,132,133,133,1,2,subject1_day1_setup01_baseline,128.594171471115,128.538657693712,-0.055513777403007225,32,16
3,SingleTrain_WithBaseValsalva,1,SBP,train,1,postExerciseHgcp,133,134,134,1,2,subject1_day1_setup01_baseline,128.635177385734,128.553088006327,-0.08208937940702299,32,16
3,SingleTrain_WithBaseValsalva,1,SBP,train,1,postExerciseHgcp,134,135,135,1,2,subject1_day1_setup01_baseline,128.535190846418,128.538657693712,0.003466847293992714,32,16
3,SingleTrain_WithBaseValsalva,1,SBP,train,1,postExerciseHgcp,135,136,136,1,2,subject1_day1_setup01_baseline,128.538657693712,128.538657693712,0.0,32,16
3,SingleTrain_WithBaseValsalva,1,SBP,train,1,postExerciseHgcp,136,137,137,1,2,subject1_day1_setup01_baseline,128.590134640582,128.553088006327,-0.037046634255005984,32,16
3,SingleTrain_WithBaseValsalva,1,SBP,train,1,postExerciseHgcp,137,138,138,1,2,subject1_day1_setup01_baseline,128.694007882466,128.57671112740982,-0.11729675505617365,32,16
3,SingleTrain_WithBaseValsalva,1,SBP,train,1,postExerciseHgcp,138,139,139,1,2,subject1_day1_setup01_baseline,128.607715986335,128.57671112740982,-0.03100485892517213,32,16
3,SingleTrain_WithBaseValsalva,1,SBP,train,1,postExerciseHgcp,139,140,140,1,2,subject1_day1_setup01_baseline,128.553088006327,128.553088006327,0.0,32,16
3,SingleTrain_WithBaseValsalva,1,SBP,train,1,postExerciseHgcp,140,141,141,1,2,subject1_day1_setup01_baseline,128.60628414036,128.569978615806,-0.03630552455399538,32,16
3,SingleTrain_WithBaseValsalva,1,SBP,train,1,postExerciseHgcp,141,142,142,1,2,subject1_day1_setup01_baseline,128.743993785444,128.59413366087702,-0.1498601245669704,32,16
3,SingleTrain_WithBaseValsalva,1,SBP,train,1,postExerciseHgcp,142,143,143,1,2,subject1_day1_setup01_baseline,128.709106361329,128.590134640582,-0.11897172074699824,32,16
3,SingleTrain_WithBaseValsalva,1,SBP,train,1,postExerciseHgcp,143,144,144,1,2,subject1_day1_setup01_baseline,128.550590001344,128.550590001344,0.0,32,16
3,SingleTrain_WithBaseValsalva,1,SBP,train,1,postExerciseHgcp,144,145,145,1,2,subject1_day1_setup01_baseline,128.389911066927,128.389911066927,0.0,32,16
3,SingleTrain_WithBaseValsalva,1,SBP,train,1,postExerciseHgcp,145,146,146,1,2,subject1_day1_setup01_baseline,128.151062484897,128.151062484897,0.0,32,16
3,SingleTrain_WithBaseValsalva,1,SBP,train,1,postExerciseHgcp,146,147,147,1,2,subject1_day1_setup01_baseline,127.809308256423,127.809308256423,0.0,32,16
3,SingleTrain_WithBaseValsalva,1,SBP,train,1,postExerciseHgcp,147,148,148,1,2,subject1_day1_setup01_baseline,127.449895331319,127.449895331319,0.0,32,16
3,SingleTrain_WithBaseValsalva,1,SBP,train,1,postExerciseHgcp,148,149,149,1,2,subject1_day1_setup01_baseline,127.143172751887,127.143172751887,0.0,32,16
3,SingleTrain_WithBaseValsalva,1,SBP,train,1,postExerciseHgcp,149,150,150,1,2,subject1_day1_setup01_baseline,126.976241791268,126.976241791268,0.0,32,16
3,SingleTrain_WithBaseValsalva,1,SBP,train,1,postExerciseHgcp,150,151,151,1,2,subject1_day1_setup01_baseline,126.87634061761,126.976241791268,0.09990117365799733,32,16
3,SingleTrain_WithBaseValsalva,1,SBP,train,1,postExerciseHgcp,151,152,152,1,2,subject1_day1_setup01_baseline,126.75008995188,126.75008995188,0.0,32,16
3,SingleTrain_WithBaseValsalva,1,SBP,train,1,postExerciseHgcp,152,153,153,1,2,subject1_day1_setup01_baseline,126.593303639545,126.593303639545,0.0,32,16
3,SingleTrain_WithBaseValsalva,1,SBP,train,1,postExerciseHgcp,153,154,154,1,2,subject1_day1_setup01_baseline,126.452694107991,126.452694107991,0.0,32,16
3,SingleTrain_WithBaseValsalva,1,SBP,train,1,postExerciseHgcp,154,155,155,1,2,subject1_day1_setup01_baseline,126.302218164711,126.137964971419,-0.16425319329199795,32,16
3,SingleTrain_WithBaseValsalva,1,SBP,train,1,postExerciseHgcp,155,156,156,1,2,subject1_day1_setup01_baseline,126.137964971419,125.934591722297,-0.20337324912199506,32,16
3,SingleTrain_WithBaseValsalva,1,SBP,train,1,postExerciseHgcp,156,157,157,1,2,subject1_day1_setup01_baseline,125.934591722297,125.712865742551,-0.2217259797459974,32,16
3,SingleTrain_WithBaseValsalva,1,SBP,train,1,postExerciseHgcp,157,158,158,1,2,subject1_day1_setup01_baseline,125.712865742551,125.712865742551,0.0,32,16
3,SingleTrain_WithBaseValsalva,1,SBP,train,1,postExerciseHgcp,158,159,159,1,2,subject1_day1_setup01_baseline,125.517193612573,125.712865742551,0.1956721299780071,32,16
3,SingleTrain_WithBaseValsalva,1,SBP,train,1,postExerciseHgcp,159,160,160,1,2,subject1_day1_setup01_baseline,125.297617120173,125.517193612573,0.21957649239999455,32,16
3,SingleTrain_WithBaseValsalva,1,SBP,train,1,postExerciseHgcp,160,161,161,1,2,subject1_day1_setup01_baseline,125.090368406077,125.090368406077,0.0,32,16
3,SingleTrain_WithBaseValsalva,1,SBP,train,1,postExerciseHgcp,161,162,162,1,2,subject1_day1_setup01_baseline,124.93382934628,125.026463324834,0.09263397855399091,32,16
3,SingleTrain_WithBaseValsalva,1,SBP,train,1,postExerciseHgcp,162,163,163,1,2,subject1_day1_setup01_baseline,125.026463324834,125.292563300925,0.2660999760909988,32,16
3,SingleTrain_WithBaseValsalva,1,SBP,train,1,postExerciseHgcp,163,164,164,1,2,subject1_day1_setup01_baseline,125.292563300925,125.401617074314,0.10905377338900735,32,16
3,SingleTrain_WithBaseValsalva,1,SBP,train,1,postExerciseHgcp,164,165,165,1,2,subject1_day1_setup01_baseline,125.636133996811,125.636133996811,0.0,32,16
3,SingleTrain_WithBaseValsalva,1,SBP,train,1,postExerciseHgcp,165,166,166,1,2,subject1_day1_setup01_baseline,126.147802580394,126.147802580394,0.0,32,16
3,SingleTrain_WithBaseValsalva,1,SBP,train,1,postExerciseHgcp,166,167,167,1,2,subject1_day1_setup01_baseline,126.648220077348,126.648220077348,0.0,32,16
3,SingleTrain_WithBaseValsalva,1,SBP,train,1,postExerciseHgcp,167,168,168,1,2,subject1_day1_setup01_baseline,127.145938843645,127.145938843645,0.0,32,16
3,SingleTrain_WithBaseValsalva,1,SBP,train,1,postExerciseHgcp,168,169,169,1,2,subject1_day1_setup01_baseline,127.660103833869,127.660103833869,0.0,32,16
3,SingleTrain_WithBaseValsalva,1,SBP,train,1,postExerciseHgcp,169,170,170,1,2,subject1_day1_setup01_baseline,128.029960776504,128.029960776504,0.0,32,16
3,SingleTrain_WithBaseValsalva,1,SBP,train,1,postExerciseHgcp,170,171,171,1,2,subject1_day1_setup01_baseline,128.29051544024,128.29051544024,0.0,32,16
3,SingleTrain_WithBaseValsalva,1,SBP,train,1,postExerciseHgcp,171,172,172,1,2,subject1_day1_setup01_baseline,128.583200929643,128.583200929643,0.0,32,16
3,SingleTrain_WithBaseValsalva,1,SBP,train,1,postExerciseHgcp,172,173,173,1,2,subject1_day1_setup01_baseline,128.808194020319,128.808194020319,0.0,32,16
3,SingleTrain_WithBaseValsalva,1,SBP,train,1,postExerciseHgcp,173,174,174,1,2,subject1_day1_setup01_baseline,129.000651552084,129.000651552084,0.0,32,16
3,SingleTrain_WithBaseValsalva,1,SBP,train,1,postExerciseHgcp,174,175,175,1,2,subject1_day1_setup01_baseline,129.222686724979,129.222686724979,0.0,32,16
3,SingleTrain_WithBaseValsalva,1,SBP,train,1,postExerciseHgcp,175,176,176,1,2,subject1_day1_setup01_baseline,129.433266764531,129.433266764531,0.0,32,16
3,SingleTrain_WithBaseValsalva,1,SBP,train,1,postExerciseHgcp,176,177,177,1,2,subject1_day1_setup01_baseline,129.721586131489,129.721586131489,0.0,32,16
3,SingleTrain_WithBaseValsalva,1,SBP,train,1,postExerciseHgcp,177,178,178,1,2,subject1_day1_setup01_baseline,130.175542913709,130.175542913709,0.0,32,16
3,SingleTrain_WithBaseValsalva,1,SBP,train,1,postExerciseHgcp,178,179,179,1,2,subject1_day1_setup01_baseline,130.539638539899,130.175542913709,-0.364095626189993,32,16
3,SingleTrain_WithBaseValsalva,1,SBP,train,1,postExerciseHgcp,179,180,180,1,2,subject1_day1_setup01_baseline,130.79120525418,130.79120525418,0.0,32,16
3,SingleTrain_WithBaseValsalva,1,SBP,train,1,postExerciseHgcp,180,181,181,1,2,subject1_day1_setup01_baseline,131.090962106894,130.835310217158,-0.25565188973601494,32,16
3,SingleTrain_WithBaseValsalva,1,SBP,train,1,postExerciseHgcp,181,182,182,1,2,subject1_day1_setup01_baseline,131.375196197928,131.075182304166,-0.3000138937620136,32,16
3,SingleTrain_WithBaseValsalva,1,SBP,train,1,postExerciseHgcp,182,183,183,1,2,subject1_day1_setup01_baseline,131.356092866235,131.078018989066,-0.27807387716899257,32,16
3,SingleTrain_WithBaseValsalva,1,SBP,train,1,postExerciseHgcp,183,184,184,1,2,subject1_day1_setup01_baseline,131.115251964322,131.078018989066,-0.03723297525598923,32,16
3,SingleTrain_WithBaseValsalva,1,SBP,train,1,postExerciseHgcp,184,185,185,1,2,subject1_day1_setup01_baseline,130.835310217158,130.835310217158,0.0,32,16
3,SingleTrain_WithBaseValsalva,1,SBP,train,1,postExerciseHgcp,185,186,186,1,2,subject1_day1_setup01_baseline,130.401272370747,130.401272370747,0.0,32,16
3,SingleTrain_WithBaseValsalva,1,SBP,train,1,postExerciseHgcp,186,187,187,1,2,subject1_day1_setup01_baseline,130.119520828279,130.1080101226378,-0.011510705641200047,32,16
3,SingleTrain_WithBaseValsalva,1,SBP,train,1,postExerciseHgcp,187,188,188,1,2,subject1_day1_setup01_baseline,129.729611483711,129.689323291886,-0.040288191824998876,32,16
3,SingleTrain_WithBaseValsalva,1,SBP,train,1,postExerciseHgcp,188,189,189,1,2,subject1_day1_setup01_baseline,129.486211951207,129.486211951207,0.0,32,16
3,SingleTrain_WithBaseValsalva,1,SBP,train,1,postExerciseHgcp,189,190,190,1,2,subject1_day1_setup01_baseline,129.475153447826,129.486211951207,0.011058503381008222,32,16
3,SingleTrain_WithBaseValsalva,1,SBP,train,1,postExerciseHgcp,190,191,191,1,2,subject1_day1_setup01_baseline,129.586012946672,129.586012946672,0.0,32,16
3,SingleTrain_WithBaseValsalva,1,SBP,train,1,postExerciseHgcp,191,192,192,1,2,subject1_day1_setup01_baseline,129.605534878964,129.605534878964,0.0,32,16
3,SingleTrain_WithBaseValsalva,1,SBP,train,1,postExerciseHgcp,192,193,193,1,2,subject1_day1_setup01_baseline,129.689323291886,129.689323291886,0.0,32,16
3,SingleTrain_WithBaseValsalva,1,SBP,train,1,postExerciseHgcp,193,194,194,1,2,subject1_day1_setup01_baseline,129.915345840027,129.689323291886,-0.22602254814097478,32,16
3,SingleTrain_WithBaseValsalva,1,SBP,train,1,postExerciseHgcp,194,195,195,1,2,subject1_day1_setup01_baseline,130.006515749517,129.827830748007,-0.17868500151001854,32,16
3,SingleTrain_WithBaseValsalva,1,SBP,train,1,postExerciseHgcp,195,196,196,1,2,subject1_day1_setup01_baseline,130.083061398352,130.00643552403102,-0.07662587432096757,32,16
3,SingleTrain_WithBaseValsalva,1,SBP,train,1,postExerciseHgcp,196,197,197,1,2,subject1_day1_setup01_baseline,130.042525141431,129.943781825822,-0.0987433156090276,32,16
3,SingleTrain_WithBaseValsalva,1,SBP,train,1,postExerciseHgcp,197,198,198,1,2,subject1_day1_setup01_baseline,129.943781825822,129.93430316389032,-0.009478661931666466,32,16
3,SingleTrain_WithBaseValsalva,1,SBP,train,1,postExerciseHgcp,198,199,199,1,2,subject1_day1_setup01_baseline,129.827830748007,129.827830748007,0.0,32,16
3,SingleTrain_WithBaseValsalva,1,SBP,train,1,postExerciseHgcp,199,200,200,1,2,subject1_day1_setup01_baseline,129.714154517636,129.714154517636,0.0,32,16
3,SingleTrain_WithBaseValsalva,1,SBP,train,1,postExerciseHgcp,200,201,201,1,2,subject1_day1_setup01_baseline,129.627122270018,129.714154517636,0.08703224761799788,32,16
3,SingleTrain_WithBaseValsalva,1,SBP,train,1,postExerciseHgcp,201,202,202,1,2,subject1_day1_setup01_baseline,129.625591231243,129.827830748007,0.20223951676399565,32,16
3,SingleTrain_WithBaseValsalva,1,SBP,train,1,postExerciseHgcp,202,203,203,1,2,subject1_day1_setup01_baseline,129.610160532386,129.61727624450512,0.007115712119116324,32,16
3,SingleTrain_WithBaseValsalva,1,SBP,train,1,postExerciseHgcp,203,204,204,1,2,subject1_day1_setup01_baseline,129.568454537502,129.642669782948,0.07421524544599833,32,16
3,SingleTrain_WithBaseValsalva,1,SBP,train,1,postExerciseHgcp,204,205,205,1,2,subject1_day1_setup01_baseline,129.642669782948,129.689323291886,0.04665350893802156,32,16
3,SingleTrain_WithBaseValsalva,1,SBP,train,1,postExerciseHgcp,205,206,206,1,2,subject1_day1_setup01_baseline,130.025952071744,130.025952071744,0.0,32,16
3,SingleTrain_WithBaseValsalva,1,SBP,train,1,postExerciseHgcp,206,207,207,1,2,subject1_day1_setup01_baseline,130.426486637546,130.401272370747,-0.025214266798997187,32,16
3,SingleTrain_WithBaseValsalva,1,SBP,train,1,postExerciseHgcp,207,208,208,1,2,subject1_day1_setup01_baseline,130.626840290819,130.626840290819,0.0,32,16
3,SingleTrain_WithBaseValsalva,1,SBP,train,1,postExerciseHgcp,208,209,209,1,2,subject1_day1_setup01_baseline,130.392003219564,130.392003219564,0.0,32,16
3,SingleTrain_WithBaseValsalva,1,SBP,train,1,postExerciseHgcp,209,210,210,1,2,subject1_day1_setup01_baseline,130.159130079154,130.159130079154,0.0,32,16
3,SingleTrain_WithBaseValsalva,1,SBP,train,1,postExerciseHgcp,210,211,211,1,2,subject1_day1_setup01_baseline,130.000708626379,130.000708626379,0.0,32,16
3,SingleTrain_WithBaseValsalva,1,SBP,train,1,postExerciseHgcp,211,212,212,1,2,subject1_day1_setup01_baseline,129.650791634149,129.650791634149,0.0,32,16
3,SingleTrain_WithBaseValsalva,1,SBP,train,1,postExerciseHgcp,212,213,213,1,2,subject1_day1_setup01_baseline,129.147509461997,129.147509461997,0.0,32,16
3,SingleTrain_WithBaseValsalva,1,SBP,train,1,postExerciseHgcp,213,214,214,1,2,subject1_day1_setup01_baseline,128.719836989235,128.719836989235,0.0,32,16
3,SingleTrain_WithBaseValsalva,1,SBP,train,1,postExerciseHgcp,214,215,215,1,2,subject1_day1_setup01_baseline,128.565448908321,128.565448908321,0.0,32,16
3,SingleTrain_WithBaseValsalva,1,SBP,train,1,postExerciseHgcp,215,216,216,1,2,subject1_day1_setup01_baseline,128.268211892419,128.268211892419,0.0,32,16
3,SingleTrain_WithBaseValsalva,1,SBP,train,1,postExerciseHgcp,216,217,217,1,2,subject1_day1_setup01_baseline,127.794339271355,127.794339271355,0.0,32,16
3,SingleTrain_WithBaseValsalva,1,SBP,train,1,postExerciseHgcp,217,218,218,1,2,subject1_day1_setup01_baseline,127.399999629108,127.25341728524432,-0.14658234386367042,32,16
3,SingleTrain_WithBaseValsalva,1,SBP,train,1,postExerciseHgcp,218,219,219,1,2,subject1_day1_setup01_baseline,127.297307706318,127.297307706318,0.0,32,16
3,SingleTrain_WithBaseValsalva,1,SBP,train,1,postExerciseHgcp,219,220,220,1,2,subject1_day1_setup01_baseline,127.196344554711,127.196344554711,0.0,32,16
3,SingleTrain_WithBaseValsalva,1,SBP,train,1,postExerciseHgcp,220,221,221,1,2,subject1_day1_setup01_baseline,126.78542385083,126.78542385083,0.0,32,16
3,SingleTrain_WithBaseValsalva,1,SBP,train,1,postExerciseHgcp,221,222,222,1,2,subject1_day1_setup01_baseline,126.391364611798,126.391364611798,0.0,32,16
3,SingleTrain_WithBaseValsalva,1,SBP,train,1,postExerciseHgcp,222,223,223,1,2,subject1_day1_setup01_baseline,126.295215665898,126.295215665898,0.0,32,16
3,SingleTrain_WithBaseValsalva,1,SBP,train,1,postExerciseHgcp,223,224,224,1,2,subject1_day1_setup01_baseline,126.235100019066,126.235100019066,0.0,32,16
3,SingleTrain_WithBaseValsalva,1,SBP,train,1,postExerciseHgcp,224,225,225,1,2,subject1_day1_setup01_baseline,125.790225734206,126.235100019066,0.44487428485999203,32,16
3,SingleTrain_WithBaseValsalva,1,SBP,train,1,postExerciseHgcp,225,226,226,1,2,subject1_day1_setup01_baseline,125.092673891688,125.092673891688,0.0,32,16
3,SingleTrain_WithBaseValsalva,1,SBP,train,1,postExerciseHgcp,226,227,227,1,2,subject1_day1_setup01_baseline,124.465173165952,124.465173165952,0.0,32,16
3,SingleTrain_WithBaseValsalva,1,SBP,train,1,postExerciseHgcp,227,228,228,1,2,subject1_day1_setup01_baseline,124.167122278027,124.167122278027,0.0,32,16
3,SingleTrain_WithBaseValsalva,1,SBP,train,1,postExerciseHgcp,228,229,229,1,2,subject1_day1_setup01_baseline,123.947494244294,123.947494244294,0.0,32,16
3,SingleTrain_WithBaseValsalva,1,SBP,train,1,postExerciseHgcp,229,230,230,1,2,subject1_day1_setup01_baseline,123.482007046393,123.482007046393,0.0,32,16
3,SingleTrain_WithBaseValsalva,1,SBP,train,1,postExerciseHgcp,230,231,231,1,2,subject1_day1_setup01_baseline,122.981113558804,122.981113558804,0.0,32,16
3,SingleTrain_WithBaseValsalva,1,SBP,train,1,postExerciseHgcp,231,232,232,1,2,subject1_day1_setup01_baseline,122.738478189701,122.738478189701,0.0,32,16
3,SingleTrain_WithBaseValsalva,1,SBP,train,1,postExerciseHgcp,232,233,233,1,2,subject1_day1_setup01_baseline,122.58216706367,122.58216706367,0.0,32,16
3,SingleTrain_WithBaseValsalva,1,SBP,train,1,postExerciseHgcp,233,234,234,1,2,subject1_day1_setup01_baseline,122.198438036241,122.198438036241,0.0,32,16
3,SingleTrain_WithBaseValsalva,1,SBP,train,1,postExerciseHgcp,234,235,235,1,2,subject1_day1_setup01_baseline,121.673948887362,121.673948887362,0.0,32,16
3,SingleTrain_WithBaseValsalva,1,SBP,train,1,postExerciseHgcp,235,236,236,1,2,subject1_day1_setup01_baseline,121.373035069185,121.373035069185,0.0,32,16
3,SingleTrain_WithBaseValsalva,1,SBP,train,1,postExerciseHgcp,236,237,237,1,2,subject1_day1_setup01_baseline,121.327058111113,121.327058111113,0.0,32,16
3,SingleTrain_WithBaseValsalva,1,SBP,train,1,postExerciseHgcp,237,238,238,1,2,subject1_day1_setup01_baseline,121.238989062014,121.238989062014,0.0,32,16
3,SingleTrain_WithBaseValsalva,1,SBP,train,1,postExerciseHgcp,238,239,239,1,2,subject1_day1_setup01_baseline,120.973079301989,120.973079301989,0.0,32,16
3,SingleTrain_WithBaseValsalva,1,SBP,train,1,postExerciseHgcp,239,240,240,1,2,subject1_day1_setup01_baseline,120.782102888117,120.823019886467,0.04091699834999929,32,16
3,SingleTrain_WithBaseValsalva,1,SBP,train,1,postExerciseHgcp,240,241,241,1,2,subject1_day1_setup01_baseline,120.852666835076,120.852666835076,0.0,32,16
3,SingleTrain_WithBaseValsalva,1,SBP,train,1,postExerciseHgcp,241,242,242,1,2,subject1_day1_setup01_baseline,120.823019886467,120.823019886467,0.0,32,16
3,SingleTrain_WithBaseValsalva,1,SBP,train,1,postExerciseHgcp,242,243,243,1,2,subject1_day1_setup01_baseline,120.553381109819,120.553381109819,0.0,32,16
3,SingleTrain_WithBaseValsalva,1,SBP,train,1,postExerciseHgcp,243,244,244,1,2,subject1_day1_setup01_baseline,120.299533276374,120.304342079145,0.0048088027709951575,32,16
3,SingleTrain_WithBaseValsalva,1,SBP,train,1,postExerciseHgcp,244,245,245,1,2,subject1_day1_setup01_baseline,120.304342079145,120.309829677624,0.00548759847899305,32,16
3,SingleTrain_WithBaseValsalva,1,SBP,train,1,postExerciseHgcp,245,246,246,1,2,subject1_day1_setup01_baseline,120.309829677624,120.304342079145,-0.00548759847899305,32,16
3,SingleTrain_WithBaseValsalva,1,SBP,train,1,postExerciseHgcp,246,247,247,1,2,subject1_day1_setup01_baseline,120.171572988109,120.171572988109,0.0,32,16
3,SingleTrain_WithBaseValsalva,1,SBP,train,1,postExerciseHgcp,247,248,248,1,2,subject1_day1_setup01_baseline,119.996451069317,120.2494384800411,0.2529874107241028,32,16
3,SingleTrain_WithBaseValsalva,1,SBP,train,1,postExerciseHgcp,248,249,249,1,2,subject1_day1_setup01_baseline,120.040653626857,120.20576089451,0.1651072676529992,32,16
3,SingleTrain_WithBaseValsalva,1,SBP,train,1,postExerciseHgcp,249,250,250,1,2,subject1_day1_setup01_baseline,120.20576089451,120.2494384800411,0.043677585531114005,32,16
3,SingleTrain_WithBaseValsalva,1,SBP,train,1,postExerciseHgcp,250,251,251,1,2,subject1_day1_setup01_baseline,120.290077029306,120.290077029306,0.0,32,16
3,SingleTrain_WithBaseValsalva,1,SBP,train,1,postExerciseHgcp,251,252,252,1,2,subject1_day1_setup01_baseline,120.29272176228,120.29272176228001,1.4210854715202004e-14,32,16
3,SingleTrain_WithBaseValsalva,1,SBP,train,1,postExerciseHgcp,252,253,253,1,2,subject1_day1_setup01_baseline,120.233184255451,120.290077029306,0.05689277385501157,32,16
3,SingleTrain_WithBaseValsalva,1,SBP,train,1,postExerciseHgcp,253,254,254,1,2,subject1_day1_setup01_baseline,120.331404590322,120.290077029306,-0.04132756101599,32,16
3,SingleTrain_WithBaseValsalva,1,SBP,train,1,postExerciseHgcp,254,255,255,1,2,subject1_day1_setup01_baseline,120.592666808014,120.592666808014,0.0,32,16
3,SingleTrain_WithBaseValsalva,1,SBP,train,1,postExerciseHgcp,255,256,256,1,2,subject1_day1_setup01_baseline,120.699360079114,120.699360079114,0.0,32,16
3,SingleTrain_WithBaseValsalva,1,SBP,train,1,postExerciseHgcp,256,257,257,1,2,subject1_day1_setup01_baseline,120.665560487469,120.665560487469,0.0,32,16
3,SingleTrain_WithBaseValsalva,1,SBP,train,1,postExerciseHgcp,257,258,258,1,2,subject1_day1_setup01_baseline,120.660755505409,120.660755505409,0.0,32,16
3,SingleTrain_WithBaseValsalva,1,SBP,train,1,postExerciseHgcp,258,259,259,1,2,subject1_day1_setup01_baseline,120.797597111593,120.699360079114,-0.09823703247900539,32,16
3,SingleTrain_WithBaseValsalva,1,SBP,train,1,postExerciseHgcp,276,277,277,2,3,subject1_day1_setup02_hgcp,116.13755292844,116.13755292844,0.0,32,16
3,SingleTrain_WithBaseValsalva,1,SBP,train,1,postExerciseHgcp,277,278,278,2,3,subject1_day1_setup02_hgcp,116.51917561375,116.51917561375,0.0,32,16
3,SingleTrain_WithBaseValsalva,1,SBP,train,1,postExerciseHgcp,278,279,279,2,3,subject1_day1_setup02_hgcp,116.865231029435,116.865231029435,0.0,32,16
3,SingleTrain_WithBaseValsalva,1,SBP,train,1,postExerciseHgcp,279,280,280,2,3,subject1_day1_setup02_hgcp,117.345861550235,117.345861550235,0.0,32,16
3,SingleTrain_WithBaseValsalva,1,SBP,train,1,postExerciseHgcp,280,281,281,2,3,subject1_day1_setup02_hgcp,118.077813815803,118.077813815803,0.0,32,16
3,SingleTrain_WithBaseValsalva,1,SBP,train,1,postExerciseHgcp,281,282,282,2,3,subject1_day1_setup02_hgcp,119.526355021188,119.526355021188,0.0,32,16
3,SingleTrain_WithBaseValsalva,1,SBP,train,1,postExerciseHgcp,282,283,283,2,3,subject1_day1_setup02_hgcp,120.47785162991,120.47785162991,0.0,32,16
3,SingleTrain_WithBaseValsalva,1,SBP,train,1,postExerciseHgcp,284,285,285,2,3,subject1_day1_setup02_hgcp,121.580746408557,121.580746408557,0.0,32,16
3,SingleTrain_WithBaseValsalva,1,SBP,train,1,postExerciseHgcp,285,286,286,2,3,subject1_day1_setup02_hgcp,121.889568705162,121.889568705162,0.0,32,16
3,SingleTrain_WithBaseValsalva,1,SBP,train,1,postExerciseHgcp,286,287,287,2,3,subject1_day1_setup02_hgcp,122.070738797808,122.070738797808,0.0,32,16
3,SingleTrain_WithBaseValsalva,1,SBP,train,1,postExerciseHgcp,287,288,288,2,3,subject1_day1_setup02_hgcp,122.34998242995,122.34998242995,0.0,32,16
3,SingleTrain_WithBaseValsalva,1,SBP,train,1,postExerciseHgcp,289,290,290,2,3,subject1_day1_setup02_hgcp,122.165392836414,122.165392836414,0.0,32,16
3,SingleTrain_WithBaseValsalva,1,SBP,train,1,postExerciseHgcp,291,292,292,2,3,subject1_day1_setup02_hgcp,123.129025496973,123.129025496973,0.0,32,16
3,SingleTrain_WithBaseValsalva,1,SBP,train,1,postExerciseHgcp,292,293,293,2,3,subject1_day1_setup02_hgcp,122.742402246147,122.742402246147,0.0,32,16
3,SingleTrain_WithBaseValsalva,1,SBP,train,1,postExerciseHgcp,293,294,294,2,3,subject1_day1_setup02_hgcp,123.77728177321,123.77728177321,0.0,32,16
3,SingleTrain_WithBaseValsalva,1,SBP,train,1,postExerciseHgcp,294,295,295,2,3,subject1_day1_setup02_hgcp,124.911322969185,124.911322969185,0.0,32,16
3,SingleTrain_WithBaseValsalva,1,SBP,train,1,postExerciseHgcp,295,296,296,2,3,subject1_day1_setup02_hgcp,125.98947238957,125.98947238957,0.0,32,16
3,SingleTrain_WithBaseValsalva,1,SBP,train,1,postExerciseHgcp,296,297,297,2,3,subject1_day1_setup02_hgcp,126.721200140021,126.892719828013,0.1715196879920029,32,16
3,SingleTrain_WithBaseValsalva,1,SBP,train,1,postExerciseHgcp,297,298,298,2,3,subject1_day1_setup02_hgcp,127.163907671914,127.645458821555,0.48155114964099255,32,16
3,SingleTrain_WithBaseValsalva,1,SBP,train,1,postExerciseHgcp,298,299,299,2,3,subject1_day1_setup02_hgcp,127.645458821555,128.119204720579,0.47374589902401,32,16
3,SingleTrain_WithBaseValsalva,1,SBP,train,1,postExerciseHgcp,299,300,300,2,3,subject1_day1_setup02_hgcp,128.119204720579,128.119204720579,0.0,32,16
3,SingleTrain_WithBaseValsalva,1,SBP,train,1,postExerciseHgcp,300,301,301,2,3,subject1_day1_setup02_hgcp,128.401224461151,128.149104978208,-0.2521194829430158,32,16
3,SingleTrain_WithBaseValsalva,1,SBP,train,1,postExerciseHgcp,301,302,302,2,3,subject1_day1_setup02_hgcp,128.064567591115,128.119204720579,0.054637129463998235,32,16
3,SingleTrain_WithBaseValsalva,1,SBP,train,1,postExerciseHgcp,302,303,303,2,3,subject1_day1_setup02_hgcp,128.235565423538,128.235565423538,0.0,32,16
3,SingleTrain_WithBaseValsalva,1,SBP,train,1,postExerciseHgcp,303,304,304,2,3,subject1_day1_setup02_hgcp,128.379697994164,128.379697994164,0.0,32,16
3,SingleTrain_WithBaseValsalva,1,SBP,train,1,postExerciseHgcp,304,305,305,2,3,subject1_day1_setup02_hgcp,128.557073892678,128.557073892678,0.0,32,16
3,SingleTrain_WithBaseValsalva,1,SBP,train,1,postExerciseHgcp,305,306,306,2,3,subject1_day1_setup02_hgcp,129.054383266069,129.054383266069,0.0,32,16
3,SingleTrain_WithBaseValsalva,1,SBP,train,1,postExerciseHgcp,306,307,307,2,3,subject1_day1_setup02_hgcp,129.783363256347,129.783363256347,0.0,32,16
3,SingleTrain_WithBaseValsalva,1,SBP,train,1,postExerciseHgcp,307,308,308,2,3,subject1_day1_setup02_hgcp,130.339043589069,130.339043589069,0.0,32,16
3,SingleTrain_WithBaseValsalva,1,SBP,train,1,postExerciseHgcp,308,309,309,2,3,subject1_day1_setup02_hgcp,130.630567278556,130.339043589069,-0.29152368948697926,32,16
3,SingleTrain_WithBaseValsalva,1,SBP,train,1,postExerciseHgcp,309,310,310,2,3,subject1_day1_setup02_hgcp,131.050974825252,131.050974825252,0.0,32,16
3,SingleTrain_WithBaseValsalva,1,SBP,train,1,postExerciseHgcp,310,311,311,2,3,subject1_day1_setup02_hgcp,130.938430027055,130.938430027055,0.0,32,16
3,SingleTrain_WithBaseValsalva,1,SBP,train,1,postExerciseHgcp,311,312,312,2,3,subject1_day1_setup02_hgcp,130.587420099015,130.938430027055,0.3510099280400141,32,16
3,SingleTrain_WithBaseValsalva,1,SBP,train,1,postExerciseHgcp,312,313,313,2,3,subject1_day1_setup02_hgcp,131.198541309582,131.198541309582,0.0,32,16
3,SingleTrain_WithBaseValsalva,1,SBP,train,1,postExerciseHgcp,313,314,314,2,3,subject1_day1_setup02_hgcp,130.573181218964,130.587420099015,0.014238880050982061,32,16
3,SingleTrain_WithBaseValsalva,1,SBP,train,1,postExerciseHgcp,314,315,315,2,3,subject1_day1_setup02_hgcp,129.988350602588,129.988350602588,0.0,32,16
3,SingleTrain_WithBaseValsalva,1,SBP,train,1,postExerciseHgcp,315,316,316,2,3,subject1_day1_setup02_hgcp,129.351141935614,129.351141935614,0.0,32,16
3,SingleTrain_WithBaseValsalva,1,SBP,train,1,postExerciseHgcp,316,317,317,2,3,subject1_day1_setup02_hgcp,129.266715548954,129.478913553066,0.21219800411199685,32,16
3,SingleTrain_WithBaseValsalva,1,SBP,train,1,postExerciseHgcp,317,318,318,2,3,subject1_day1_setup02_hgcp,129.478913553066,129.478913553066,0.0,32,16
3,SingleTrain_WithBaseValsalva,1,SBP,train,1,postExerciseHgcp,318,319,319,2,3,subject1_day1_setup02_hgcp,129.822280024087,129.822280024087,0.0,32,16
3,SingleTrain_WithBaseValsalva,1,SBP,train,1,postExerciseHgcp,319,320,320,2,3,subject1_day1_setup02_hgcp,130.111632754692,130.111632754692,0.0,32,16
3,SingleTrain_WithBaseValsalva,1,SBP,train,1,postExerciseHgcp,320,321,321,2,3,subject1_day1_setup02_hgcp,130.586782580512,130.53901890255779,-0.047763677954208106,32,16
3,SingleTrain_WithBaseValsalva,1,SBP,train,1,postExerciseHgcp,321,322,322,2,3,subject1_day1_setup02_hgcp,131.152092993588,131.152092993588,0.0,32,16
3,SingleTrain_WithBaseValsalva,1,SBP,train,1,postExerciseHgcp,322,323,323,2,3,subject1_day1_setup02_hgcp,131.566217038904,131.566217038904,0.0,32,16
3,SingleTrain_WithBaseValsalva,1,SBP,train,1,postExerciseHgcp,323,324,324,2,3,subject1_day1_setup02_hgcp,131.578349965088,131.383355552009,-0.19499441307900156,32,16
3,SingleTrain_WithBaseValsalva,1,SBP,train,1,postExerciseHgcp,324,325,325,2,3,subject1_day1_setup02_hgcp,131.550441695195,131.383355552009,-0.16708614318599757,32,16
3,SingleTrain_WithBaseValsalva,1,SBP,train,1,postExerciseHgcp,325,326,326,2,3,subject1_day1_setup02_hgcp,131.383355552009,131.383355552009,0.0,32,16
3,SingleTrain_WithBaseValsalva,1,SBP,train,1,postExerciseHgcp,326,327,327,2,3,subject1_day1_setup02_hgcp,130.854381492154,130.854381492154,0.0,32,16
3,SingleTrain_WithBaseValsalva,1,SBP,train,1,postExerciseHgcp,327,328,328,2,3,subject1_day1_setup02_hgcp,130.445427039587,130.445427039587,0.0,32,16
3,SingleTrain_WithBaseValsalva,1,SBP,train,1,postExerciseHgcp,328,329,329,2,3,subject1_day1_setup02_hgcp,130.383682363864,130.383682363864,0.0,32,16
3,SingleTrain_WithBaseValsalva,1,SBP,train,1,postExerciseHgcp,329,330,330,2,3,subject1_day1_setup02_hgcp,130.177864712164,130.177864712164,0.0,32,16
3,SingleTrain_WithBaseValsalva,1,SBP,train,1,postExerciseHgcp,330,331,331,2,3,subject1_day1_setup02_hgcp,129.940870636378,130.07023187495,0.12936123857198822,32,16
3,SingleTrain_WithBaseValsalva,1,SBP,train,1,postExerciseHgcp,331,332,332,2,3,subject1_day1_setup02_hgcp,130.070795589125,130.070795589125,0.0,32,16
3,SingleTrain_WithBaseValsalva,1,SBP,train,1,postExerciseHgcp,332,333,333,2,3,subject1_day1_setup02_hgcp,130.07023187495,130.07023187495,0.0,32,16
3,SingleTrain_WithBaseValsalva,1,SBP,train,1,postExerciseHgcp,339,340,340,2,3,subject1_day1_setup02_hgcp,127.807492126557,127.807492126557,0.0,32,16
3,SingleTrain_WithBaseValsalva,1,SBP,train,1,postExerciseHgcp,340,341,341,2,3,subject1_day1_setup02_hgcp,127.231809100143,127.231809100143,0.0,32,16
3,SingleTrain_WithBaseValsalva,1,SBP,train,1,postExerciseHgcp,342,343,343,2,3,subject1_day1_setup02_hgcp,125.831920804794,125.831920804794,0.0,32,16
3,SingleTrain_WithBaseValsalva,1,SBP,train,1,postExerciseHgcp,343,344,344,2,3,subject1_day1_setup02_hgcp,125.922661786155,125.922661786155,0.0,32,16
3,SingleTrain_WithBaseValsalva,1,SBP,train,1,postExerciseHgcp,344,345,345,2,3,subject1_day1_setup02_hgcp,126.00163030316,126.00163030316,0.0,32,16
3,SingleTrain_WithBaseValsalva,1,SBP,train,1,postExerciseHgcp,345,346,346,2,3,subject1_day1_setup02_hgcp,126.029429573364,126.029429573364,0.0,32,16
3,SingleTrain_WithBaseValsalva,1,SBP,train,1,postExerciseHgcp,346,347,347,2,3,subject1_day1_setup02_hgcp,126.315098347309,126.315098347309,0.0,32,16
3,SingleTrain_WithBaseValsalva,1,SBP,train,1,postExerciseHgcp,350,351,351,2,3,subject1_day1_setup02_hgcp,128.577738208189,128.577738208189,0.0,32,16
3,SingleTrain_WithBaseValsalva,1,SBP,train,1,postExerciseHgcp,360,361,361,2,3,subject1_day1_setup02_hgcp,135.533521112219,135.533521112219,0.0,32,16
3,SingleTrain_WithBaseValsalva,1,SBP,train,1,postExerciseHgcp,376,377,377,2,3,subject1_day1_setup02_hgcp,139.833990220589,139.833990220589,0.0,32,16
3,SingleTrain_WithBaseValsalva,1,SBP,train,1,postExerciseHgcp,399,400,400,2,4,subject1_day1_setup02_hgcp,141.878220812094,141.878220812094,0.0,32,16
3,SingleTrain_WithBaseValsalva,1,SBP,train,1,postExerciseHgcp,559,560,560,2,5,subject1_day1_setup02_hgcp,125.636338563661,125.636338563661,0.0,32,16
3,SingleTrain_WithBaseValsalva,1,SBP,train,1,postExerciseHgcp,560,561,561,2,5,subject1_day1_setup02_hgcp,125.241175873144,125.241175873144,0.0,32,16
3,SingleTrain_WithBaseValsalva,1,SBP,train,1,postExerciseHgcp,561,562,562,2,5,subject1_day1_setup02_hgcp,124.970035020105,124.970035020105,0.0,32,16
3,SingleTrain_WithBaseValsalva,1,SBP,train,1,postExerciseHgcp,562,563,563,2,5,subject1_day1_setup02_hgcp,124.970778981194,124.970778981194,0.0,32,16
3,SingleTrain_WithBaseValsalva,1,SBP,train,1,postExerciseHgcp,563,564,564,2,5,subject1_day1_setup02_hgcp,127.006005125935,127.006005125935,0.0,32,16
3,SingleTrain_WithBaseValsalva,1,SBP,train,1,postExerciseHgcp,564,565,565,2,5,subject1_day1_setup02_hgcp,129.141909112207,129.141909112207,0.0,32,16
3,SingleTrain_WithBaseValsalva,1,SBP,train,1,postExerciseHgcp,565,566,566,2,5,subject1_day1_setup02_hgcp,131.059402501438,131.059402501438,0.0,32,16
3,SingleTrain_WithBaseValsalva,1,SBP,train,1,postExerciseHgcp,566,567,567,2,5,subject1_day1_setup02_hgcp,132.503580968214,132.503580968214,0.0,32,16
3,SingleTrain_WithBaseValsalva,1,SBP,train,1,postExerciseHgcp,567,568,568,2,5,subject1_day1_setup02_hgcp,133.55012810645,133.55012810645,0.0,32,16
3,SingleTrain_WithBaseValsalva,1,SBP,train,1,postExerciseHgcp,568,569,569,2,5,subject1_day1_setup02_hgcp,134.398380480559,134.398380480559,0.0,32,16
3,SingleTrain_WithBaseValsalva,1,SBP,train,1,postExerciseHgcp,569,570,570,2,5,subject1_day1_setup02_hgcp,134.866105506373,134.866105506373,0.0,32,16
3,SingleTrain_WithBaseValsalva,1,SBP,train,1,postExerciseHgcp,570,571,571,2,5,subject1_day1_setup02_hgcp,135.153505464894,135.15350546489395,-5.684341886080802e-14,32,16
3,SingleTrain_WithBaseValsalva,1,SBP,train,1,postExerciseHgcp,571,572,572,2,5,subject1_day1_setup02_hgcp,135.674438440969,135.674438440969,0.0,32,16
3,SingleTrain_WithBaseValsalva,1,SBP,train,1,postExerciseHgcp,572,573,573,2,5,subject1_day1_setup02_hgcp,136.462737252541,136.462737252541,0.0,32,16
3,SingleTrain_WithBaseValsalva,1,SBP,train,1,postExerciseHgcp,573,574,574,2,5,subject1_day1_setup02_hgcp,137.353916773756,137.353916773756,0.0,32,16
3,SingleTrain_WithBaseValsalva,1,SBP,train,1,postExerciseHgcp,574,575,575,2,5,subject1_day1_setup02_hgcp,138.337214010653,138.337214010653,0.0,32,16
3,SingleTrain_WithBaseValsalva,1,SBP,train,1,postExerciseHgcp,575,576,576,2,5,subject1_day1_setup02_hgcp,139.304226835179,139.304226835179,0.0,32,16
3,SingleTrain_WithBaseValsalva,1,SBP,train,1,postExerciseHgcp,576,577,577,2,5,subject1_day1_setup02_hgcp,140.139019409076,140.139019409076,0.0,32,16
3,SingleTrain_WithBaseValsalva,1,SBP,train,1,postExerciseHgcp,577,578,578,2,5,subject1_day1_setup02_hgcp,141.193595765449,141.193595765449,0.0,32,16
3,SingleTrain_WithBaseValsalva,1,SBP,train,1,postExerciseHgcp,578,579,579,2,5,subject1_day1_setup02_hgcp,142.121278346095,142.121278346095,0.0,32,16
3,SingleTrain_WithBaseValsalva,1,SBP,train,1,postExerciseHgcp,579,580,580,2,5,subject1_day1_setup02_hgcp,143.152274575909,143.152274575909,0.0,32,16
3,SingleTrain_WithBaseValsalva,1,SBP,train,1,postExerciseHgcp,580,581,581,2,5,subject1_day1_setup02_hgcp,144.278056913131,144.278056913131,0.0,32,16
3,SingleTrain_WithBaseValsalva,1,SBP,train,1,postExerciseHgcp,581,582,582,2,5,subject1_day1_setup02_hgcp,145.306580553437,144.992273517548,-0.31430703588898723,32,16
3,SingleTrain_WithBaseValsalva,1,SBP,train,1,postExerciseHgcp,582,583,583,2,5,subject1_day1_setup02_hgcp,146.15269975292,146.15269975292,0.0,32,16
3,SingleTrain_WithBaseValsalva,1,SBP,train,1,postExerciseHgcp,583,584,584,2,5,subject1_day1_setup02_hgcp,144.992273517548,144.992273517548,0.0,32,16
3,SingleTrain_WithBaseValsalva,1,SBP,train,1,postExerciseHgcp,584,585,585,2,5,subject1_day1_setup02_hgcp,144.138179931848,144.138179931848,0.0,32,16
3,SingleTrain_WithBaseValsalva,1,SBP,train,1,postExerciseHgcp,585,586,586,2,5,subject1_day1_setup02_hgcp,143.631620291637,143.631620291637,0.0,32,16
3,SingleTrain_WithBaseValsalva,1,SBP,train,1,postExerciseHgcp,586,587,587,2,5,subject1_day1_setup02_hgcp,143.166307048113,143.166307048113,0.0,32,16
3,SingleTrain_WithBaseValsalva,1,SBP,train,1,postExerciseHgcp,587,588,588,2,5,subject1_day1_setup02_hgcp,142.613526817023,142.613526817023,0.0,32,16
3,SingleTrain_WithBaseValsalva,1,SBP,train,1,postExerciseHgcp,588,589,589,2,5,subject1_day1_setup02_hgcp,141.935628008514,141.935628008514,0.0,32,16
3,SingleTrain_WithBaseValsalva,1,SBP,train,1,postExerciseHgcp,589,590,590,2,5,subject1_day1_setup02_hgcp,141.481346592414,141.481346592414,0.0,32,16
3,SingleTrain_WithBaseValsalva,1,SBP,train,1,postExerciseHgcp,590,591,591,2,5,subject1_day1_setup02_hgcp,140.911589842362,140.911589842362,0.0,32,16
3,SingleTrain_WithBaseValsalva,1,SBP,train,1,postExerciseHgcp,591,592,592,2,5,subject1_day1_setup02_hgcp,140.186527730096,140.186527730096,0.0,32,16
3,SingleTrain_WithBaseValsalva,1,SBP,train,1,postExerciseHgcp,592,593,593,2,5,subject1_day1_setup02_hgcp,139.333125993345,139.333125993345,0.0,32,16
3,SingleTrain_WithBaseValsalva,1,SBP,train,1,postExerciseHgcp,593,594,594,2,5,subject1_day1_setup02_hgcp,138.511821950161,138.511821950161,0.0,32,16
3,SingleTrain_WithBaseValsalva,1,SBP,train,1,postExerciseHgcp,594,595,595,2,5,subject1_day1_setup02_hgcp,137.860911709781,137.860911709781,0.0,32,16
3,SingleTrain_WithBaseValsalva,1,SBP,train,1,postExerciseHgcp,595,596,596,2,5,subject1_day1_setup02_hgcp,137.531691808826,137.531691808826,0.0,32,16
3,SingleTrain_WithBaseValsalva,1,SBP,train,1,postExerciseHgcp,596,597,597,2,5,subject1_day1_setup02_hgcp,137.329794693691,137.329794693691,0.0,32,16
3,SingleTrain_WithBaseValsalva,1,SBP,train,1,postExerciseHgcp,597,598,598,2,5,subject1_day1_setup02_hgcp,137.128378370455,137.329794693691,0.20141632323600334,32,16
3,SingleTrain_WithBaseValsalva,1,SBP,train,1,postExerciseHgcp,598,599,599,2,5,subject1_day1_setup02_hgcp,137.250090393159,137.250090393159,0.0,32,16
3,SingleTrain_WithBaseValsalva,1,SBP,train,1,postExerciseHgcp,599,600,600,2,5,subject1_day1_setup02_hgcp,137.38809691876,137.38809691876,0.0,32,16
3,SingleTrain_WithBaseValsalva,1,SBP,train,1,postExerciseHgcp,600,601,601,2,5,subject1_day1_setup02_hgcp,137.4290928291,137.4290928291,0.0,32,16
3,SingleTrain_WithBaseValsalva,1,SBP,train,1,postExerciseHgcp,601,602,602,2,5,subject1_day1_setup02_hgcp,137.331081026437,137.331081026437,0.0,32,16
3,SingleTrain_WithBaseValsalva,1,SBP,train,1,postExerciseHgcp,602,603,603,2,5,subject1_day1_setup02_hgcp,137.400512810835,137.400512810835,0.0,32,16
3,SingleTrain_WithBaseValsalva,1,SBP,train,1,postExerciseHgcp,603,604,604,2,5,subject1_day1_setup02_hgcp,137.323118962252,137.323118962252,0.0,32,16
3,SingleTrain_WithBaseValsalva,1,SBP,train,1,postExerciseHgcp,604,605,605,2,5,subject1_day1_setup02_hgcp,137.029699041735,136.650116911677,-0.37958213005799735,32,16
3,SingleTrain_WithBaseValsalva,1,SBP,train,1,postExerciseHgcp,605,606,606,2,5,subject1_day1_setup02_hgcp,136.650116911677,136.650116911677,0.0,32,16
3,SingleTrain_WithBaseValsalva,1,SBP,train,1,postExerciseHgcp,606,607,607,2,5,subject1_day1_setup02_hgcp,136.374587073538,136.374587073538,0.0,32,16
3,SingleTrain_WithBaseValsalva,1,SBP,train,1,postExerciseHgcp,607,608,608,2,5,subject1_day1_setup02_hgcp,136.234455501715,136.374587073538,0.14013157182301939,32,16
3,SingleTrain_WithBaseValsalva,1,SBP,train,1,postExerciseHgcp,608,609,609,2,5,subject1_day1_setup02_hgcp,136.159564054625,136.159564054625,0.0,32,16
3,SingleTrain_WithBaseValsalva,1,SBP,train,1,postExerciseHgcp,609,610,610,2,5,subject1_day1_setup02_hgcp,135.904258224944,136.159564054625,0.25530582968102067,32,16
3,SingleTrain_WithBaseValsalva,1,SBP,train,1,postExerciseHgcp,610,611,611,2,5,subject1_day1_setup02_hgcp,136.006555081936,136.006555081936,0.0,32,16
3,SingleTrain_WithBaseValsalva,1,SBP,train,1,postExerciseHgcp,611,612,612,2,5,subject1_day1_setup02_hgcp,136.422581769696,136.422581769696,0.0,32,16
3,SingleTrain_WithBaseValsalva,1,SBP,train,1,postExerciseHgcp,612,613,613,2,5,subject1_day1_setup02_hgcp,136.620387594224,136.620387594224,0.0,32,16
3,SingleTrain_WithBaseValsalva,1,SBP,train,1,postExerciseHgcp,613,614,614,2,5,subject1_day1_setup02_hgcp,136.754114906657,136.754114906657,0.0,32,16
3,SingleTrain_WithBaseValsalva,1,SBP,train,1,postExerciseHgcp,614,615,615,2,5,subject1_day1_setup02_hgcp,137.025343164719,136.867322780306,-0.1580203844129926,32,16
3,SingleTrain_WithBaseValsalva,1,SBP,train,1,postExerciseHgcp,615,616,616,2,5,subject1_day1_setup02_hgcp,137.147510894138,137.04554472108467,-0.10196617305334144,32,16
3,SingleTrain_WithBaseValsalva,1,SBP,train,1,postExerciseHgcp,616,617,617,2,5,subject1_day1_setup02_hgcp,137.085947833816,136.92945278636049,-0.15649504745550757,32,16
3,SingleTrain_WithBaseValsalva,1,SBP,train,1,postExerciseHgcp,617,618,618,2,5,subject1_day1_setup02_hgcp,137.191982116188,137.147510894138,-0.04447122204999232,32,16
3,SingleTrain_WithBaseValsalva,1,SBP,train,1,postExerciseHgcp,618,619,619,2,5,subject1_day1_setup02_hgcp,137.170131377624,137.170131377624,0.0,32,16
3,SingleTrain_WithBaseValsalva,1,SBP,train,1,postExerciseHgcp,619,620,620,2,5,subject1_day1_setup02_hgcp,137.024992900543,137.024992900543,0.0,32,16
3,SingleTrain_WithBaseValsalva,1,SBP,train,1,postExerciseHgcp,620,621,621,2,5,subject1_day1_setup02_hgcp,136.814754151323,136.814754151323,0.0,32,16
3,SingleTrain_WithBaseValsalva,1,SBP,train,1,postExerciseHgcp,621,622,622,2,5,subject1_day1_setup02_hgcp,136.762455679738,136.810523450642,0.04806777090399805,32,16
3,SingleTrain_WithBaseValsalva,1,SBP,train,1,postExerciseHgcp,622,623,623,2,5,subject1_day1_setup02_hgcp,136.810523450642,136.810523450642,0.0,32,16
3,SingleTrain_WithBaseValsalva,1,SBP,train,1,postExerciseHgcp,623,624,624,2,5,subject1_day1_setup02_hgcp,136.917126124851,136.917126124851,0.0,32,16
3,SingleTrain_WithBaseValsalva,1,SBP,train,1,postExerciseHgcp,624,625,625,2,5,subject1_day1_setup02_hgcp,136.868097963229,136.868097963229,0.0,32,16
3,SingleTrain_WithBaseValsalva,1,SBP,train,1,postExerciseHgcp,625,626,626,2,5,subject1_day1_setup02_hgcp,136.425716886945,136.425716886945,0.0,32,16
3,SingleTrain_WithBaseValsalva,1,SBP,train,1,postExerciseHgcp,626,627,627,2,5,subject1_day1_setup02_hgcp,135.826935693905,135.826935693905,0.0,32,16
3,SingleTrain_WithBaseValsalva,1,SBP,train,1,postExerciseHgcp,627,628,628,2,5,subject1_day1_setup02_hgcp,134.925510033886,134.925510033886,0.0,32,16
3,SingleTrain_WithBaseValsalva,1,SBP,train,1,postExerciseHgcp,628,629,629,2,5,subject1_day1_setup02_hgcp,133.876328249556,133.876328249556,0.0,32,16
3,SingleTrain_WithBaseValsalva,1,SBP,train,1,postExerciseHgcp,629,630,630,2,5,subject1_day1_setup02_hgcp,132.802770523238,132.802770523238,0.0,32,16
3,SingleTrain_WithBaseValsalva,1,SBP,train,1,postExerciseHgcp,630,631,631,2,5,subject1_day1_setup02_hgcp,131.697588347783,131.697588347783,0.0,32,16
3,SingleTrain_WithBaseValsalva,1,SBP,train,1,postExerciseHgcp,631,632,632,2,5,subject1_day1_setup02_hgcp,130.577474926021,130.577474926021,0.0,32,16
3,SingleTrain_WithBaseValsalva,1,SBP,train,1,postExerciseHgcp,632,633,633,2,5,subject1_day1_setup02_hgcp,130.378840178563,130.378840178563,0.0,32,16
3,SingleTrain_WithBaseValsalva,1,SBP,train,1,postExerciseHgcp,633,634,634,2,5,subject1_day1_setup02_hgcp,130.259333264201,130.259333264201,0.0,32,16
3,SingleTrain_WithBaseValsalva,1,SBP,train,1,postExerciseHgcp,634,635,635,2,5,subject1_day1_setup02_hgcp,130.080170936608,130.080170936608,0.0,32,16
3,SingleTrain_WithBaseValsalva,1,SBP,train,1,postExerciseHgcp,635,636,636,2,5,subject1_day1_setup02_hgcp,129.905949884016,129.905949884016,0.0,32,16
3,SingleTrain_WithBaseValsalva,1,SBP,train,1,postExerciseHgcp,636,637,637,2,5,subject1_day1_setup02_hgcp,129.650466393952,129.650466393952,0.0,32,16
3,SingleTrain_WithBaseValsalva,1,SBP,train,1,postExerciseHgcp,638,639,639,2,5,subject1_day1_setup02_hgcp,130.66032392681,130.66032392681,0.0,32,16
3,SingleTrain_WithBaseValsalva,1,SBP,train,1,postExerciseHgcp,639,640,640,2,5,subject1_day1_setup02_hgcp,130.593900578239,130.593900578239,0.0,32,16
3,SingleTrain_WithBaseValsalva,1,SBP,train,1,postExerciseHgcp,646,647,647,2,5,subject1_day1_setup02_hgcp,133.093338862609,133.093338862609,0.0,32,16
3,SingleTrain_WithBaseValsalva,1,SBP,train,1,postExerciseHgcp,647,648,648,2,5,subject1_day1_setup02_hgcp,133.799308118408,133.799308118408,0.0,32,16
3,SingleTrain_WithBaseValsalva,1,SBP,train,1,postExerciseHgcp,648,649,649,2,5,subject1_day1_setup02_hgcp,134.70171264165,134.70171264165,0.0,32,16
3,SingleTrain_WithBaseValsalva,1,SBP,train,1,postExerciseHgcp,649,650,650,2,5,subject1_day1_setup02_hgcp,135.615075632377,135.615075632377,0.0,32,16
3,SingleTrain_WithBaseValsalva,1,SBP,train,1,postExerciseHgcp,650,651,651,2,5,subject1_day1_setup02_hgcp,136.568808162353,136.568808162353,0.0,32,16
3,SingleTrain_WithBaseValsalva,1,SBP,train,1,postExerciseHgcp,651,652,652,2,5,subject1_day1_setup02_hgcp,137.727942337443,137.727942337443,0.0,32,16
3,SingleTrain_WithBaseValsalva,1,SBP,train,1,postExerciseHgcp,652,653,653,2,5,subject1_day1_setup02_hgcp,137.98729708569,137.98729708569,0.0,32,16
3,SingleTrain_WithBaseValsalva,1,SBP,train,1,postExerciseHgcp,653,654,654,2,5,subject1_day1_setup02_hgcp,137.947778297648,137.727831376821,-0.21994692082699885,32,16
3,SingleTrain_WithBaseValsalva,1,SBP,train,1,postExerciseHgcp,654,655,655,2,5,subject1_day1_setup02_hgcp,137.727831376821,137.727831376821,0.0,32,16
3,SingleTrain_WithBaseValsalva,1,SBP,train,1,postExerciseHgcp,655,656,656,2,5,subject1_day1_setup02_hgcp,137.600790675575,137.600790675575,0.0,32,16
3,SingleTrain_WithBaseValsalva,1,SBP,train,1,postExerciseHgcp,656,657,657,2,5,subject1_day1_setup02_hgcp,137.559121644639,137.559121644639,0.0,32,16
3,SingleTrain_WithBaseValsalva,1,SBP,train,1,postExerciseHgcp,657,658,658,2,5,subject1_day1_setup02_hgcp,136.108602721478,136.108602721478,0.0,32,16
3,SingleTrain_WithBaseValsalva,1,SBP,train,1,postExerciseHgcp,658,659,659,2,5,subject1_day1_setup02_hgcp,135.871894539112,136.108602721478,0.23670818236601576,32,16
3,SingleTrain_WithBaseValsalva,1,SBP,train,1,postExerciseHgcp,659,660,660,2,5,subject1_day1_setup02_hgcp,136.000994801775,136.000994801775,0.0,32,16
3,SingleTrain_WithBaseValsalva,1,SBP,train,1,postExerciseHgcp,660,661,661,2,5,subject1_day1_setup02_hgcp,135.60750122395,135.60750122395,0.0,32,16
3,SingleTrain_WithBaseValsalva,1,SBP,train,1,postExerciseHgcp,661,662,662,2,5,subject1_day1_setup02_hgcp,135.329413044953,135.329413044953,0.0,32,16
3,SingleTrain_WithBaseValsalva,1,SBP,train,1,postExerciseHgcp,662,663,663,2,5,subject1_day1_setup02_hgcp,135.13596790411,135.13596790411,0.0,32,16
3,SingleTrain_WithBaseValsalva,1,SBP,train,1,postExerciseHgcp,663,664,664,2,5,subject1_day1_setup02_hgcp,134.674849301436,134.674849301436,0.0,32,16
3,SingleTrain_WithBaseValsalva,1,SBP,train,1,postExerciseHgcp,664,665,665,2,5,subject1_day1_setup02_hgcp,133.921366359134,134.674849301436,0.7534829423020142,32,16
3,SingleTrain_WithBaseValsalva,1,SBP,train,1,postExerciseHgcp,666,667,667,2,5,subject1_day1_setup02_hgcp,134.021747349265,134.021747349265,0.0,32,16
3,SingleTrain_WithBaseValsalva,1,SBP,train,1,postExerciseHgcp,668,669,669,2,5,subject1_day1_setup02_hgcp,133.961828683941,133.961828683941,0.0,32,16
3,SingleTrain_WithBaseValsalva,1,SBP,train,1,postExerciseHgcp,671,672,672,2,6,subject1_day1_setup02_hgcp,130.891687856179,130.891687856179,0.0,32,16
3,SingleTrain_WithBaseValsalva,1,SBP,train,1,postExerciseHgcp,672,673,673,2,6,subject1_day1_setup02_hgcp,130.711524619992,130.711524619992,0.0,32,16
3,SingleTrain_WithBaseValsalva,1,SBP,train,1,postExerciseHgcp,673,674,674,2,6,subject1_day1_setup02_hgcp,130.198387728684,130.198387728684,0.0,32,16
3,SingleTrain_WithBaseValsalva,1,SBP,train,1,postExerciseHgcp,674,675,675,2,6,subject1_day1_setup02_hgcp,129.838563509278,129.838563509278,0.0,32,16
3,SingleTrain_WithBaseValsalva,1,SBP,train,1,postExerciseHgcp,675,676,676,2,6,subject1_day1_setup02_hgcp,129.586193585422,129.586193585422,0.0,32,16
3,SingleTrain_WithBaseValsalva,1,SBP,train,1,postExerciseHgcp,676,677,677,2,6,subject1_day1_setup02_hgcp,129.076480011313,129.076480011313,0.0,32,16
3,SingleTrain_WithBaseValsalva,1,SBP,train,1,postExerciseHgcp,677,678,678,2,6,subject1_day1_setup02_hgcp,128.60754777333,128.448673962602,-0.15887381072801077,32,16
3,SingleTrain_WithBaseValsalva,1,SBP,train,1,postExerciseHgcp,678,679,679,2,6,subject1_day1_setup02_hgcp,128.388992277464,128.388992277464,0.0,32,16
3,SingleTrain_WithBaseValsalva,1,SBP,train,1,postExerciseHgcp,679,680,680,2,6,subject1_day1_setup02_hgcp,128.233622099005,128.233622099005,0.0,32,16
3,SingleTrain_WithBaseValsalva,1,SBP,train,1,postExerciseHgcp,680,681,681,2,6,subject1_day1_setup02_hgcp,128.002923867738,128.002923867738,0.0,32,16
3,SingleTrain_WithBaseValsalva,1,SBP,train,1,postExerciseHgcp,681,682,682,2,6,subject1_day1_setup02_hgcp,127.809447200254,127.809447200254,0.0,32,16
3,SingleTrain_WithBaseValsalva,1,SBP,train,1,postExerciseHgcp,682,683,683,2,6,subject1_day1_setup02_hgcp,127.682276498434,127.682276498434,0.0,32,16
3,SingleTrain_WithBaseValsalva,1,SBP,train,1,postExerciseHgcp,683,684,684,2,6,subject1_day1_setup02_hgcp,127.747677300097,127.3846343118,-0.3630429882969963,32,16
3,SingleTrain_WithBaseValsalva,1,SBP,train,1,postExerciseHgcp,684,685,685,2,6,subject1_day1_setup02_hgcp,127.3846343118,127.3846343118,0.0,32,16
3,SingleTrain_WithBaseValsalva,1,SBP,train,1,postExerciseHgcp,685,686,686,2,6,subject1_day1_setup02_hgcp,126.982024175949,126.877998077453,-0.10402609849599287,32,16
3,SingleTrain_WithBaseValsalva,1,SBP,train,1,postExerciseHgcp,686,687,687,2,6,subject1_day1_setup02_hgcp,126.877998077453,126.877998077453,0.0,32,16
3,SingleTrain_WithBaseValsalva,1,SBP,train,1,postExerciseHgcp,687,688,688,2,6,subject1_day1_setup02_hgcp,126.515554582764,126.515554582764,0.0,32,16
3,SingleTrain_WithBaseValsalva,1,SBP,train,1,postExerciseHgcp,688,689,689,2,6,subject1_day1_setup02_hgcp,125.892550511135,125.892550511135,0.0,32,16
3,SingleTrain_WithBaseValsalva,1,SBP,train,1,postExerciseHgcp,689,690,690,2,6,subject1_day1_setup02_hgcp,125.588787488717,125.65598364365,0.06719615493300068,32,16
3,SingleTrain_WithBaseValsalva,1,SBP,train,1,postExerciseHgcp,690,691,691,2,6,subject1_day1_setup02_hgcp,125.537618486889,125.588787488717,0.05116900182800066,32,16
3,SingleTrain_WithBaseValsalva,1,SBP,train,1,postExerciseHgcp,691,692,692,2,6,subject1_day1_setup02_hgcp,125.253262548531,125.253262548531,0.0,32,16
3,SingleTrain_WithBaseValsalva,1,SBP,train,1,postExerciseHgcp,692,693,693,2,6,subject1_day1_setup02_hgcp,124.958215421292,124.97191139769016,0.013695976398167886,32,16
3,SingleTrain_WithBaseValsalva,1,SBP,train,1,postExerciseHgcp,693,694,694,2,6,subject1_day1_setup02_hgcp,125.032631007308,125.126424784842,0.0937937775340032,32,16
3,SingleTrain_WithBaseValsalva,1,SBP,train,1,postExerciseHgcp,694,695,695,2,6,subject1_day1_setup02_hgcp,125.126424784842,125.126424784842,0.0,32,16
3,SingleTrain_WithBaseValsalva,1,SBP,train,1,postExerciseHgcp,695,696,696,2,6,subject1_day1_setup02_hgcp,125.03067903838,125.113697396879,0.08301835849900385,32,16
3,SingleTrain_WithBaseValsalva,1,SBP,train,1,postExerciseHgcp,696,697,697,2,6,subject1_day1_setup02_hgcp,125.113697396879,125.126424784842,0.012727387962996772,32,16
3,SingleTrain_WithBaseValsalva,1,SBP,train,1,postExerciseHgcp,697,698,698,2,6,subject1_day1_setup02_hgcp,125.363952004514,125.363952004514,0.0,32,16
3,SingleTrain_WithBaseValsalva,1,SBP,train,1,postExerciseHgcp,698,699,699,2,6,subject1_day1_setup02_hgcp,125.460445275392,125.478185458221,0.017740182829001583,32,16
3,SingleTrain_WithBaseValsalva,1,SBP,train,1,postExerciseHgcp,699,700,700,2,6,subject1_day1_setup02_hgcp,125.442309940193,125.511273273008,0.06896333281500233,32,16
3,SingleTrain_WithBaseValsalva,1,SBP,train,1,postExerciseHgcp,700,701,701,2,6,subject1_day1_setup02_hgcp,125.511273273008,125.511273273008,0.0,32,16
3,SingleTrain_WithBaseValsalva,1,SBP,train,1,postExerciseHgcp,701,702,702,2,6,subject1_day1_setup02_hgcp,125.566084865166,125.742664044394,0.17657917922799982,32,16
3,SingleTrain_WithBaseValsalva,1,SBP,train,1,postExerciseHgcp,702,703,703,2,6,subject1_day1_setup02_hgcp,125.805483741892,125.805483741892,0.0,32,16
3,SingleTrain_WithBaseValsalva,1,SBP,train,1,postExerciseHgcp,703,704,704,2,6,subject1_day1_setup02_hgcp,125.742664044394,125.742664044394,0.0,32,16
3,SingleTrain_WithBaseValsalva,1,SBP,train,1,postExerciseHgcp,704,705,705,2,6,subject1_day1_setup02_hgcp,126.054193986188,126.054193986188,0.0,32,16
3,SingleTrain_WithBaseValsalva,1,SBP,train,1,postExerciseHgcp,705,706,706,2,6,subject1_day1_setup02_hgcp,126.368706137321,126.368706137321,0.0,32,16
3,SingleTrain_WithBaseValsalva,1,SBP,train,1,postExerciseHgcp,706,707,707,2,6,subject1_day1_setup02_hgcp,126.406805857234,126.406805857234,0.0,32,16
3,SingleTrain_WithBaseValsalva,1,SBP,train,1,postExerciseHgcp,707,708,708,2,6,subject1_day1_setup02_hgcp,126.704356105383,126.704356105383,0.0,32,16
3,SingleTrain_WithBaseValsalva,1,SBP,train,1,postExerciseHgcp,708,709,709,2,6,subject1_day1_setup02_hgcp,127.259309156213,127.259309156213,0.0,32,16
3,SingleTrain_WithBaseValsalva,1,SBP,train,1,postExerciseHgcp,709,710,710,2,6,subject1_day1_setup02_hgcp,127.521722388403,127.521722388403,0.0,32,16
3,SingleTrain_WithBaseValsalva,1,SBP,train,1,postExerciseHgcp,710,711,711,2,6,subject1_day1_setup02_hgcp,127.596772375472,127.596772375472,0.0,32,16
3,SingleTrain_WithBaseValsalva,1,SBP,train,1,postExerciseHgcp,711,712,712,2,6,subject1_day1_setup02_hgcp,127.957211502424,127.957211502424,0.0,32,16
3,SingleTrain_WithBaseValsalva,1,SBP,train,1,postExerciseHgcp,712,713,713,2,6,subject1_day1_setup02_hgcp,128.448673962602,128.448673962602,0.0,32,16
3,SingleTrain_WithBaseValsalva,1,SBP,train,1,postExerciseHgcp,713,714,714,2,6,subject1_day1_setup02_hgcp,128.595930092455,128.56676343548202,-0.029166656972989813,32,16
3,SingleTrain_WithBaseValsalva,1,SBP,train,1,postExerciseHgcp,714,715,715,2,6,subject1_day1_setup02_hgcp,128.537596778509,128.537596778509,0.0,32,16
3,SingleTrain_WithBaseValsalva,1,SBP,train,1,postExerciseHgcp,715,716,716,2,6,subject1_day1_setup02_hgcp,128.691866301405,128.56676343548202,-0.12510286592299735,32,16
3,SingleTrain_WithBaseValsalva,1,SBP,train,1,postExerciseHgcp,716,717,717,2,6,subject1_day1_setup02_hgcp,128.826908042898,128.60898088647,-0.2179271564280043,32,16
3,SingleTrain_WithBaseValsalva,1,SBP,train,1,postExerciseHgcp,717,718,718,2,6,subject1_day1_setup02_hgcp,128.60898088647,128.081823678817,-0.5271572076530049,32,16
3,SingleTrain_WithBaseValsalva,1,SBP,train,1,postExerciseHgcp,718,719,719,2,6,subject1_day1_setup02_hgcp,128.233047524527,127.717872876032,-0.5151746484949911,32,16
3,SingleTrain_WithBaseValsalva,1,SBP,train,1,postExerciseHgcp,719,720,720,2,6,subject1_day1_setup02_hgcp,128.081823678817,127.956273670281,-0.1255500085359813,32,16
3,SingleTrain_WithBaseValsalva,1,SBP,train,1,postExerciseHgcp,720,721,721,2,6,subject1_day1_setup02_hgcp,127.956273670281,127.956273670281,0.0,32,16
3,SingleTrain_WithBaseValsalva,1,SBP,train,1,postExerciseHgcp,721,722,722,2,6,subject1_day1_setup02_hgcp,127.717872876032,127.43905208392653,-0.2788207921054777,32,16
3,SingleTrain_WithBaseValsalva,1,SBP,train,1,postExerciseHgcp,722,723,723,2,6,subject1_day1_setup02_hgcp,127.11515835996,127.11515835996,0.0,32,16
3,SingleTrain_WithBaseValsalva,1,SBP,train,1,postExerciseHgcp,723,724,724,2,6,subject1_day1_setup02_hgcp,126.919714240477,126.919714240477,0.0,32,16
3,SingleTrain_WithBaseValsalva,1,SBP,train,1,postExerciseHgcp,724,725,725,2,6,subject1_day1_setup02_hgcp,126.607248707659,126.607248707659,0.0,32,16
3,SingleTrain_WithBaseValsalva,1,SBP,train,1,postExerciseHgcp,725,726,726,2,6,subject1_day1_setup02_hgcp,126.260084444474,126.260084444474,0.0,32,16
3,SingleTrain_WithBaseValsalva,1,SBP,train,1,postExerciseHgcp,726,727,727,2,6,subject1_day1_setup02_hgcp,126.213649592941,126.213649592941,0.0,32,16
3,SingleTrain_WithBaseValsalva,1,SBP,train,1,postExerciseHgcp,727,728,728,2,6,subject1_day1_setup02_hgcp,126.174404600292,126.174404600292,0.0,32,16
3,SingleTrain_WithBaseValsalva,1,SBP,train,1,postExerciseHgcp,728,729,729,2,6,subject1_day1_setup02_hgcp,125.875558005113,125.875558005113,0.0,32,16
3,SingleTrain_WithBaseValsalva,1,SBP,train,1,postExerciseHgcp,729,730,730,2,6,subject1_day1_setup02_hgcp,125.65598364365,125.69255407377551,0.03657043012550787,32,16
3,SingleTrain_WithBaseValsalva,1,SBP,train,1,postExerciseHgcp,730,731,731,2,6,subject1_day1_setup02_hgcp,125.590825735069,125.590825735069,0.0,32,16
3,SingleTrain_WithBaseValsalva,1,SBP,train,1,postExerciseHgcp,731,732,732,2,6,subject1_day1_setup02_hgcp,125.313554296173,125.313554296173,0.0,32,16
3,SingleTrain_WithBaseValsalva,1,SBP,train,1,postExerciseHgcp,732,733,733,2,6,subject1_day1_setup02_hgcp,124.873482381535,124.873482381535,0.0,32,16
3,SingleTrain_WithBaseValsalva,1,SBP,train,1,postExerciseHgcp,733,734,734,2,6,subject1_day1_setup02_hgcp,124.702885452047,124.78886942744887,0.08598397540187364,32,16
3,SingleTrain_WithBaseValsalva,1,SBP,train,1,postExerciseHgcp,734,735,735,2,6,subject1_day1_setup02_hgcp,124.784073693895,124.784073693895,0.0,32,16
3,SingleTrain_WithBaseValsalva,1,SBP,train,1,postExerciseHgcp,735,736,736,2,6,subject1_day1_setup02_hgcp,124.748495402995,124.784073693895,0.035578290899991316,32,16
3,SingleTrain_WithBaseValsalva,1,SBP,train,1,postExerciseHgcp,736,737,737,2,6,subject1_day1_setup02_hgcp,124.731921636275,124.78886942744887,0.05694779117386872,32,16
3,SingleTrain_WithBaseValsalva,1,SBP,train,1,postExerciseHgcp,737,738,738,2,6,subject1_day1_setup02_hgcp,125.126192042779,125.126424784842,0.00023274206300527567,32,16
3,SingleTrain_WithBaseValsalva,1,SBP,train,1,postExerciseHgcp,738,739,739,2,6,subject1_day1_setup02_hgcp,125.645766437769,125.645766437769,0.0,32,16
3,SingleTrain_WithBaseValsalva,1,SBP,train,1,postExerciseHgcp,739,740,740,2,6,subject1_day1_setup02_hgcp,125.914365535563,125.645766437769,-0.26859909779399516,32,16
3,SingleTrain_WithBaseValsalva,1,SBP,train,1,postExerciseHgcp,740,741,741,2,6,subject1_day1_setup02_hgcp,126.264372296056,126.264372296056,0.0,32,16
3,SingleTrain_WithBaseValsalva,1,SBP,train,1,postExerciseHgcp,741,742,742,2,6,subject1_day1_setup02_hgcp,126.775888963025,126.775888963025,0.0,32,16
3,SingleTrain_WithBaseValsalva,1,SBP,train,1,postExerciseHgcp,742,743,743,2,6,subject1_day1_setup02_hgcp,127.134471459016,127.134471459016,0.0,32,16
3,SingleTrain_WithBaseValsalva,1,SBP,train,1,postExerciseHgcp,743,744,744,2,6,subject1_day1_setup02_hgcp,127.165053890936,127.165053890936,0.0,32,16
3,SingleTrain_WithBaseValsalva,1,SBP,train,1,postExerciseHgcp,744,745,745,2,6,subject1_day1_setup02_hgcp,127.326694932078,127.165053890936,-0.16164104114200484,32,16
3,SingleTrain_WithBaseValsalva,1,SBP,train,1,postExerciseHgcp,745,746,746,2,6,subject1_day1_setup02_hgcp,127.640746361618,127.624870397354,-0.015875964263997844,32,16
3,SingleTrain_WithBaseValsalva,1,SBP,train,1,postExerciseHgcp,746,747,747,2,6,subject1_day1_setup02_hgcp,127.624870397354,127.326694932078,-0.29817546527600314,32,16
3,SingleTrain_WithBaseValsalva,1,SBP,train,1,postExerciseHgcp,747,748,748,2,6,subject1_day1_setup02_hgcp,127.35777878627,127.12713311729165,-0.23064566897835448,32,16
3,SingleTrain_WithBaseValsalva,1,SBP,train,1,postExerciseHgcp,748,749,749,2,6,subject1_day1_setup02_hgcp,127.273009875418,127.273009875418,0.0,32,16
3,SingleTrain_WithBaseValsalva,1,SBP,train,1,postExerciseHgcp,749,750,750,2,6,subject1_day1_setup02_hgcp,127.355407239997,127.233893536456,-0.12151370354101232,32,16
3,SingleTrain_WithBaseValsalva,1,SBP,train,1,postExerciseHgcp,750,751,751,2,6,subject1_day1_setup02_hgcp,127.233893536456,127.233893536456,0.0,32,16
3,SingleTrain_WithBaseValsalva,1,SBP,train,1,postExerciseHgcp,751,752,752,2,6,subject1_day1_setup02_hgcp,127.0777115353,127.112456433843,0.03474489854299634,32,16
3,SingleTrain_WithBaseValsalva,1,SBP,train,1,postExerciseHgcp,752,753,753,2,6,subject1_day1_setup02_hgcp,127.112456433843,127.112456433843,0.0,32,16
3,SingleTrain_WithBaseValsalva,1,SBP,train,1,postExerciseHgcp,753,754,754,2,6,subject1_day1_setup02_hgcp,127.067041864039,127.067041864039,0.0,32,16
3,SingleTrain_WithBaseValsalva,1,SBP,train,1,postExerciseHgcp,754,755,755,2,6,subject1_day1_setup02_hgcp,126.763265691495,126.763265691495,0.0,32,16
3,SingleTrain_WithBaseValsalva,1,SBP,train,1,postExerciseHgcp,755,756,756,2,6,subject1_day1_setup02_hgcp,126.406294824083,126.406294824083,0.0,32,16
3,SingleTrain_WithBaseValsalva,1,SBP,train,1,postExerciseHgcp,756,757,757,2,6,subject1_day1_setup02_hgcp,126.235382390014,126.235382390014,0.0,32,16
3,SingleTrain_WithBaseValsalva,1,SBP,train,1,postExerciseHgcp,757,758,758,2,6,subject1_day1_setup02_hgcp,125.954085247143,125.630803090759,-0.32328215638399627,32,16
3,SingleTrain_WithBaseValsalva,1,SBP,train,1,postExerciseHgcp,758,759,759,2,6,subject1_day1_setup02_hgcp,125.615839743749,125.615839743749,0.0,32,16
3,SingleTrain_WithBaseValsalva,1,SBP,train,1,postExerciseHgcp,759,760,760,2,6,subject1_day1_setup02_hgcp,125.242989294391,125.242989294391,0.0,32,16
3,SingleTrain_WithBaseValsalva,1,SBP,train,1,postExerciseHgcp,760,761,761,2,6,subject1_day1_setup02_hgcp,124.881839510633,124.881839510633,0.0,32,16
3,SingleTrain_WithBaseValsalva,1,SBP,train,1,postExerciseHgcp,761,762,762,2,6,subject1_day1_setup02_hgcp,124.531022139466,124.531022139466,0.0,32,16
3,SingleTrain_WithBaseValsalva,1,SBP,train,1,postExerciseHgcp,762,763,763,2,6,subject1_day1_setup02_hgcp,124.144093605974,124.144093605974,0.0,32,16
3,SingleTrain_WithBaseValsalva,1,SBP,train,1,postExerciseHgcp,763,764,764,2,6,subject1_day1_setup02_hgcp,123.943657985016,124.04387579549501,0.10021781047900902,32,16
3,SingleTrain_WithBaseValsalva,1,SBP,train,1,postExerciseHgcp,764,765,765,2,6,subject1_day1_setup02_hgcp,123.707110412498,123.707110412498,0.0,32,16
3,SingleTrain_WithBaseValsalva,1,SBP,train,1,postExerciseHgcp,765,766,766,2,6,subject1_day1_setup02_hgcp,123.372217733788,123.372217733788,0.0,32,16
3,SingleTrain_WithBaseValsalva,1,SBP,train,1,postExerciseHgcp,766,767,767,2,6,subject1_day1_setup02_hgcp,123.185283692628,123.322605218808,0.1373215261799885,32,16
3,SingleTrain_WithBaseValsalva,1,SBP,train,1,postExerciseHgcp,767,768,768,2,6,subject1_day1_setup02_hgcp,123.322605218808,123.322605218808,0.0,32,16
3,SingleTrain_WithBaseValsalva,1,SBP,train,1,postExerciseHgcp,768,769,769,2,6,subject1_day1_setup02_hgcp,123.488898262704,123.655028987211,0.16613072450699917,32,16
3,SingleTrain_WithBaseValsalva,1,SBP,train,1,postExerciseHgcp,769,770,770,2,6,subject1_day1_setup02_hgcp,123.507822703853,123.655028987211,0.14720628335800257,32,16
3,SingleTrain_WithBaseValsalva,1,SBP,train,1,postExerciseHgcp,770,771,771,2,6,subject1_day1_setup02_hgcp,123.655028987211,123.655028987211,0.0,32,16
3,SingleTrain_WithBaseValsalva,1,SBP,train,1,postExerciseHgcp,771,772,772,2,6,subject1_day1_setup02_hgcp,123.897335580797,124.068025591077,0.17069001027999775,32,16
3,SingleTrain_WithBaseValsalva,1,SBP,train,1,postExerciseHgcp,772,773,773,2,6,subject1_day1_setup02_hgcp,124.068025591077,124.241944218316,0.1739186272389901,32,16
3,SingleTrain_WithBaseValsalva,1,SBP,train,1,postExerciseHgcp,773,774,774,2,6,subject1_day1_setup02_hgcp,124.241944218316,124.401664410077,0.1597201917610107,32,16
3,SingleTrain_WithBaseValsalva,1,SBP,train,1,postExerciseHgcp,774,775,775,2,6,subject1_day1_setup02_hgcp,124.401664410077,124.401664410077,0.0,32,16
3,SingleTrain_WithBaseValsalva,1,SBP,train,1,postExerciseHgcp,775,776,776,2,6,subject1_day1_setup02_hgcp,124.777308401007,124.78886942744887,0.011561026441867739,32,16
3,SingleTrain_WithBaseValsalva,1,SBP,train,1,postExerciseHgcp,776,777,777,2,6,subject1_day1_setup02_hgcp,124.983524347078,124.983524347078,0.0,32,16
3,SingleTrain_WithBaseValsalva,1,SBP,train,1,postExerciseHgcp,777,778,778,2,6,subject1_day1_setup02_hgcp,125.271842865138,125.395104049922,0.12326118478399906,32,16
3,SingleTrain_WithBaseValsalva,1,SBP,train,1,postExerciseHgcp,778,779,779,2,6,subject1_day1_setup02_hgcp,125.395104049922,125.395104049922,0.0,32,16
3,SingleTrain_WithBaseValsalva,1,SBP,train,1,postExerciseHgcp,779,780,780,2,6,subject1_day1_setup02_hgcp,125.688158807375,125.688158807375,0.0,32,16
3,SingleTrain_WithBaseValsalva,1,SBP,train,1,postExerciseHgcp,780,781,781,2,6,subject1_day1_setup02_hgcp,125.875946871032,125.875946871032,0.0,32,16
3,SingleTrain_WithBaseValsalva,1,SBP,train,1,postExerciseHgcp,781,782,782,2,6,subject1_day1_setup02_hgcp,126.013469025954,126.013469025954,0.0,32,16
3,SingleTrain_WithBaseValsalva,1,SBP,train,1,postExerciseHgcp,782,783,783,2,6,subject1_day1_setup02_hgcp,126.357957038635,126.357957038635,0.0,32,16
3,SingleTrain_WithBaseValsalva,1,SBP,train,1,postExerciseHgcp,783,784,784,2,6,subject1_day1_setup02_hgcp,126.688279786345,126.688279786345,0.0,32,16
3,SingleTrain_WithBaseValsalva,1,SBP,train,1,postExerciseHgcp,784,785,785,2,6,subject1_day1_setup02_hgcp,126.901117108186,126.901117108186,0.0,32,16
3,SingleTrain_WithBaseValsalva,1,SBP,train,1,postExerciseHgcp,785,786,786,2,6,subject1_day1_setup02_hgcp,127.18522482783,127.18522482783,0.0,32,16
3,SingleTrain_WithBaseValsalva,1,SBP,train,1,postExerciseHgcp,786,787,787,2,6,subject1_day1_setup02_hgcp,127.564026120217,126.901117108186,-0.662909012030994,32,16
3,SingleTrain_WithBaseValsalva,1,SBP,train,1,postExerciseHgcp,787,788,788,2,7,subject1_day1_setup02_hgcp,133.27592143455,133.27592143455,0.0,32,16
3,SingleTrain_WithBaseValsalva,1,SBP,train,1,postExerciseHgcp,788,789,789,2,7,subject1_day1_setup02_hgcp,132.765283787645,132.765283787645,0.0,32,16
3,SingleTrain_WithBaseValsalva,1,SBP,train,1,postExerciseHgcp,789,790,790,2,7,subject1_day1_setup02_hgcp,132.296330105213,132.296330105213,0.0,32,16
3,SingleTrain_WithBaseValsalva,1,SBP,train,1,postExerciseHgcp,790,791,791,2,7,subject1_day1_setup02_hgcp,131.680036115261,131.680036115261,0.0,32,16
3,SingleTrain_WithBaseValsalva,1,SBP,train,1,postExerciseHgcp,791,792,792,2,7,subject1_day1_setup02_hgcp,131.08306119774,131.08306119774,0.0,32,16
3,SingleTrain_WithBaseValsalva,1,SBP,train,1,postExerciseHgcp,792,793,793,2,7,subject1_day1_setup02_hgcp,130.616316316475,130.616316316475,0.0,32,16
3,SingleTrain_WithBaseValsalva,1,SBP,train,1,postExerciseHgcp,793,794,794,2,7,subject1_day1_setup02_hgcp,130.084242678254,130.084242678254,0.0,32,16
3,SingleTrain_WithBaseValsalva,1,SBP,train,1,postExerciseHgcp,794,795,795,2,7,subject1_day1_setup02_hgcp,129.460683811556,129.460683811556,0.0,32,16
3,SingleTrain_WithBaseValsalva,1,SBP,train,1,postExerciseHgcp,795,796,796,2,7,subject1_day1_setup02_hgcp,129.017077087047,129.017077087047,0.0,32,16
3,SingleTrain_WithBaseValsalva,1,SBP,train,1,postExerciseHgcp,796,797,797,2,7,subject1_day1_setup02_hgcp,128.771521598385,128.771521598385,0.0,32,16
3,SingleTrain_WithBaseValsalva,1,SBP,train,1,postExerciseHgcp,797,798,798,2,7,subject1_day1_setup02_hgcp,128.430839423464,128.430839423464,0.0,32,16
3,SingleTrain_WithBaseValsalva,1,SBP,train,1,postExerciseHgcp,798,799,799,2,7,subject1_day1_setup02_hgcp,127.981430192282,127.981430192282,0.0,32,16
3,SingleTrain_WithBaseValsalva,1,SBP,train,1,postExerciseHgcp,799,800,800,2,7,subject1_day1_setup02_hgcp,127.629927141801,127.629927141801,0.0,32,16
3,SingleTrain_WithBaseValsalva,1,SBP,train,1,postExerciseHgcp,800,801,801,2,7,subject1_day1_setup02_hgcp,127.283903518315,127.283903518315,0.0,32,16
3,SingleTrain_WithBaseValsalva,1,SBP,train,1,postExerciseHgcp,801,802,802,2,7,subject1_day1_setup02_hgcp,126.485393952436,126.485393952436,0.0,32,16
3,SingleTrain_WithBaseValsalva,1,SBP,train,1,postExerciseHgcp,802,803,803,2,7,subject1_day1_setup02_hgcp,125.587477714683,125.587477714683,0.0,32,16
3,SingleTrain_WithBaseValsalva,1,SBP,train,1,postExerciseHgcp,803,804,804,2,7,subject1_day1_setup02_hgcp,125.084759219145,125.084759219145,0.0,32,16
3,SingleTrain_WithBaseValsalva,1,SBP,train,1,postExerciseHgcp,804,805,805,2,7,subject1_day1_setup02_hgcp,124.632917172387,124.632917172387,0.0,32,16
3,SingleTrain_WithBaseValsalva,1,SBP,train,1,postExerciseHgcp,805,806,806,2,7,subject1_day1_setup02_hgcp,124.029342346327,124.437855764326,0.40851341799900354,32,16
3,SingleTrain_WithBaseValsalva,1,SBP,train,1,postExerciseHgcp,806,807,807,2,7,subject1_day1_setup02_hgcp,123.767475682267,124.437855764326,0.6703800820589976,32,16
3,SingleTrain_WithBaseValsalva,1,SBP,train,1,postExerciseHgcp,807,808,808,2,7,subject1_day1_setup02_hgcp,123.776773479136,123.83860228408,0.06182880494399967,32,16
3,SingleTrain_WithBaseValsalva,1,SBP,train,1,postExerciseHgcp,808,809,809,2,7,subject1_day1_setup02_hgcp,123.629061291499,123.83860228408,0.20954099258099745,32,16
3,SingleTrain_WithBaseValsalva,1,SBP,train,1,postExerciseHgcp,809,810,810,2,7,subject1_day1_setup02_hgcp,123.582569244882,123.79263312881532,0.21006388393332998,32,16
3,SingleTrain_WithBaseValsalva,1,SBP,train,1,postExerciseHgcp,810,811,811,2,7,subject1_day1_setup02_hgcp,123.83860228408,123.83860228408,0.0,32,16
3,SingleTrain_WithBaseValsalva,1,SBP,train,1,postExerciseHgcp,811,812,812,2,7,subject1_day1_setup02_hgcp,124.018627608254,124.09325051863932,0.07462291038532953,32,16
3,SingleTrain_WithBaseValsalva,1,SBP,train,1,postExerciseHgcp,812,813,813,2,7,subject1_day1_setup02_hgcp,124.015091610938,124.09325051863932,0.07815890770132228,32,16
3,SingleTrain_WithBaseValsalva,1,SBP,train,1,postExerciseHgcp,813,814,814,2,7,subject1_day1_setup02_hgcp,124.256139050954,124.31437898444814,0.0582399334941357,32,16
3,SingleTrain_WithBaseValsalva,1,SBP,train,1,postExerciseHgcp,814,815,815,2,7,subject1_day1_setup02_hgcp,124.642817272479,124.642817272479,0.0,32,16
3,SingleTrain_WithBaseValsalva,1,SBP,train,1,postExerciseHgcp,815,816,816,2,7,subject1_day1_setup02_hgcp,124.813608945682,124.78886942744887,-0.02473951823313314,32,16
3,SingleTrain_WithBaseValsalva,1,SBP,train,1,postExerciseHgcp,816,817,817,2,7,subject1_day1_setup02_hgcp,125.017065809343,124.873482381535,-0.1435834278079966,32,16
3,SingleTrain_WithBaseValsalva,1,SBP,train,1,postExerciseHgcp,817,818,818,2,7,subject1_day1_setup02_hgcp,125.374778375994,125.04443605272284,-0.33034232327115376,32,16
3,SingleTrain_WithBaseValsalva,1,SBP,train,1,postExerciseHgcp,818,819,819,2,7,subject1_day1_setup02_hgcp,125.64016624739,125.34220636461146,-0.29795988277854235,32,16
3,SingleTrain_WithBaseValsalva,1,SBP,train,1,postExerciseHgcp,819,820,820,2,7,subject1_day1_setup02_hgcp,125.878661757905,125.878661757905,0.0,32,16
3,SingleTrain_WithBaseValsalva,1,SBP,train,1,postExerciseHgcp,820,821,821,2,7,subject1_day1_setup02_hgcp,126.068687625077,125.916373502524,-0.15231412255300825,32,16
3,SingleTrain_WithBaseValsalva,1,SBP,train,1,postExerciseHgcp,821,822,822,2,7,subject1_day1_setup02_hgcp,126.280716736413,126.280716736413,0.0,32,16
3,SingleTrain_WithBaseValsalva,1,SBP,train,1,postExerciseHgcp,822,823,823,2,7,subject1_day1_setup02_hgcp,126.378819010909,126.378819010909,0.0,32,16
3,SingleTrain_WithBaseValsalva,1,SBP,train,1,postExerciseHgcp,823,824,824,2,7,subject1_day1_setup02_hgcp,126.482834611339,126.378819010909,-0.10401560043000302,32,16
3,SingleTrain_WithBaseValsalva,1,SBP,train,1,postExerciseHgcp,824,825,825,2,7,subject1_day1_setup02_hgcp,126.492456918108,126.492456918108,0.0,32,16
3,SingleTrain_WithBaseValsalva,1,SBP,train,1,postExerciseHgcp,825,826,826,2,7,subject1_day1_setup02_hgcp,126.565045104494,126.565045104494,0.0,32,16
3,SingleTrain_WithBaseValsalva,1,SBP,train,1,postExerciseHgcp,826,827,827,2,7,subject1_day1_setup02_hgcp,126.745423123927,126.565045104494,-0.18037801943299314,32,16
3,SingleTrain_WithBaseValsalva,1,SBP,train,1,postExerciseHgcp,827,828,828,2,7,subject1_day1_setup02_hgcp,126.936281193648,126.808631455736,-0.12764973791199452,32,16
3,SingleTrain_WithBaseValsalva,1,SBP,train,1,postExerciseHgcp,828,829,829,2,7,subject1_day1_setup02_hgcp,127.027343924569,126.841484148165,-0.1858597764040013,32,16
3,SingleTrain_WithBaseValsalva,1,SBP,train,1,postExerciseHgcp,829,830,830,2,7,subject1_day1_setup02_hgcp,126.907079333305,126.841484148165,-0.06559518514001184,32,16
3,SingleTrain_WithBaseValsalva,1,SBP,train,1,postExerciseHgcp,830,831,831,2,7,subject1_day1_setup02_hgcp,126.696307464258,126.696307464258,0.0,32,16
3,SingleTrain_WithBaseValsalva,1,SBP,train,1,postExerciseHgcp,831,832,832,2,7,subject1_day1_setup02_hgcp,126.593601934079,126.561365118662,-0.03223681541700785,32,16
3,SingleTrain_WithBaseValsalva,1,SBP,train,1,postExerciseHgcp,832,833,833,2,7,subject1_day1_setup02_hgcp,126.386938753552,125.972740557959,-0.4141981955930021,32,16
3,SingleTrain_WithBaseValsalva,1,SBP,train,1,postExerciseHgcp,833,834,834,2,7,subject1_day1_setup02_hgcp,125.972740557959,125.972740557959,0.0,32,16
3,SingleTrain_WithBaseValsalva,1,SBP,train,1,postExerciseHgcp,834,835,835,2,7,subject1_day1_setup02_hgcp,125.581404283175,125.581404283175,0.0,32,16
3,SingleTrain_WithBaseValsalva,1,SBP,train,1,postExerciseHgcp,835,836,836,2,7,subject1_day1_setup02_hgcp,125.242543590011,125.242543590011,0.0,32,16
3,SingleTrain_WithBaseValsalva,1,SBP,train,1,postExerciseHgcp,836,837,837,2,7,subject1_day1_setup02_hgcp,124.579566737727,124.579566737727,0.0,32,16
3,SingleTrain_WithBaseValsalva,1,SBP,train,1,postExerciseHgcp,837,838,838,2,7,subject1_day1_setup02_hgcp,123.882016417578,123.882016417578,0.0,32,16
3,SingleTrain_WithBaseValsalva,1,SBP,train,1,postExerciseHgcp,838,839,839,2,7,subject1_day1_setup02_hgcp,123.185494099934,123.185494099934,0.0,32,16
3,SingleTrain_WithBaseValsalva,1,SBP,train,1,postExerciseHgcp,839,840,840,2,7,subject1_day1_setup02_hgcp,123.036622715232,123.036622715232,0.0,32,16
3,SingleTrain_WithBaseValsalva,1,SBP,train,1,postExerciseHgcp,840,841,841,2,7,subject1_day1_setup02_hgcp,122.74084179895,122.801695134091,0.06085333514100455,32,16
3,SingleTrain_WithBaseValsalva,1,SBP,train,1,postExerciseHgcp,841,842,842,2,7,subject1_day1_setup02_hgcp,122.801695134091,122.801695134091,0.0,32,16
3,SingleTrain_WithBaseValsalva,1,SBP,train,1,postExerciseHgcp,842,843,843,2,7,subject1_day1_setup02_hgcp,122.908065788184,122.801695134091,-0.1063706540929985,32,16
3,SingleTrain_WithBaseValsalva,1,SBP,train,1,postExerciseHgcp,843,844,844,2,7,subject1_day1_setup02_hgcp,122.739838710214,122.801695134091,0.06185642387700341,32,16
3,SingleTrain_WithBaseValsalva,1,SBP,train,1,postExerciseHgcp,844,845,845,2,7,subject1_day1_setup02_hgcp,122.700121261171,122.700121261171,0.0,32,16
3,SingleTrain_WithBaseValsalva,1,SBP,train,1,postExerciseHgcp,845,846,846,2,7,subject1_day1_setup02_hgcp,122.857549325498,122.82031319789333,-0.037236127604671765,32,16
3,SingleTrain_WithBaseValsalva,1,SBP,train,1,postExerciseHgcp,846,847,847,2,7,subject1_day1_setup02_hgcp,122.702346535339,122.702346535339,0.0,32,16
3,SingleTrain_WithBaseValsalva,1,SBP,train,1,postExerciseHgcp,847,848,848,2,7,subject1_day1_setup02_hgcp,122.47166002319,122.702346535339,0.23068651214900626,32,16
3,SingleTrain_WithBaseValsalva,1,SBP,train,1,postExerciseHgcp,848,849,849,2,7,subject1_day1_setup02_hgcp,122.613809181954,122.801695134091,0.18788595213700887,32,16
3,SingleTrain_WithBaseValsalva,1,SBP,train,1,postExerciseHgcp,849,850,850,2,7,subject1_day1_setup02_hgcp,123.032623852917,123.184980938227,0.15235708531000114,32,16
3,SingleTrain_WithBaseValsalva,1,SBP,train,1,postExerciseHgcp,850,851,851,2,7,subject1_day1_setup02_hgcp,123.199102841611,123.474171585436,0.27506874382500257,32,16
3,SingleTrain_WithBaseValsalva,1,SBP,train,1,postExerciseHgcp,851,852,852,2,7,subject1_day1_setup02_hgcp,123.184980938227,123.474171585436,0.2891906472089971,32,16
3,SingleTrain_WithBaseValsalva,1,SBP,train,1,postExerciseHgcp,852,853,853,2,7,subject1_day1_setup02_hgcp,123.474171585436,123.655836275182,0.18166468974600036,32,16
3,SingleTrain_WithBaseValsalva,1,SBP,train,1,postExerciseHgcp,853,854,854,2,7,subject1_day1_setup02_hgcp,123.76463127335,123.76463127335,0.0,32,16
3,SingleTrain_WithBaseValsalva,1,SBP,train,1,postExerciseHgcp,854,855,855,2,7,subject1_day1_setup02_hgcp,123.828083756082,123.828083756082,0.0,32,16
3,SingleTrain_WithBaseValsalva,1,SBP,train,1,postExerciseHgcp,855,856,856,2,7,subject1_day1_setup02_hgcp,124.014814591709,124.014814591709,0.0,32,16
3,SingleTrain_WithBaseValsalva,1,SBP,train,1,postExerciseHgcp,856,857,857,2,7,subject1_day1_setup02_hgcp,124.423295275097,124.423295275097,0.0,32,16
3,SingleTrain_WithBaseValsalva,1,SBP,train,1,postExerciseHgcp,857,858,858,2,7,subject1_day1_setup02_hgcp,124.781698898398,124.781698898398,0.0,32,16
3,SingleTrain_WithBaseValsalva,1,SBP,train,1,postExerciseHgcp,858,859,859,2,7,subject1_day1_setup02_hgcp,125.189968449906,124.94078396927598,-0.24918448063002074,32,16
3,SingleTrain_WithBaseValsalva,1,SBP,train,1,postExerciseHgcp,859,860,860,2,7,subject1_day1_setup02_hgcp,124.940783969276,124.940783969276,0.0,32,16
3,SingleTrain_WithBaseValsalva,1,SBP,train,1,postExerciseHgcp,860,861,861,2,7,subject1_day1_setup02_hgcp,124.96305208586,124.9199128489774,-0.043139236882595355,32,16
3,SingleTrain_WithBaseValsalva,1,SBP,train,1,postExerciseHgcp,861,862,862,2,7,subject1_day1_setup02_hgcp,124.895436778053,124.895436778053,0.0,32,16
3,SingleTrain_WithBaseValsalva,1,SBP,train,1,postExerciseHgcp,862,863,863,2,7,subject1_day1_setup02_hgcp,124.809269714465,124.809269714465,0.0,32,16
3,SingleTrain_WithBaseValsalva,1,SBP,train,1,postExerciseHgcp,863,864,864,2,7,subject1_day1_setup02_hgcp,124.94579424786,124.888934843012,-0.05685940484799801,32,16
3,SingleTrain_WithBaseValsalva,1,SBP,train,1,postExerciseHgcp,864,865,865,2,7,subject1_day1_setup02_hgcp,125.175630766924,124.96305208586,-0.21257868106400224,32,16
3,SingleTrain_WithBaseValsalva,1,SBP,train,1,postExerciseHgcp,865,866,866,2,7,subject1_day1_setup02_hgcp,125.177569768378,124.96305208586,-0.2145176825180073,32,16
3,SingleTrain_WithBaseValsalva,1,SBP,train,1,postExerciseHgcp,866,867,867,2,7,subject1_day1_setup02_hgcp,124.977098914127,124.87528977054644,-0.10180914358055304,32,16
3,SingleTrain_WithBaseValsalva,1,SBP,train,1,postExerciseHgcp,867,868,868,2,7,subject1_day1_setup02_hgcp,124.822586142855,124.494833072153,-0.327753070702002,32,16
3,SingleTrain_WithBaseValsalva,1,SBP,train,1,postExerciseHgcp,868,869,869,2,7,subject1_day1_setup02_hgcp,124.494833072153,124.494833072153,0.0,32,16
3,SingleTrain_WithBaseValsalva,1,SBP,train,1,postExerciseHgcp,869,870,870,2,7,subject1_day1_setup02_hgcp,123.893866150575,124.022656171684,0.12879002110901183,32,16
3,SingleTrain_WithBaseValsalva,1,SBP,train,1,postExerciseHgcp,870,871,871,2,7,subject1_day1_setup02_hgcp,123.549432478684,123.789125789762,0.23969331107799974,32,16
3,SingleTrain_WithBaseValsalva,1,SBP,train,1,postExerciseHgcp,871,872,872,2,7,subject1_day1_setup02_hgcp,123.628206775277,123.789125789762,0.16091901448500323,32,16
3,SingleTrain_WithBaseValsalva,1,SBP,train,1,postExerciseHgcp,872,873,873,2,7,subject1_day1_setup02_hgcp,123.789125789762,123.91179175256273,0.12266596280073827,32,16
3,SingleTrain_WithBaseValsalva,1,SBP,train,1,postExerciseHgcp,873,874,874,2,7,subject1_day1_setup02_hgcp,123.920312559375,124.437855764326,0.5175432049509965,32,16
3,SingleTrain_WithBaseValsalva,1,SBP,train,1,postExerciseHgcp,874,875,875,2,7,subject1_day1_setup02_hgcp,124.325472338814,124.579566737727,0.25409439891301133,32,16
3,SingleTrain_WithBaseValsalva,1,SBP,train,1,postExerciseHgcp,875,876,876,2,7,subject1_day1_setup02_hgcp,124.737955048835,124.76417031370624,0.02621526487124015,32,16
3,SingleTrain_WithBaseValsalva,1,SBP,train,1,postExerciseHgcp,876,877,877,2,7,subject1_day1_setup02_hgcp,124.825707293519,124.804317155667,-0.02139013785200916,32,16
3,SingleTrain_WithBaseValsalva,1,SBP,train,1,postExerciseHgcp,877,878,878,2,7,subject1_day1_setup02_hgcp,124.804317155667,124.825707293519,0.02139013785200916,32,16
3,SingleTrain_WithBaseValsalva,1,SBP,train,1,postExerciseHgcp,878,879,879,2,7,subject1_day1_setup02_hgcp,124.990129089283,124.89962192889419,-0.09050716038881035,32,16
3,SingleTrain_WithBaseValsalva,1,SBP,train,1,postExerciseHgcp,879,880,880,2,7,subject1_day1_setup02_hgcp,125.101092597865,124.92629724763961,-0.17479535022539494,32,16
3,SingleTrain_WithBaseValsalva,1,SBP,train,1,postExerciseHgcp,880,881,881,2,7,subject1_day1_setup02_hgcp,124.948297956038,124.835147681223,-0.1131502748149984,32,16
3,SingleTrain_WithBaseValsalva,1,SBP,train,1,postExerciseHgcp,881,882,882,2,7,subject1_day1_setup02_hgcp,124.835147681223,124.835147681223,0.0,32,16
3,SingleTrain_WithBaseValsalva,1,SBP,train,1,postExerciseHgcp,882,883,883,2,7,subject1_day1_setup02_hgcp,124.710091894656,124.65718156494225,-0.05291032971375387,32,16
3,SingleTrain_WithBaseValsalva,1,SBP,train,1,postExerciseHgcp,883,884,884,2,7,subject1_day1_setup02_hgcp,124.437855764326,124.437855764326,0.0,32,16
3,SingleTrain_WithBaseValsalva,1,SBP,train,1,postExerciseHgcp,884,885,885,2,7,subject1_day1_setup02_hgcp,124.022656171684,124.185755396028,0.16309922434399482,32,16
3,SingleTrain_WithBaseValsalva,1,SBP,train,1,postExerciseHgcp,885,886,886,2,7,subject1_day1_setup02_hgcp,123.939437477433,124.185755396028,0.24631791859499685,32,16
3,SingleTrain_WithBaseValsalva,1,SBP,train,1,postExerciseHgcp,886,887,887,2,7,subject1_day1_setup02_hgcp,124.185755396028,124.185755396028,0.0,32,16
3,SingleTrain_WithBaseValsalva,1,SBP,train,1,postExerciseHgcp,887,888,888,2,7,subject1_day1_setup02_hgcp,124.284711542561,124.284711542561,0.0,32,16
3,SingleTrain_WithBaseValsalva,1,SBP,train,1,postExerciseHgcp,888,889,889,2,7,subject1_day1_setup02_hgcp,124.301142082688,124.38680769040434,0.08566560771633647,32,16
3,SingleTrain_WithBaseValsalva,1,SBP,train,1,postExerciseHgcp,889,890,890,2,7,subject1_day1_setup02_hgcp,124.591469330844,124.591469330844,0.0,32,16
3,SingleTrain_WithBaseValsalva,1,SBP,train,1,postExerciseHgcp,890,891,891,2,7,subject1_day1_setup02_hgcp,124.845184396792,124.743268194585,-0.1019162022070077,32,16
3,SingleTrain_WithBaseValsalva,1,SBP,train,1,postExerciseHgcp,891,892,892,2,7,subject1_day1_setup02_hgcp,124.743268194585,124.743268194585,0.0,32,16
3,SingleTrain_WithBaseValsalva,1,SBP,train,1,postExerciseHgcp,892,893,893,2,7,subject1_day1_setup02_hgcp,124.516107474346,124.516107474346,0.0,32,16
3,SingleTrain_WithBaseValsalva,1,SBP,train,1,postExerciseHgcp,893,894,894,2,7,subject1_day1_setup02_hgcp,124.465546722073,124.47642879248271,0.010882070409707012,32,16
3,SingleTrain_WithBaseValsalva,1,SBP,train,1,postExerciseHgcp,894,895,895,2,7,subject1_day1_setup02_hgcp,124.19753400838,124.19753400838,0.0,32,16
3,SingleTrain_WithBaseValsalva,1,SBP,train,1,postExerciseHgcp,895,896,896,2,7,subject1_day1_setup02_hgcp,123.727333540996,123.91179175256273,0.18445821156673503,32,16
3,SingleTrain_WithBaseValsalva,1,SBP,train,1,postExerciseHgcp,896,897,897,2,7,subject1_day1_setup02_hgcp,123.655836275182,123.84148799059476,0.18565171541276015,32,16
3,SingleTrain_WithBaseValsalva,1,SBP,train,1,postExerciseHgcp,897,898,898,2,7,subject1_day1_setup02_hgcp,123.753305360527,123.794362388506,0.0410570279790079,32,16
3,SingleTrain_WithBaseValsalva,1,SBP,train,1,postExerciseHgcp,898,899,899,2,7,subject1_day1_setup02_hgcp,123.749261487203,123.91179175256273,0.16253026535973447,32,16
3,SingleTrain_WithBaseValsalva,1,SBP,train,1,postExerciseHgcp,899,900,900,2,7,subject1_day1_setup02_hgcp,123.794362388506,123.84148799059476,0.04712560208875516,32,16
3,SingleTrain_WithBaseValsalva,1,SBP,train,1,postExerciseHgcp,900,901,901,2,7,subject1_day1_setup02_hgcp,123.987218892863,123.987218892863,0.0,32,16
3,SingleTrain_WithBaseValsalva,1,SBP,train,1,postExerciseHgcp,901,902,902,2,7,subject1_day1_setup02_hgcp,123.994357149489,123.99197773061367,-0.0023794188753356593,32,16
3,SingleTrain_WithBaseValsalva,1,SBP,train,1,postExerciseHgcp,1086,1087,1087,3,9,subject1_day1_setup03_hgcp,149.427151784977,148.927317249838,-0.49983453513900145,32,16
3,SingleTrain_WithBaseValsalva,1,SBP,train,1,postExerciseHgcp,1087,1088,1088,3,9,subject1_day1_setup03_hgcp,149.157910340473,148.869423686905,-0.2884866535679862,32,16
3,SingleTrain_WithBaseValsalva,1,SBP,train,1,postExerciseHgcp,1088,1089,1089,3,9,subject1_day1_setup03_hgcp,148.927317249838,148.927317249838,0.0,32,16
3,SingleTrain_WithBaseValsalva,1,SBP,train,1,postExerciseHgcp,1089,1090,1090,3,9,subject1_day1_setup03_hgcp,148.869423686905,148.869423686905,0.0,32,16
3,SingleTrain_WithBaseValsalva,1,SBP,train,1,postExerciseHgcp,1090,1091,1091,3,9,subject1_day1_setup03_hgcp,148.819646990975,148.819646990975,0.0,32,16
3,SingleTrain_WithBaseValsalva,1,SBP,train,1,postExerciseHgcp,1091,1092,1092,3,9,subject1_day1_setup03_hgcp,148.799364425201,148.799364425201,0.0,32,16
3,SingleTrain_WithBaseValsalva,1,SBP,train,1,postExerciseHgcp,1092,1093,1093,3,9,subject1_day1_setup03_hgcp,148.733757744864,148.733757744864,0.0,32,16
3,SingleTrain_WithBaseValsalva,1,SBP,train,1,postExerciseHgcp,1093,1094,1094,3,9,subject1_day1_setup03_hgcp,148.747260664461,148.747260664461,0.0,32,16
3,SingleTrain_WithBaseValsalva,1,SBP,train,1,postExerciseHgcp,1094,1095,1095,3,9,subject1_day1_setup03_hgcp,149.005934106411,149.005934106411,0.0,32,16
3,SingleTrain_WithBaseValsalva,1,SBP,train,1,postExerciseHgcp,1095,1096,1096,3,9,subject1_day1_setup03_hgcp,149.067746115917,148.869423686905,-0.19832242901199493,32,16
3,SingleTrain_WithBaseValsalva,1,SBP,train,1,postExerciseHgcp,1096,1097,1097,3,9,subject1_day1_setup03_hgcp,148.338377733635,148.338377733635,0.0,32,16
3,SingleTrain_WithBaseValsalva,1,SBP,train,1,postExerciseHgcp,1097,1098,1098,3,9,subject1_day1_setup03_hgcp,147.655481009848,147.655481009848,0.0,32,16
3,SingleTrain_WithBaseValsalva,1,SBP,train,1,postExerciseHgcp,1098,1099,1099,3,9,subject1_day1_setup03_hgcp,147.053006096908,147.053006096908,0.0,32,16
3,SingleTrain_WithBaseValsalva,1,SBP,train,1,postExerciseHgcp,1209,1210,1210,3,10,subject1_day1_setup03_hgcp,137.472698130821,137.472698130821,0.0,32,16
3,SingleTrain_WithBaseValsalva,1,SBP,train,1,postExerciseHgcp,1212,1213,1213,3,10,subject1_day1_setup03_hgcp,136.428066974808,136.428066974808,0.0,32,16
3,SingleTrain_WithBaseValsalva,1,SBP,train,1,postExerciseHgcp,1305,1306,1306,3,10,subject1_day1_setup03_hgcp,141.022176349486,141.022176349486,0.0,32,16
3,SingleTrain_WithBaseValsalva,1,SBP,train,1,postExerciseHgcp,1306,1307,1307,3,10,subject1_day1_setup03_hgcp,140.563900595358,140.563900595358,0.0,32,16
3,SingleTrain_WithBaseValsalva,1,SBP,train,1,postExerciseHgcp,1307,1308,1308,3,10,subject1_day1_setup03_hgcp,140.522396792514,140.522396792514,0.0,32,16
3,SingleTrain_WithBaseValsalva,1,SBP,train,1,postExerciseHgcp,1308,1309,1309,3,10,subject1_day1_setup03_hgcp,140.607259324944,140.607259324944,0.0,32,16
3,SingleTrain_WithBaseValsalva,1,SBP,train,1,postExerciseHgcp,1309,1310,1310,3,10,subject1_day1_setup03_hgcp,140.262845490886,140.262845490886,0.0,32,16
3,SingleTrain_WithBaseValsalva,1,SBP,train,1,postExerciseHgcp,1310,1311,1311,3,10,subject1_day1_setup03_hgcp,139.959192225472,139.959192225472,0.0,32,16
3,SingleTrain_WithBaseValsalva,1,SBP,train,1,postExerciseHgcp,1311,1312,1312,3,10,subject1_day1_setup03_hgcp,139.483895443777,139.483895443777,0.0,32,16
3,SingleTrain_WithBaseValsalva,1,SBP,train,1,postExerciseHgcp,1312,1313,1313,3,10,subject1_day1_setup03_hgcp,138.355144685167,138.355144685167,0.0,32,16
3,SingleTrain_WithBaseValsalva,1,SBP,train,1,postExerciseHgcp,1313,1314,1314,3,10,subject1_day1_setup03_hgcp,137.222410626512,137.222410626512,0.0,32,16
3,SingleTrain_WithBaseValsalva,1,SBP,train,1,postExerciseHgcp,1314,1315,1315,3,10,subject1_day1_setup03_hgcp,136.449316613828,136.639696411789,0.19037979796101467,32,16
3,SingleTrain_WithBaseValsalva,1,SBP,train,1,postExerciseHgcp,1315,1316,1316,3,10,subject1_day1_setup03_hgcp,136.443398081174,136.449316613828,0.005918532653993225,32,16
3,SingleTrain_WithBaseValsalva,1,SBP,train,1,postExerciseHgcp,1316,1317,1317,3,10,subject1_day1_setup03_hgcp,136.699296226563,136.639696411789,-0.059599814774003335,32,16
3,SingleTrain_WithBaseValsalva,1,SBP,train,1,postExerciseHgcp,1317,1318,1318,3,10,subject1_day1_setup03_hgcp,136.533959570995,136.639696411789,0.10573684079400891,32,16
3,SingleTrain_WithBaseValsalva,1,SBP,train,1,postExerciseHgcp,1318,1319,1319,3,10,subject1_day1_setup03_hgcp,136.639696411789,136.639696411789,0.0,32,16
3,SingleTrain_WithBaseValsalva,1,SBP,train,1,postExerciseHgcp,1363,1364,1364,3,11,subject1_day1_setup03_hgcp,124.763346297016,124.763346297016,0.0,32,16
3,SingleTrain_WithBaseValsalva,1,SBP,train,1,postExerciseHgcp,1383,1384,1384,3,11,subject1_day1_setup03_hgcp,124.082246374839,124.082246374839,0.0,32,16
3,SingleTrain_WithBaseValsalva,1,SBP,train,1,postExerciseHgcp,1503,1504,1504,3,12,subject1_day1_setup03_hgcp,124.385648696965,124.385648696965,0.0,32,16
3,SingleTrain_WithBaseValsalva,1,SBP,train,1,postExerciseHgcp,2229,2230,2230,5,18,subject1_day1_setup05_hgcp,122.185126504774,122.185126504774,0.0,32,16
3,SingleTrain_WithBaseValsalva,1,SBP,train,1,postExerciseHgcp,2230,2231,2231,5,18,subject1_day1_setup05_hgcp,122.825032687582,122.825032687582,0.0,32,16
3,SingleTrain_WithBaseValsalva,1,SBP,train,1,postExerciseHgcp,2231,2232,2232,5,18,subject1_day1_setup05_hgcp,123.149447548034,123.149447548034,0.0,32,16
3,SingleTrain_WithBaseValsalva,1,SBP,train,1,postExerciseHgcp,2232,2233,2233,5,18,subject1_day1_setup05_hgcp,122.716070578037,122.716070578037,0.0,32,16
3,SingleTrain_WithBaseValsalva,1,SBP,train,1,postExerciseHgcp,2233,2234,2234,5,18,subject1_day1_setup05_hgcp,122.166123713707,122.166123713707,0.0,32,16
3,SingleTrain_WithBaseValsalva,1,SBP,train,1,postExerciseHgcp,2234,2235,2235,5,18,subject1_day1_setup05_hgcp,121.716852966511,121.71685296651097,-2.842170943040401e-14,32,16
3,SingleTrain_WithBaseValsalva,1,SBP,train,1,postExerciseHgcp,2235,2236,2236,5,18,subject1_day1_setup05_hgcp,121.231958635471,121.231958635471,0.0,32,16
3,SingleTrain_WithBaseValsalva,1,SBP,train,1,postExerciseHgcp,2236,2237,2237,5,18,subject1_day1_setup05_hgcp,120.596694586656,120.596694586656,0.0,32,16
3,SingleTrain_WithBaseValsalva,1,SBP,train,1,postExerciseHgcp,2237,2238,2238,5,18,subject1_day1_setup05_hgcp,119.98965995192,119.98965995192,0.0,32,16
3,SingleTrain_WithBaseValsalva,1,SBP,train,1,postExerciseHgcp,2238,2239,2239,5,18,subject1_day1_setup05_hgcp,119.592345328663,119.592345328663,0.0,32,16
3,SingleTrain_WithBaseValsalva,1,SBP,train,1,postExerciseHgcp,2239,2240,2240,5,18,subject1_day1_setup05_hgcp,119.21576545446,119.21576545446,0.0,32,16
3,SingleTrain_WithBaseValsalva,1,SBP,train,1,postExerciseHgcp,2240,2241,2241,5,18,subject1_day1_setup05_hgcp,118.487230792893,118.487230792893,0.0,32,16
3,SingleTrain_WithBaseValsalva,1,SBP,train,1,postExerciseHgcp,2241,2242,2242,5,18,subject1_day1_setup05_hgcp,117.893636339883,117.893636339883,0.0,32,16
3,SingleTrain_WithBaseValsalva,1,SBP,train,1,postExerciseHgcp,2242,2243,2243,5,18,subject1_day1_setup05_hgcp,117.840355347152,117.840355347152,0.0,32,16
3,SingleTrain_WithBaseValsalva,1,SBP,train,1,postExerciseHgcp,2243,2244,2244,5,18,subject1_day1_setup05_hgcp,117.832318597428,117.832318597428,0.0,32,16
3,SingleTrain_WithBaseValsalva,1,SBP,train,1,postExerciseHgcp,2244,2245,2245,5,18,subject1_day1_setup05_hgcp,117.611160587844,117.611160587844,0.0,32,16
3,SingleTrain_WithBaseValsalva,1,SBP,train,1,postExerciseHgcp,2245,2246,2246,5,18,subject1_day1_setup05_hgcp,117.333832382217,117.333832382217,0.0,32,16
3,SingleTrain_WithBaseValsalva,1,SBP,train,1,postExerciseHgcp,2246,2247,2247,5,18,subject1_day1_setup05_hgcp,117.258944176135,117.258944176135,0.0,32,16
3,SingleTrain_WithBaseValsalva,1,SBP,train,1,postExerciseHgcp,2247,2248,2248,5,18,subject1_day1_setup05_hgcp,117.276757395988,117.276757395988,0.0,32,16
3,SingleTrain_WithBaseValsalva,1,SBP,train,1,postExerciseHgcp,2248,2249,2249,5,18,subject1_day1_setup05_hgcp,117.120905606223,117.120905606223,0.0,32,16
3,SingleTrain_WithBaseValsalva,1,SBP,train,1,postExerciseHgcp,2249,2250,2250,5,18,subject1_day1_setup05_hgcp,116.701564169854,116.167753480177,-0.5338106896769972,32,16
3,SingleTrain_WithBaseValsalva,1,SBP,train,1,postExerciseHgcp,2250,2251,2251,5,18,subject1_day1_setup05_hgcp,116.167753480177,116.167753480177,0.0,32,16
3,SingleTrain_WithBaseValsalva,1,SBP,train,1,postExerciseHgcp,2251,2252,2252,5,18,subject1_day1_setup05_hgcp,115.726159790945,115.726159790945,0.0,32,16
3,SingleTrain_WithBaseValsalva,1,SBP,train,1,postExerciseHgcp,2252,2253,2253,5,18,subject1_day1_setup05_hgcp,115.579833187286,115.579833187286,0.0,32,16
3,SingleTrain_WithBaseValsalva,1,SBP,train,1,postExerciseHgcp,2253,2254,2254,5,18,subject1_day1_setup05_hgcp,115.542581021818,115.542581021818,0.0,32,16
3,SingleTrain_WithBaseValsalva,1,SBP,train,1,postExerciseHgcp,2254,2255,2255,5,18,subject1_day1_setup05_hgcp,115.608094614116,115.608094614116,0.0,32,16
3,SingleTrain_WithBaseValsalva,1,SBP,train,1,postExerciseHgcp,2255,2256,2256,5,18,subject1_day1_setup05_hgcp,115.85745889391,115.85745889391,0.0,32,16
3,SingleTrain_WithBaseValsalva,1,SBP,train,1,postExerciseHgcp,2256,2257,2257,5,18,subject1_day1_setup05_hgcp,116.263358975871,116.263358975871,0.0,32,16
3,SingleTrain_WithBaseValsalva,1,SBP,train,1,postExerciseHgcp,2257,2258,2258,5,18,subject1_day1_setup05_hgcp,116.826690729781,116.826690729781,0.0,32,16
3,SingleTrain_WithBaseValsalva,1,SBP,train,1,postExerciseHgcp,2258,2259,2259,5,18,subject1_day1_setup05_hgcp,117.487786277042,117.487786277042,0.0,32,16
3,SingleTrain_WithBaseValsalva,1,SBP,train,1,postExerciseHgcp,2259,2260,2260,5,18,subject1_day1_setup05_hgcp,118.244842028507,118.244842028507,0.0,32,16
3,SingleTrain_WithBaseValsalva,1,SBP,train,1,postExerciseHgcp,2260,2261,2261,5,18,subject1_day1_setup05_hgcp,118.896818886721,118.896818886721,0.0,32,16
3,SingleTrain_WithBaseValsalva,1,SBP,train,1,postExerciseHgcp,2261,2262,2262,5,18,subject1_day1_setup05_hgcp,119.413855536379,119.413855536379,0.0,32,16
3,SingleTrain_WithBaseValsalva,1,SBP,train,1,postExerciseHgcp,2262,2263,2263,5,18,subject1_day1_setup05_hgcp,119.775073479079,119.775073479079,0.0,32,16
3,SingleTrain_WithBaseValsalva,1,SBP,train,1,postExerciseHgcp,2263,2264,2264,5,18,subject1_day1_setup05_hgcp,120.210880538294,120.210880538294,0.0,32,16
3,SingleTrain_WithBaseValsalva,1,SBP,train,1,postExerciseHgcp,2264,2265,2265,5,18,subject1_day1_setup05_hgcp,121.024409681081,121.024409681081,0.0,32,16
3,SingleTrain_WithBaseValsalva,1,SBP,train,1,postExerciseHgcp,2265,2266,2266,5,18,subject1_day1_setup05_hgcp,121.667490774483,121.667490774483,0.0,32,16
3,SingleTrain_WithBaseValsalva,1,SBP,train,1,postExerciseHgcp,2266,2267,2267,5,18,subject1_day1_setup05_hgcp,122.157701927076,122.157701927076,0.0,32,16
3,SingleTrain_WithBaseValsalva,1,SBP,train,1,postExerciseHgcp,2267,2268,2268,5,18,subject1_day1_setup05_hgcp,122.462456706168,122.462456706168,0.0,32,16
3,SingleTrain_WithBaseValsalva,1,SBP,train,1,postExerciseHgcp,2268,2269,2269,5,18,subject1_day1_setup05_hgcp,122.849445284676,122.849445284676,0.0,32,16
3,SingleTrain_WithBaseValsalva,1,SBP,train,1,postExerciseHgcp,2269,2270,2270,5,18,subject1_day1_setup05_hgcp,123.338757348761,123.338757348761,0.0,32,16
3,SingleTrain_WithBaseValsalva,1,SBP,train,1,postExerciseHgcp,2270,2271,2271,5,18,subject1_day1_setup05_hgcp,123.863209515524,123.863209515524,0.0,32,16
3,SingleTrain_WithBaseValsalva,1,SBP,train,1,postExerciseHgcp,2271,2272,2272,5,18,subject1_day1_setup05_hgcp,124.30606048299,124.30606048299,0.0,32,16
3,SingleTrain_WithBaseValsalva,1,SBP,train,1,postExerciseHgcp,2272,2273,2273,5,18,subject1_day1_setup05_hgcp,124.857883255068,124.857883255068,0.0,32,16
3,SingleTrain_WithBaseValsalva,1,SBP,train,1,postExerciseHgcp,2273,2274,2274,5,18,subject1_day1_setup05_hgcp,125.508877248843,125.508877248843,0.0,32,16
3,SingleTrain_WithBaseValsalva,1,SBP,train,1,postExerciseHgcp,2274,2275,2275,5,18,subject1_day1_setup05_hgcp,126.154011689819,126.154011689819,0.0,32,16
3,SingleTrain_WithBaseValsalva,1,SBP,train,1,postExerciseHgcp,2275,2276,2276,5,18,subject1_day1_setup05_hgcp,126.549201033871,126.17437738035242,-0.3748236535185754,32,16
3,SingleTrain_WithBaseValsalva,1,SBP,train,1,postExerciseHgcp,2276,2277,2277,5,18,subject1_day1_setup05_hgcp,127.064239516005,127.064239516005,0.0,32,16
3,SingleTrain_WithBaseValsalva,1,SBP,train,1,postExerciseHgcp,2277,2278,2278,5,18,subject1_day1_setup05_hgcp,127.702465024448,127.702465024448,0.0,32,16
3,SingleTrain_WithBaseValsalva,1,SBP,train,1,postExerciseHgcp,2278,2279,2279,5,18,subject1_day1_setup05_hgcp,128.224335294236,128.224335294236,0.0,32,16
3,SingleTrain_WithBaseValsalva,1,SBP,train,1,postExerciseHgcp,2279,2280,2280,5,18,subject1_day1_setup05_hgcp,128.547315163786,128.547315163786,0.0,32,16
3,SingleTrain_WithBaseValsalva,1,SBP,train,1,postExerciseHgcp,2280,2281,2281,5,18,subject1_day1_setup05_hgcp,128.948817214405,128.948817214405,0.0,32,16
3,SingleTrain_WithBaseValsalva,1,SBP,train,1,postExerciseHgcp,2281,2282,2282,5,18,subject1_day1_setup05_hgcp,129.483820250435,129.483820250435,0.0,32,16
3,SingleTrain_WithBaseValsalva,1,SBP,train,1,postExerciseHgcp,2282,2283,2283,5,18,subject1_day1_setup05_hgcp,129.922104699192,129.922104699192,0.0,32,16
3,SingleTrain_WithBaseValsalva,1,SBP,train,1,postExerciseHgcp,2283,2284,2284,5,18,subject1_day1_setup05_hgcp,130.117586833981,130.10190171643953,-0.015685117541465843,32,16
3,SingleTrain_WithBaseValsalva,1,SBP,train,1,postExerciseHgcp,2284,2285,2285,5,18,subject1_day1_setup05_hgcp,130.087266934305,130.087266934305,0.0,32,16
3,SingleTrain_WithBaseValsalva,1,SBP,train,1,postExerciseHgcp,2285,2286,2286,5,18,subject1_day1_setup05_hgcp,130.29455268134,130.29455268134,0.0,32,16
3,SingleTrain_WithBaseValsalva,1,SBP,train,1,postExerciseHgcp,2286,2287,2287,5,18,subject1_day1_setup05_hgcp,130.426466057259,130.426466057259,0.0,32,16
3,SingleTrain_WithBaseValsalva,1,SBP,train,1,postExerciseHgcp,2287,2288,2288,5,18,subject1_day1_setup05_hgcp,130.660212071902,130.660212071902,0.0,32,16
3,SingleTrain_WithBaseValsalva,1,SBP,train,1,postExerciseHgcp,2288,2289,2289,5,18,subject1_day1_setup05_hgcp,131.120449996532,131.120449996532,0.0,32,16
3,SingleTrain_WithBaseValsalva,1,SBP,train,1,postExerciseHgcp,2289,2290,2290,5,18,subject1_day1_setup05_hgcp,131.753726848849,131.753726848849,0.0,32,16
3,SingleTrain_WithBaseValsalva,1,SBP,train,1,postExerciseHgcp,2290,2291,2291,5,18,subject1_day1_setup05_hgcp,132.355570969892,132.355570969892,0.0,32,16
3,SingleTrain_WithBaseValsalva,1,SBP,train,1,postExerciseHgcp,2291,2292,2292,5,18,subject1_day1_setup05_hgcp,133.016012107612,133.016012107612,0.0,32,16
3,SingleTrain_WithBaseValsalva,1,SBP,train,1,postExerciseHgcp,2292,2293,2293,5,18,subject1_day1_setup05_hgcp,133.737839619978,133.737839619978,0.0,32,16
3,SingleTrain_WithBaseValsalva,1,SBP,train,1,postExerciseHgcp,2293,2294,2294,5,18,subject1_day1_setup05_hgcp,134.477046045973,134.477046045973,0.0,32,16
3,SingleTrain_WithBaseValsalva,1,SBP,train,1,postExerciseHgcp,2294,2295,2295,5,18,subject1_day1_setup05_hgcp,135.008451065094,135.008451065094,0.0,32,16
3,SingleTrain_WithBaseValsalva,1,SBP,train,1,postExerciseHgcp,2295,2296,2296,5,18,subject1_day1_setup05_hgcp,135.570991975436,135.570991975436,0.0,32,16
3,SingleTrain_WithBaseValsalva,1,SBP,train,1,postExerciseHgcp,2296,2297,2297,5,18,subject1_day1_setup05_hgcp,136.02802954516,136.02802954516,0.0,32,16
3,SingleTrain_WithBaseValsalva,1,SBP,train,1,postExerciseHgcp,2297,2298,2298,5,18,subject1_day1_setup05_hgcp,136.358130789243,136.18173329274438,-0.17639749649862324,32,16
3,SingleTrain_WithBaseValsalva,1,SBP,train,1,postExerciseHgcp,2298,2299,2299,5,18,subject1_day1_setup05_hgcp,136.244642881032,136.244642881032,0.0,32,16
3,SingleTrain_WithBaseValsalva,1,SBP,train,1,postExerciseHgcp,2299,2300,2300,5,18,subject1_day1_setup05_hgcp,135.945837454153,135.945837454153,0.0,32,16
3,SingleTrain_WithBaseValsalva,1,SBP,train,1,postExerciseHgcp,2300,2301,2301,5,18,subject1_day1_setup05_hgcp,135.718049063578,135.718049063578,0.0,32,16
3,SingleTrain_WithBaseValsalva,1,SBP,train,1,postExerciseHgcp,2301,2302,2302,5,18,subject1_day1_setup05_hgcp,135.410616879864,135.410616879864,0.0,32,16
3,SingleTrain_WithBaseValsalva,1,SBP,train,1,postExerciseHgcp,2302,2303,2303,5,18,subject1_day1_setup05_hgcp,135.116581340524,135.581656858065,0.46507551754100973,32,16
3,SingleTrain_WithBaseValsalva,1,SBP,train,1,postExerciseHgcp,2303,2304,2304,5,18,subject1_day1_setup05_hgcp,135.140904834911,135.581656858065,0.44075202315400475,32,16
3,SingleTrain_WithBaseValsalva,1,SBP,train,1,postExerciseHgcp,2304,2305,2305,5,18,subject1_day1_setup05_hgcp,135.316276471554,135.69874481037286,0.3824683388188532,32,16
3,SingleTrain_WithBaseValsalva,1,SBP,train,1,postExerciseHgcp,2305,2306,2306,5,18,subject1_day1_setup05_hgcp,135.581656858065,135.70601182521173,0.12435496714672922,32,16
3,SingleTrain_WithBaseValsalva,1,SBP,train,1,postExerciseHgcp,2306,2307,2307,5,18,subject1_day1_setup05_hgcp,135.785393383071,135.785393383071,0.0,32,16
3,SingleTrain_WithBaseValsalva,1,SBP,train,1,postExerciseHgcp,2307,2308,2308,5,18,subject1_day1_setup05_hgcp,136.053775799938,136.053775799938,0.0,32,16
3,SingleTrain_WithBaseValsalva,1,SBP,train,1,postExerciseHgcp,2308,2309,2309,5,18,subject1_day1_setup05_hgcp,136.265835427478,136.265835427478,0.0,32,16
3,SingleTrain_WithBaseValsalva,1,SBP,train,1,postExerciseHgcp,2309,2310,2310,5,18,subject1_day1_setup05_hgcp,136.326540134859,136.265835427478,-0.06070470738097811,32,16
3,SingleTrain_WithBaseValsalva,1,SBP,train,1,postExerciseHgcp,2310,2311,2311,5,18,subject1_day1_setup05_hgcp,136.027302955344,136.027302955344,0.0,32,16
3,SingleTrain_WithBaseValsalva,1,SBP,train,1,postExerciseHgcp,2311,2312,2312,5,18,subject1_day1_setup05_hgcp,135.520161345896,135.520161345896,0.0,32,16
3,SingleTrain_WithBaseValsalva,1,SBP,train,1,postExerciseHgcp,2312,2313,2313,5,18,subject1_day1_setup05_hgcp,135.038528890075,135.038528890075,0.0,32,16
3,SingleTrain_WithBaseValsalva,1,SBP,train,1,postExerciseHgcp,2313,2314,2314,5,18,subject1_day1_setup05_hgcp,134.539520266912,134.539520266912,0.0,32,16
3,SingleTrain_WithBaseValsalva,1,SBP,train,1,postExerciseHgcp,2314,2315,2315,5,18,subject1_day1_setup05_hgcp,134.130894444238,134.130894444238,0.0,32,16
3,SingleTrain_WithBaseValsalva,1,SBP,train,1,postExerciseHgcp,2315,2316,2316,5,18,subject1_day1_setup05_hgcp,133.830653081564,134.0636894016184,0.23303632005439567,32,16
3,SingleTrain_WithBaseValsalva,1,SBP,train,1,postExerciseHgcp,2316,2317,2317,5,18,subject1_day1_setup05_hgcp,133.965810171231,134.12131618453174,0.15550601330073732,32,16
3,SingleTrain_WithBaseValsalva,1,SBP,train,1,postExerciseHgcp,2317,2318,2318,5,18,subject1_day1_setup05_hgcp,134.127966110696,134.127966110696,0.0,32,16
3,SingleTrain_WithBaseValsalva,1,SBP,train,1,postExerciseHgcp,2318,2319,2319,5,18,subject1_day1_setup05_hgcp,134.659621929477,134.659621929477,0.0,32,16
3,SingleTrain_WithBaseValsalva,1,SBP,train,1,postExerciseHgcp,2319,2320,2320,5,18,subject1_day1_setup05_hgcp,135.348301874049,135.348301874049,0.0,32,16
3,SingleTrain_WithBaseValsalva,1,SBP,train,1,postExerciseHgcp,2320,2321,2321,5,18,subject1_day1_setup05_hgcp,135.839836812813,135.839836812813,0.0,32,16
3,SingleTrain_WithBaseValsalva,1,SBP,train,1,postExerciseHgcp,2321,2322,2322,5,18,subject1_day1_setup05_hgcp,136.130828441014,136.130828441014,0.0,32,16
3,SingleTrain_WithBaseValsalva,1,SBP,train,1,postExerciseHgcp,2322,2323,2323,5,18,subject1_day1_setup05_hgcp,136.328604563456,136.328604563456,0.0,32,16
3,SingleTrain_WithBaseValsalva,1,SBP,train,1,postExerciseHgcp,2323,2324,2324,5,18,subject1_day1_setup05_hgcp,136.602899093495,136.602899093495,0.0,32,16
3,SingleTrain_WithBaseValsalva,1,SBP,train,1,postExerciseHgcp,2324,2325,2325,5,18,subject1_day1_setup05_hgcp,136.889287649589,136.889287649589,0.0,32,16
3,SingleTrain_WithBaseValsalva,1,SBP,train,1,postExerciseHgcp,2325,2326,2326,5,18,subject1_day1_setup05_hgcp,136.914864107464,136.889287649589,-0.025576457875018832,32,16
3,SingleTrain_WithBaseValsalva,1,SBP,train,1,postExerciseHgcp,2326,2327,2327,5,18,subject1_day1_setup05_hgcp,136.890131138405,136.890131138405,0.0,32,16
3,SingleTrain_WithBaseValsalva,1,SBP,train,1,postExerciseHgcp,2327,2328,2328,5,18,subject1_day1_setup05_hgcp,137.022954304777,137.022954304777,0.0,32,16
3,SingleTrain_WithBaseValsalva,1,SBP,train,1,postExerciseHgcp,2328,2329,2329,5,18,subject1_day1_setup05_hgcp,137.32926865835,137.022954304777,-0.30631435357301484,32,16
3,SingleTrain_WithBaseValsalva,1,SBP,train,1,postExerciseHgcp,2329,2330,2330,5,18,subject1_day1_setup05_hgcp,137.645905115013,137.645905115013,0.0,32,16
3,SingleTrain_WithBaseValsalva,1,SBP,train,1,postExerciseHgcp,2330,2331,2331,5,18,subject1_day1_setup05_hgcp,138.130257820932,138.130257820932,0.0,32,16
3,SingleTrain_WithBaseValsalva,1,SBP,train,1,postExerciseHgcp,2331,2332,2332,5,18,subject1_day1_setup05_hgcp,139.017085248759,139.017085248759,0.0,32,16
3,SingleTrain_WithBaseValsalva,1,SBP,train,1,postExerciseHgcp,2332,2333,2333,5,18,subject1_day1_setup05_hgcp,139.8537704332,139.8537704332,0.0,32,16
3,SingleTrain_WithBaseValsalva,1,SBP,train,1,postExerciseHgcp,2333,2334,2334,5,18,subject1_day1_setup05_hgcp,140.405379058778,140.405379058778,0.0,32,16
3,SingleTrain_WithBaseValsalva,1,SBP,train,1,postExerciseHgcp,2334,2335,2335,5,18,subject1_day1_setup05_hgcp,140.790112792742,140.790112792742,0.0,32,16
3,SingleTrain_WithBaseValsalva,1,SBP,train,1,postExerciseHgcp,2351,2352,2352,5,18,subject1_day1_setup05_hgcp,141.426696365417,141.426696365417,0.0,32,16
3,SingleTrain_WithBaseValsalva,1,SBP,train,1,postExerciseHgcp,2352,2353,2353,5,18,subject1_day1_setup05_hgcp,140.993615769799,140.993615769799,0.0,32,16
3,SingleTrain_WithBaseValsalva,1,SBP,train,1,postExerciseHgcp,2353,2354,2354,5,18,subject1_day1_setup05_hgcp,140.930417834244,140.930417834244,0.0,32,16
3,SingleTrain_WithBaseValsalva,1,SBP,train,1,postExerciseHgcp,2354,2355,2355,5,18,subject1_day1_setup05_hgcp,141.031499367205,141.031499367205,0.0,32,16
3,SingleTrain_WithBaseValsalva,1,SBP,train,1,postExerciseHgcp,2355,2356,2356,5,18,subject1_day1_setup05_hgcp,140.944072450409,140.944072450409,0.0,32,16
3,SingleTrain_WithBaseValsalva,1,SBP,train,1,postExerciseHgcp,2356,2357,2357,5,18,subject1_day1_setup05_hgcp,140.902062291176,140.930417834244,0.028355543067988265,32,16
3,SingleTrain_WithBaseValsalva,1,SBP,train,1,postExerciseHgcp,2357,2358,2358,5,18,subject1_day1_setup05_hgcp,140.958256312823,140.958256312823,0.0,32,16
3,SingleTrain_WithBaseValsalva,1,SBP,train,1,postExerciseHgcp,2358,2359,2359,5,18,subject1_day1_setup05_hgcp,141.158842774271,141.158842774271,0.0,32,16
3,SingleTrain_WithBaseValsalva,1,SBP,train,1,postExerciseHgcp,2359,2360,2360,5,18,subject1_day1_setup05_hgcp,141.358191488266,141.158842774271,-0.19934871399499343,32,16
3,SingleTrain_WithBaseValsalva,1,SBP,train,1,postExerciseHgcp,2360,2361,2361,5,18,subject1_day1_setup05_hgcp,141.428426494175,141.358191488266,-0.07023500590901222,32,16
3,SingleTrain_WithBaseValsalva,1,SBP,train,1,postExerciseHgcp,2361,2362,2362,5,18,subject1_day1_setup05_hgcp,141.812705211664,141.812705211664,0.0,32,16
3,SingleTrain_WithBaseValsalva,1,SBP,train,1,postExerciseHgcp,2362,2363,2363,5,18,subject1_day1_setup05_hgcp,142.491432521945,142.491432521945,0.0,32,16
3,SingleTrain_WithBaseValsalva,1,SBP,train,1,postExerciseHgcp,2363,2364,2364,5,18,subject1_day1_setup05_hgcp,142.96215579215,142.96215579215,0.0,32,16
3,SingleTrain_WithBaseValsalva,1,SBP,train,1,postExerciseHgcp,2364,2365,2365,5,18,subject1_day1_setup05_hgcp,143.004946478751,143.004946478751,0.0,32,16
3,SingleTrain_WithBaseValsalva,1,SBP,train,1,postExerciseHgcp,2427,2428,2428,5,19,subject1_day1_setup05_hgcp,139.514173508319,139.553353090956,0.03917958263699006,32,16
3,SingleTrain_WithBaseValsalva,1,SBP,train,1,postExerciseHgcp,2428,2429,2429,5,19,subject1_day1_setup05_hgcp,139.722709590559,139.722709590559,0.0,32,16
3,SingleTrain_WithBaseValsalva,1,SBP,train,1,postExerciseHgcp,2429,2430,2430,5,19,subject1_day1_setup05_hgcp,139.651146244765,139.741643994779,0.09049775001400917,32,16
3,SingleTrain_WithBaseValsalva,1,SBP,train,1,postExerciseHgcp,2430,2431,2431,5,19,subject1_day1_setup05_hgcp,139.741643994779,139.741643994779,0.0,32,16
3,SingleTrain_WithBaseValsalva,1,SBP,train,1,postExerciseHgcp,2435,2436,2436,5,19,subject1_day1_setup05_hgcp,141.050922925977,141.050922925977,0.0,32,16
3,SingleTrain_WithBaseValsalva,1,SBP,train,1,postExerciseHgcp,2441,2442,2442,5,19,subject1_day1_setup05_hgcp,142.539837215157,142.539837215157,0.0,32,16
3,SingleTrain_WithBaseValsalva,1,SBP,train,1,postExerciseHgcp,2444,2445,2445,5,19,subject1_day1_setup05_hgcp,145.048409629995,145.048409629995,0.0,32,16
3,SingleTrain_WithBaseValsalva,1,SBP,train,1,postExerciseHgcp,2445,2446,2446,5,19,subject1_day1_setup05_hgcp,145.952762018653,145.952762018653,0.0,32,16
3,SingleTrain_WithBaseValsalva,1,SBP,train,1,postExerciseHgcp,2450,2451,2451,5,19,subject1_day1_setup05_hgcp,150.069064648432,150.069064648432,0.0,32,16
3,SingleTrain_WithBaseValsalva,1,SBP,train,1,postExerciseHgcp,2453,2454,2454,5,19,subject1_day1_setup05_hgcp,151.711927192513,151.711927192513,0.0,32,16
3,SingleTrain_WithBaseValsalva,1,SBP,train,1,postExerciseHgcp,2454,2455,2455,5,19,subject1_day1_setup05_hgcp,152.412530937581,152.412530937581,0.0,32,16
3,SingleTrain_WithBaseValsalva,1,SBP,train,1,postExerciseHgcp,2455,2456,2456,5,19,subject1_day1_setup05_hgcp,153.189348114273,153.189348114273,0.0,32,16
3,SingleTrain_WithBaseValsalva,1,SBP,train,1,postExerciseHgcp,2456,2457,2457,5,19,subject1_day1_setup05_hgcp,153.712064462144,153.712064462144,0.0,32,16
3,SingleTrain_WithBaseValsalva,1,SBP,train,1,postExerciseHgcp,2457,2458,2458,5,19,subject1_day1_setup05_hgcp,154.309227524627,154.309227524627,0.0,32,16
3,SingleTrain_WithBaseValsalva,1,SBP,train,1,postExerciseHgcp,2458,2459,2459,5,19,subject1_day1_setup05_hgcp,155.240559297478,155.240559297478,0.0,32,16
3,SingleTrain_WithBaseValsalva,1,SBP,train,1,postExerciseHgcp,2459,2460,2460,5,19,subject1_day1_setup05_hgcp,156.232114166853,156.232114166853,0.0,32,16
3,SingleTrain_WithBaseValsalva,1,SBP,train,1,postExerciseHgcp,2460,2461,2461,5,19,subject1_day1_setup05_hgcp,155.788463615507,155.788463615507,0.0,32,16
3,SingleTrain_WithBaseValsalva,1,SBP,train,1,postExerciseHgcp,2461,2462,2462,5,19,subject1_day1_setup05_hgcp,155.110301027557,155.110301027557,0.0,32,16
3,SingleTrain_WithBaseValsalva,1,SBP,train,1,postExerciseHgcp,2462,2463,2463,5,19,subject1_day1_setup05_hgcp,154.514488332836,154.514488332836,0.0,32,16
3,SingleTrain_WithBaseValsalva,1,SBP,train,1,postExerciseHgcp,2463,2464,2464,5,19,subject1_day1_setup05_hgcp,153.586714220092,153.586714220092,0.0,32,16
3,SingleTrain_WithBaseValsalva,1,SBP,train,1,postExerciseHgcp,2465,2466,2466,5,19,subject1_day1_setup05_hgcp,151.5185293833,151.5185293833,0.0,32,16
3,SingleTrain_WithBaseValsalva,1,SBP,train,1,postExerciseHgcp,2466,2467,2467,5,19,subject1_day1_setup05_hgcp,151.062620295103,151.062620295103,0.0,32,16
3,SingleTrain_WithBaseValsalva,1,SBP,train,1,postExerciseHgcp,2467,2468,2468,5,19,subject1_day1_setup05_hgcp,150.395044035542,150.395044035542,0.0,32,16
3,SingleTrain_WithBaseValsalva,1,SBP,train,1,postExerciseHgcp,2468,2469,2469,5,19,subject1_day1_setup05_hgcp,149.534339905787,149.534339905787,0.0,32,16
3,SingleTrain_WithBaseValsalva,1,SBP,train,1,postExerciseHgcp,2469,2470,2470,5,19,subject1_day1_setup05_hgcp,149.005603897257,149.005603897257,0.0,32,16
3,SingleTrain_WithBaseValsalva,1,SBP,train,1,postExerciseHgcp,2470,2471,2471,5,19,subject1_day1_setup05_hgcp,148.677218568551,148.677218568551,0.0,32,16
3,SingleTrain_WithBaseValsalva,1,SBP,train,1,postExerciseHgcp,2471,2472,2472,5,19,subject1_day1_setup05_hgcp,148.062432288385,148.062432288385,0.0,32,16
3,SingleTrain_WithBaseValsalva,1,SBP,train,1,postExerciseHgcp,2472,2473,2473,5,19,subject1_day1_setup05_hgcp,147.342525696821,147.342525696821,0.0,32,16
3,SingleTrain_WithBaseValsalva,1,SBP,train,1,postExerciseHgcp,2473,2474,2474,5,19,subject1_day1_setup05_hgcp,146.628868096214,146.628868096214,0.0,32,16
3,SingleTrain_WithBaseValsalva,1,SBP,train,1,postExerciseHgcp,2474,2475,2475,5,19,subject1_day1_setup05_hgcp,145.849080485474,145.849080485474,0.0,32,16
3,SingleTrain_WithBaseValsalva,1,SBP,train,1,postExerciseHgcp,2475,2476,2476,5,19,subject1_day1_setup05_hgcp,144.974763525782,144.974763525782,0.0,32,16
3,SingleTrain_WithBaseValsalva,1,SBP,train,1,postExerciseHgcp,2476,2477,2477,5,19,subject1_day1_setup05_hgcp,144.114377624718,144.114377624718,0.0,32,16
3,SingleTrain_WithBaseValsalva,1,SBP,train,1,postExerciseHgcp,2477,2478,2478,5,19,subject1_day1_setup05_hgcp,143.429889446836,143.429889446836,0.0,32,16
3,SingleTrain_WithBaseValsalva,1,SBP,train,1,postExerciseHgcp,2478,2479,2479,5,19,subject1_day1_setup05_hgcp,142.947150779285,142.947150779285,0.0,32,16
3,SingleTrain_WithBaseValsalva,1,SBP,train,1,postExerciseHgcp,2479,2480,2480,5,19,subject1_day1_setup05_hgcp,142.567164045027,142.567164045027,0.0,32,16
3,SingleTrain_WithBaseValsalva,1,SBP,train,1,postExerciseHgcp,2480,2481,2481,5,19,subject1_day1_setup05_hgcp,142.706180161166,142.706180161166,0.0,32,16
3,SingleTrain_WithBaseValsalva,1,SBP,train,1,postExerciseHgcp,2481,2482,2482,5,19,subject1_day1_setup05_hgcp,143.223430025309,143.223430025309,0.0,32,16
3,SingleTrain_WithBaseValsalva,1,SBP,train,1,postExerciseHgcp,2482,2483,2483,5,19,subject1_day1_setup05_hgcp,143.784398275444,143.784398275444,0.0,32,16
3,SingleTrain_WithBaseValsalva,1,SBP,train,1,postExerciseHgcp,2483,2484,2484,5,19,subject1_day1_setup05_hgcp,144.341456493578,144.341456493578,0.0,32,16
3,SingleTrain_WithBaseValsalva,1,SBP,train,1,postExerciseHgcp,2484,2485,2485,5,19,subject1_day1_setup05_hgcp,144.827208805955,144.625409727712,-0.20179907824299903,32,16
3,SingleTrain_WithBaseValsalva,1,SBP,train,1,postExerciseHgcp,2485,2486,2486,5,19,subject1_day1_setup05_hgcp,144.975178926526,144.760121080982,-0.21505784554400975,32,16
3,SingleTrain_WithBaseValsalva,1,SBP,train,1,postExerciseHgcp,2486,2487,2487,5,19,subject1_day1_setup05_hgcp,144.760121080982,144.760121080982,0.0,32,16
3,SingleTrain_WithBaseValsalva,1,SBP,train,1,postExerciseHgcp,2487,2488,2488,5,19,subject1_day1_setup05_hgcp,144.700219418337,144.91890504761,0.21868562927298285,32,16
3,SingleTrain_WithBaseValsalva,1,SBP,train,1,postExerciseHgcp,2488,2489,2489,5,19,subject1_day1_setup05_hgcp,144.91890504761,144.91890504761,0.0,32,16
3,SingleTrain_WithBaseValsalva,1,SBP,train,1,postExerciseHgcp,2489,2490,2490,5,19,subject1_day1_setup05_hgcp,145.013103268673,144.91890504761,-0.09419822106301012,32,16
3,SingleTrain_WithBaseValsalva,1,SBP,train,1,postExerciseHgcp,2491,2492,2492,5,19,subject1_day1_setup05_hgcp,144.625409727712,144.625409727712,0.0,32,16
3,SingleTrain_WithBaseValsalva,1,SBP,train,1,postExerciseHgcp,2492,2493,2493,5,19,subject1_day1_setup05_hgcp,144.811153466366,144.811153466366,0.0,32,16
3,SingleTrain_WithBaseValsalva,1,SBP,train,1,postExerciseHgcp,2494,2495,2495,5,19,subject1_day1_setup05_hgcp,145.653502241106,145.653502241106,0.0,32,16
3,SingleTrain_WithBaseValsalva,1,SBP,train,1,postExerciseHgcp,2495,2496,2496,5,19,subject1_day1_setup05_hgcp,145.946819768164,145.946819768164,0.0,32,16
3,SingleTrain_WithBaseValsalva,1,SBP,train,1,postExerciseHgcp,2506,2507,2507,5,20,subject1_day1_setup05_hgcp,133.846857282807,133.846857282807,0.0,32,16
3,SingleTrain_WithBaseValsalva,1,SBP,train,1,postExerciseHgcp,2508,2509,2509,5,20,subject1_day1_setup05_hgcp,134.664894798113,134.664894798113,0.0,32,16
3,SingleTrain_WithBaseValsalva,1,SBP,train,1,postExerciseHgcp,2509,2510,2510,5,20,subject1_day1_setup05_hgcp,134.829583457812,134.829583457812,0.0,32,16
3,SingleTrain_WithBaseValsalva,1,SBP,train,1,postExerciseHgcp,2511,2512,2512,5,20,subject1_day1_setup05_hgcp,135.086830894336,135.086830894336,0.0,32,16
3,SingleTrain_WithBaseValsalva,1,SBP,train,1,postExerciseHgcp,2513,2514,2514,5,20,subject1_day1_setup05_hgcp,133.979279986861,133.979279986861,0.0,32,16
3,SingleTrain_WithBaseValsalva,1,SBP,train,1,postExerciseHgcp,2515,2516,2516,5,20,subject1_day1_setup05_hgcp,132.299556947171,132.299556947171,0.0,32,16
3,SingleTrain_WithBaseValsalva,1,SBP,train,1,postExerciseHgcp,2516,2517,2517,5,20,subject1_day1_setup05_hgcp,132.180565110319,132.299556947171,0.11899183685198977,32,16
3,SingleTrain_WithBaseValsalva,1,SBP,train,1,postExerciseHgcp,2517,2518,2518,5,20,subject1_day1_setup05_hgcp,132.245228085282,132.245228085282,0.0,32,16
3,SingleTrain_WithBaseValsalva,1,SBP,train,1,postExerciseHgcp,2518,2519,2519,5,20,subject1_day1_setup05_hgcp,132.304779086987,132.304779086987,0.0,32,16
3,SingleTrain_WithBaseValsalva,1,SBP,train,1,postExerciseHgcp,2519,2520,2520,5,20,subject1_day1_setup05_hgcp,131.949304902988,131.949304902988,0.0,32,16
3,SingleTrain_WithBaseValsalva,1,SBP,train,1,postExerciseHgcp,2520,2521,2521,5,20,subject1_day1_setup05_hgcp,131.729524982174,131.729524982174,0.0,32,16
3,SingleTrain_WithBaseValsalva,1,SBP,train,1,postExerciseHgcp,2521,2522,2522,5,20,subject1_day1_setup05_hgcp,131.899852345243,131.899852345243,0.0,32,16
3,SingleTrain_WithBaseValsalva,1,SBP,train,1,postExerciseHgcp,2522,2523,2523,5,20,subject1_day1_setup05_hgcp,132.651741845049,132.651741845049,0.0,32,16
3,SingleTrain_WithBaseValsalva,1,SBP,train,1,postExerciseHgcp,2523,2524,2524,5,20,subject1_day1_setup05_hgcp,133.549562948316,133.549562948316,0.0,32,16
3,SingleTrain_WithBaseValsalva,1,SBP,train,1,postExerciseHgcp,2524,2525,2525,5,20,subject1_day1_setup05_hgcp,134.223358726999,134.223358726999,0.0,32,16
3,SingleTrain_WithBaseValsalva,1,SBP,train,1,postExerciseHgcp,2525,2526,2526,5,20,subject1_day1_setup05_hgcp,134.921910630292,134.921910630292,0.0,32,16
3,SingleTrain_WithBaseValsalva,1,SBP,train,1,postExerciseHgcp,2526,2527,2527,5,20,subject1_day1_setup05_hgcp,135.614440849428,135.614440849428,0.0,32,16
3,SingleTrain_WithBaseValsalva,1,SBP,train,1,postExerciseHgcp,2527,2528,2528,5,20,subject1_day1_setup05_hgcp,135.113600347073,135.113600347073,0.0,32,16
3,SingleTrain_WithBaseValsalva,1,SBP,train,1,postExerciseHgcp,2528,2529,2529,5,20,subject1_day1_setup05_hgcp,134.757444761215,134.757444761215,0.0,32,16
3,SingleTrain_WithBaseValsalva,1,SBP,train,1,postExerciseHgcp,2529,2530,2530,5,20,subject1_day1_setup05_hgcp,134.682873318011,134.682873318011,0.0,32,16
3,SingleTrain_WithBaseValsalva,1,SBP,train,1,postExerciseHgcp,2530,2531,2531,5,20,subject1_day1_setup05_hgcp,134.797378436357,134.757444761215,-0.039933675142009406,32,16
3,SingleTrain_WithBaseValsalva,1,SBP,train,1,postExerciseHgcp,2531,2532,2532,5,20,subject1_day1_setup05_hgcp,134.714272909668,134.714272909668,0.0,32,16
3,SingleTrain_WithBaseValsalva,1,SBP,train,1,postExerciseHgcp,2532,2533,2533,5,20,subject1_day1_setup05_hgcp,134.352407788248,134.352407788248,0.0,32,16
3,SingleTrain_WithBaseValsalva,1,SBP,train,1,postExerciseHgcp,2533,2534,2534,5,20,subject1_day1_setup05_hgcp,134.11895195862,134.11895195862,0.0,32,16
3,SingleTrain_WithBaseValsalva,1,SBP,train,1,postExerciseHgcp,2534,2535,2535,5,20,subject1_day1_setup05_hgcp,134.4361641911,134.677112216558,0.24094802545798188,32,16
3,SingleTrain_WithBaseValsalva,1,SBP,train,1,postExerciseHgcp,2535,2536,2536,5,20,subject1_day1_setup05_hgcp,134.925147557994,134.87873413554095,-0.046413422453042585,32,16
3,SingleTrain_WithBaseValsalva,1,SBP,train,1,postExerciseHgcp,2536,2537,2537,5,20,subject1_day1_setup05_hgcp,134.982096535706,134.982096535706,0.0,32,16
3,SingleTrain_WithBaseValsalva,1,SBP,train,1,postExerciseHgcp,2537,2538,2538,5,20,subject1_day1_setup05_hgcp,134.761310496523,134.761310496523,0.0,32,16
3,SingleTrain_WithBaseValsalva,1,SBP,train,1,postExerciseHgcp,2538,2539,2539,5,20,subject1_day1_setup05_hgcp,134.677112216558,134.972399638826,0.29528742226801796,32,16
3,SingleTrain_WithBaseValsalva,1,SBP,train,1,postExerciseHgcp,2539,2540,2540,5,20,subject1_day1_setup05_hgcp,135.037124523,135.037124523,0.0,32,16
3,SingleTrain_WithBaseValsalva,1,SBP,train,1,postExerciseHgcp,2540,2541,2541,5,20,subject1_day1_setup05_hgcp,135.167226473273,135.167226473273,0.0,32,16
3,SingleTrain_WithBaseValsalva,1,SBP,train,1,postExerciseHgcp,2541,2542,2542,5,20,subject1_day1_setup05_hgcp,135.017060179835,135.017060179835,0.0,32,16
3,SingleTrain_WithBaseValsalva,1,SBP,train,1,postExerciseHgcp,2542,2543,2543,5,20,subject1_day1_setup05_hgcp,134.972399638826,134.972399638826,0.0,32,16
3,SingleTrain_WithBaseValsalva,1,SBP,train,1,postExerciseHgcp,2543,2544,2544,5,20,subject1_day1_setup05_hgcp,135.444942293763,135.444942293763,0.0,32,16
3,SingleTrain_WithBaseValsalva,1,SBP,train,1,postExerciseHgcp,2544,2545,2545,5,20,subject1_day1_setup05_hgcp,136.194308496684,136.194308496684,0.0,32,16
3,SingleTrain_WithBaseValsalva,1,SBP,train,1,postExerciseHgcp,2545,2546,2546,5,20,subject1_day1_setup05_hgcp,136.762200772722,136.762200772722,0.0,32,16
3,SingleTrain_WithBaseValsalva,1,SBP,train,1,postExerciseHgcp,2546,2547,2547,5,20,subject1_day1_setup05_hgcp,137.104272295765,137.104272295765,0.0,32,16
3,SingleTrain_WithBaseValsalva,1,SBP,train,1,postExerciseHgcp,2547,2548,2548,5,20,subject1_day1_setup05_hgcp,137.473975157231,137.473975157231,0.0,32,16
3,SingleTrain_WithBaseValsalva,1,SBP,train,1,postExerciseHgcp,2548,2549,2549,5,20,subject1_day1_setup05_hgcp,138.039707569787,138.039707569787,0.0,32,16
3,SingleTrain_WithBaseValsalva,1,SBP,train,1,postExerciseHgcp,2549,2550,2550,5,20,subject1_day1_setup05_hgcp,138.312055026331,138.312055026331,0.0,32,16
3,SingleTrain_WithBaseValsalva,1,SBP,train,1,postExerciseHgcp,2550,2551,2551,5,20,subject1_day1_setup05_hgcp,138.285187920983,138.312055026331,0.026867105348003406,32,16
3,SingleTrain_WithBaseValsalva,1,SBP,train,1,postExerciseHgcp,2551,2552,2552,5,20,subject1_day1_setup05_hgcp,138.414787096154,138.414787096154,0.0,32,16
3,SingleTrain_WithBaseValsalva,1,SBP,train,1,postExerciseHgcp,2552,2553,2553,5,20,subject1_day1_setup05_hgcp,139.063877909123,139.063877909123,0.0,32,16
3,SingleTrain_WithBaseValsalva,1,SBP,train,1,postExerciseHgcp,2553,2554,2554,5,20,subject1_day1_setup05_hgcp,139.650651574807,139.650651574807,0.0,32,16
3,SingleTrain_WithBaseValsalva,1,SBP,train,1,postExerciseHgcp,2554,2555,2555,5,20,subject1_day1_setup05_hgcp,139.922823274748,139.922823274748,0.0,32,16
3,SingleTrain_WithBaseValsalva,1,SBP,train,1,postExerciseHgcp,2555,2556,2556,5,20,subject1_day1_setup05_hgcp,140.13714915172,140.13714915172,0.0,32,16
3,SingleTrain_WithBaseValsalva,1,SBP,train,1,postExerciseHgcp,2556,2557,2557,5,20,subject1_day1_setup05_hgcp,141.005070871839,141.005070871839,0.0,32,16
3,SingleTrain_WithBaseValsalva,1,SBP,train,1,postExerciseHgcp,2557,2558,2558,5,20,subject1_day1_setup05_hgcp,141.933602060608,141.933602060608,0.0,32,16
3,SingleTrain_WithBaseValsalva,1,SBP,train,1,postExerciseHgcp,2558,2559,2559,5,20,subject1_day1_setup05_hgcp,142.539202546699,142.539202546699,0.0,32,16
3,SingleTrain_WithBaseValsalva,1,SBP,train,1,postExerciseHgcp,2559,2560,2560,5,20,subject1_day1_setup05_hgcp,142.882571579695,142.882571579695,0.0,32,16
3,SingleTrain_WithBaseValsalva,1,SBP,train,1,postExerciseHgcp,2560,2561,2561,5,20,subject1_day1_setup05_hgcp,143.666897103428,143.666897103428,0.0,32,16
3,SingleTrain_WithBaseValsalva,1,SBP,train,1,postExerciseHgcp,2561,2562,2562,5,20,subject1_day1_setup05_hgcp,144.263212244676,144.263212244676,0.0,32,16
3,SingleTrain_WithBaseValsalva,1,SBP,train,1,postExerciseHgcp,2562,2563,2563,5,20,subject1_day1_setup05_hgcp,144.536484321208,144.4944619653395,-0.042022355868510886,32,16
3,SingleTrain_WithBaseValsalva,1,SBP,train,1,postExerciseHgcp,2563,2564,2564,5,20,subject1_day1_setup05_hgcp,144.314080872054,144.314080872054,0.0,32,16
3,SingleTrain_WithBaseValsalva,1,SBP,train,1,postExerciseHgcp,2564,2565,2565,5,20,subject1_day1_setup05_hgcp,144.318363185972,144.318363185972,0.0,32,16
3,SingleTrain_WithBaseValsalva,1,SBP,train,1,postExerciseHgcp,2565,2566,2566,5,20,subject1_day1_setup05_hgcp,144.64281547211,144.64281547211,0.0,32,16
3,SingleTrain_WithBaseValsalva,1,SBP,train,1,postExerciseHgcp,2566,2567,2567,5,20,subject1_day1_setup05_hgcp,145.160988526367,145.160988526367,0.0,32,16
3,SingleTrain_WithBaseValsalva,1,SBP,train,1,postExerciseHgcp,2567,2568,2568,5,20,subject1_day1_setup05_hgcp,145.551320113674,145.160988526367,-0.3903315873070028,32,16
3,SingleTrain_WithBaseValsalva,1,SBP,train,1,postExerciseHgcp,2568,2569,2569,5,20,subject1_day1_setup05_hgcp,145.32754147486,145.32754147486,0.0,32,16
3,SingleTrain_WithBaseValsalva,1,SBP,train,1,postExerciseHgcp,2569,2570,2570,5,20,subject1_day1_setup05_hgcp,145.007805367437,145.007805367437,0.0,32,16
3,SingleTrain_WithBaseValsalva,1,SBP,train,1,postExerciseHgcp,2570,2571,2571,5,20,subject1_day1_setup05_hgcp,144.665593782428,144.665593782428,0.0,32,16
3,SingleTrain_WithBaseValsalva,1,SBP,train,1,postExerciseHgcp,2571,2572,2572,5,20,subject1_day1_setup05_hgcp,144.232530853584,144.232530853584,0.0,32,16
3,SingleTrain_WithBaseValsalva,1,SBP,train,1,postExerciseHgcp,2572,2573,2573,5,20,subject1_day1_setup05_hgcp,143.453994387763,143.453994387763,0.0,32,16
3,SingleTrain_WithBaseValsalva,1,SBP,train,1,postExerciseHgcp,2573,2574,2574,5,20,subject1_day1_setup05_hgcp,142.621237316687,142.621237316687,0.0,32,16
3,SingleTrain_WithBaseValsalva,1,SBP,train,1,postExerciseHgcp,2574,2575,2575,5,20,subject1_day1_setup05_hgcp,142.082876092782,142.525504659109,0.4426285663270164,32,16
3,SingleTrain_WithBaseValsalva,1,SBP,train,1,postExerciseHgcp,2575,2576,2576,5,20,subject1_day1_setup05_hgcp,142.230269825735,142.525504659109,0.29523483337399625,32,16
3,SingleTrain_WithBaseValsalva,1,SBP,train,1,postExerciseHgcp,2576,2577,2577,5,20,subject1_day1_setup05_hgcp,142.525504659109,142.525504659109,0.0,32,16
3,SingleTrain_WithBaseValsalva,1,SBP,train,1,postExerciseHgcp,2577,2578,2578,5,20,subject1_day1_setup05_hgcp,142.887715834277,142.887715834277,0.0,32,16
3,SingleTrain_WithBaseValsalva,1,SBP,train,1,postExerciseHgcp,2578,2579,2579,5,20,subject1_day1_setup05_hgcp,143.414439591089,143.414439591089,0.0,32,16
3,SingleTrain_WithBaseValsalva,1,SBP,train,1,postExerciseHgcp,2579,2580,2580,5,20,subject1_day1_setup05_hgcp,144.175133216185,144.175133216185,0.0,32,16
3,SingleTrain_WithBaseValsalva,1,SBP,train,1,postExerciseHgcp,2580,2581,2581,5,20,subject1_day1_setup05_hgcp,144.681936450927,144.681936450927,0.0,32,16
3,SingleTrain_WithBaseValsalva,1,SBP,train,1,postExerciseHgcp,2581,2582,2582,5,20,subject1_day1_setup05_hgcp,145.143906270689,145.143906270689,0.0,32,16
3,SingleTrain_WithBaseValsalva,1,SBP,train,1,postExerciseHgcp,2582,2583,2583,5,20,subject1_day1_setup05_hgcp,145.346224918228,145.346224918228,0.0,32,16
3,SingleTrain_WithBaseValsalva,1,SBP,train,1,postExerciseHgcp,2583,2584,2584,5,20,subject1_day1_setup05_hgcp,145.486450720499,145.38778195987865,-0.0986687606203418,32,16
3,SingleTrain_WithBaseValsalva,1,SBP,train,1,postExerciseHgcp,2584,2585,2585,5,20,subject1_day1_setup05_hgcp,145.502246578339,145.502246578339,0.0,32,16
3,SingleTrain_WithBaseValsalva,1,SBP,train,1,postExerciseHgcp,2585,2586,2586,5,20,subject1_day1_setup05_hgcp,145.245467988667,145.245467988667,0.0,32,16
3,SingleTrain_WithBaseValsalva,1,SBP,train,1,postExerciseHgcp,2586,2587,2587,5,20,subject1_day1_setup05_hgcp,145.266593825944,145.266593825944,0.0,32,16
3,SingleTrain_WithBaseValsalva,1,SBP,train,1,postExerciseHgcp,2587,2588,2588,5,20,subject1_day1_setup05_hgcp,145.355872641542,145.355872641542,0.0,32,16
3,SingleTrain_WithBaseValsalva,1,SBP,train,1,postExerciseHgcp,2588,2589,2589,5,20,subject1_day1_setup05_hgcp,145.575747974912,145.575747974912,0.0,32,16
3,SingleTrain_WithBaseValsalva,1,SBP,train,1,postExerciseHgcp,2589,2590,2590,5,20,subject1_day1_setup05_hgcp,146.101322891532,146.101322891532,0.0,32,16
3,SingleTrain_WithBaseValsalva,1,SBP,train,1,postExerciseHgcp,2590,2591,2591,5,20,subject1_day1_setup05_hgcp,147.332407812181,147.332407812181,0.0,32,16
3,SingleTrain_WithBaseValsalva,1,SBP,train,1,postExerciseHgcp,2591,2592,2592,5,20,subject1_day1_setup05_hgcp,148.39125448926,148.39125448926,0.0,32,16
3,SingleTrain_WithBaseValsalva,1,SBP,train,1,postExerciseHgcp,2592,2593,2593,5,20,subject1_day1_setup05_hgcp,149.019050729257,149.019050729257,0.0,32,16
3,SingleTrain_WithBaseValsalva,1,SBP,train,1,postExerciseHgcp,2593,2594,2594,5,20,subject1_day1_setup05_hgcp,149.488540118006,149.488540118006,0.0,32,16
3,SingleTrain_WithBaseValsalva,1,SBP,train,1,postExerciseHgcp,2594,2595,2595,5,20,subject1_day1_setup05_hgcp,149.621059370785,149.488540118006,-0.1325192527789909,32,16
3,SingleTrain_WithBaseValsalva,1,SBP,train,1,postExerciseHgcp,2595,2596,2596,5,20,subject1_day1_setup05_hgcp,149.453981748803,149.156479118349,-0.29750263045397674,32,16
3,SingleTrain_WithBaseValsalva,1,SBP,train,1,postExerciseHgcp,2596,2597,2597,5,20,subject1_day1_setup05_hgcp,149.156479118349,148.766985771394,-0.389493346955021,32,16
3,SingleTrain_WithBaseValsalva,1,SBP,train,1,postExerciseHgcp,2597,2598,2598,5,20,subject1_day1_setup05_hgcp,148.766985771394,148.766985771394,0.0,32,16
3,SingleTrain_WithBaseValsalva,1,SBP,train,1,postExerciseHgcp,2598,2599,2599,5,20,subject1_day1_setup05_hgcp,148.276281286672,148.276281286672,0.0,32,16
3,SingleTrain_WithBaseValsalva,1,SBP,train,1,postExerciseHgcp,2599,2600,2600,5,20,subject1_day1_setup05_hgcp,147.884399963933,148.276281286672,0.39188132273901033,32,16
3,SingleTrain_WithBaseValsalva,1,SBP,train,1,postExerciseHgcp,2600,2601,2601,5,20,subject1_day1_setup05_hgcp,147.716865606625,147.870008182567,0.15314257594201308,32,16
3,SingleTrain_WithBaseValsalva,1,SBP,train,1,postExerciseHgcp,2601,2602,2602,5,20,subject1_day1_setup05_hgcp,147.727374939022,147.727374939022,0.0,32,16
3,SingleTrain_WithBaseValsalva,1,SBP,train,1,postExerciseHgcp,2602,2603,2603,5,20,subject1_day1_setup05_hgcp,147.814431922798,147.814431922798,0.0,32,16
3,SingleTrain_WithBaseValsalva,1,SBP,train,1,postExerciseHgcp,2603,2604,2604,5,20,subject1_day1_setup05_hgcp,147.870008182567,147.814431922798,-0.055576259768997716,32,16
3,SingleTrain_WithBaseValsalva,1,SBP,train,1,postExerciseHgcp,2604,2605,2605,5,20,subject1_day1_setup05_hgcp,147.438647862311,147.438647862311,0.0,32,16
3,SingleTrain_WithBaseValsalva,1,SBP,train,1,postExerciseHgcp,2605,2606,2606,5,20,subject1_day1_setup05_hgcp,146.911938308612,146.911938308612,0.0,32,16
3,SingleTrain_WithBaseValsalva,1,SBP,train,1,postExerciseHgcp,2606,2607,2607,5,20,subject1_day1_setup05_hgcp,146.101258595912,146.101258595912,0.0,32,16
3,SingleTrain_WithBaseValsalva,1,SBP,train,1,postExerciseHgcp,2607,2608,2608,5,20,subject1_day1_setup05_hgcp,145.621383998182,145.621383998182,0.0,32,16
3,SingleTrain_WithBaseValsalva,1,SBP,train,1,postExerciseHgcp,2608,2609,2609,5,20,subject1_day1_setup05_hgcp,145.947532400373,146.094772191849,0.14723979147598243,32,16
3,SingleTrain_WithBaseValsalva,1,SBP,train,1,postExerciseHgcp,2609,2610,2610,5,20,subject1_day1_setup05_hgcp,146.189045211184,146.189045211184,0.0,32,16
3,SingleTrain_WithBaseValsalva,1,SBP,train,1,postExerciseHgcp,2610,2611,2611,5,20,subject1_day1_setup05_hgcp,145.682898127845,145.682898127845,0.0,32,16
3,SingleTrain_WithBaseValsalva,1,SBP,train,1,postExerciseHgcp,2611,2612,2612,5,20,subject1_day1_setup05_hgcp,145.542782609945,145.682898127845,0.1401155179,32,16
3,SingleTrain_WithBaseValsalva,1,SBP,train,1,postExerciseHgcp,2612,2613,2613,5,20,subject1_day1_setup05_hgcp,146.094772191849,146.094772191849,0.0,32,16
3,SingleTrain_WithBaseValsalva,1,SBP,train,1,postExerciseHgcp,2613,2614,2614,5,20,subject1_day1_setup05_hgcp,146.562433129276,146.562433129276,0.0,32,16
3,SingleTrain_WithBaseValsalva,1,SBP,train,1,postExerciseHgcp,2614,2615,2615,5,20,subject1_day1_setup05_hgcp,146.829840778277,146.829840778277,0.0,32,16
3,SingleTrain_WithBaseValsalva,1,SBP,train,1,postExerciseHgcp,2615,2616,2616,5,20,subject1_day1_setup05_hgcp,146.334396174242,146.334396174242,0.0,32,16
3,SingleTrain_WithBaseValsalva,1,SBP,train,1,postExerciseHgcp,2616,2617,2617,5,20,subject1_day1_setup05_hgcp,145.306390837665,145.306390837665,0.0,32,16
3,SingleTrain_WithBaseValsalva,1,SBP,train,1,postExerciseHgcp,2630,2631,2631,5,21,subject1_day1_setup05_hgcp,130.92513547944,130.92513547944,0.0,32,16
3,SingleTrain_WithBaseValsalva,1,SBP,train,1,postExerciseHgcp,2631,2632,2632,5,21,subject1_day1_setup05_hgcp,130.275123697528,130.275123697528,0.0,32,16
3,SingleTrain_WithBaseValsalva,1,SBP,train,1,postExerciseHgcp,2632,2633,2633,5,21,subject1_day1_setup05_hgcp,130.091780225175,130.09178022517503,2.842170943040401e-14,32,16
3,SingleTrain_WithBaseValsalva,1,SBP,train,1,postExerciseHgcp,2633,2634,2634,5,21,subject1_day1_setup05_hgcp,130.240619586989,130.221338564437,-0.0192810225520077,32,16
3,SingleTrain_WithBaseValsalva,1,SBP,train,1,postExerciseHgcp,2634,2635,2635,5,21,subject1_day1_setup05_hgcp,130.221338564437,130.221338564437,0.0,32,16
3,SingleTrain_WithBaseValsalva,1,SBP,train,1,postExerciseHgcp,2635,2636,2636,5,21,subject1_day1_setup05_hgcp,129.952880739937,130.09178022517497,0.13889948523797102,32,16
3,SingleTrain_WithBaseValsalva,1,SBP,train,1,postExerciseHgcp,2636,2637,2637,5,21,subject1_day1_setup05_hgcp,129.827389895935,129.827389895935,0.0,32,16
3,SingleTrain_WithBaseValsalva,1,SBP,train,1,postExerciseHgcp,2637,2638,2638,5,21,subject1_day1_setup05_hgcp,129.782391993562,129.782391993562,0.0,32,16
3,SingleTrain_WithBaseValsalva,1,SBP,train,1,postExerciseHgcp,2638,2639,2639,5,21,subject1_day1_setup05_hgcp,129.459782750462,129.459782750462,0.0,32,16
3,SingleTrain_WithBaseValsalva,1,SBP,train,1,postExerciseHgcp,2639,2640,2640,5,21,subject1_day1_setup05_hgcp,128.919481464224,128.919481464224,0.0,32,16
3,SingleTrain_WithBaseValsalva,1,SBP,train,1,postExerciseHgcp,2640,2641,2641,5,21,subject1_day1_setup05_hgcp,128.605909678263,128.605909678263,0.0,32,16
3,SingleTrain_WithBaseValsalva,1,SBP,train,1,postExerciseHgcp,2641,2642,2642,5,21,subject1_day1_setup05_hgcp,128.176384022417,128.176384022417,0.0,32,16
3,SingleTrain_WithBaseValsalva,1,SBP,train,1,postExerciseHgcp,2642,2643,2643,5,21,subject1_day1_setup05_hgcp,127.52044788021,127.52044788021,0.0,32,16
3,SingleTrain_WithBaseValsalva,1,SBP,train,1,postExerciseHgcp,2643,2644,2644,5,21,subject1_day1_setup05_hgcp,126.986116159965,126.986116159965,0.0,32,16
3,SingleTrain_WithBaseValsalva,1,SBP,train,1,postExerciseHgcp,2644,2645,2645,5,21,subject1_day1_setup05_hgcp,126.948753133834,126.948753133834,0.0,32,16
3,SingleTrain_WithBaseValsalva,1,SBP,train,1,postExerciseHgcp,2645,2646,2646,5,21,subject1_day1_setup05_hgcp,126.424689780538,126.424689780538,0.0,32,16
3,SingleTrain_WithBaseValsalva,1,SBP,train,1,postExerciseHgcp,2646,2647,2647,5,21,subject1_day1_setup05_hgcp,125.923207966094,125.923207966094,0.0,32,16
3,SingleTrain_WithBaseValsalva,1,SBP,train,1,postExerciseHgcp,2647,2648,2648,5,21,subject1_day1_setup05_hgcp,125.999287977703,125.923207966094,-0.07608001160900812,32,16
3,SingleTrain_WithBaseValsalva,1,SBP,train,1,postExerciseHgcp,2648,2649,2649,5,21,subject1_day1_setup05_hgcp,125.931569062709,125.667395254393,-0.2641738083160021,32,16
3,SingleTrain_WithBaseValsalva,1,SBP,train,1,postExerciseHgcp,2649,2650,2650,5,21,subject1_day1_setup05_hgcp,125.385193340304,125.385193340304,0.0,32,16
3,SingleTrain_WithBaseValsalva,1,SBP,train,1,postExerciseHgcp,2650,2651,2651,5,21,subject1_day1_setup05_hgcp,125.118132926431,125.118132926431,0.0,32,16
3,SingleTrain_WithBaseValsalva,1,SBP,train,1,postExerciseHgcp,2651,2652,2652,5,21,subject1_day1_setup05_hgcp,125.096539544232,125.096539544232,0.0,32,16
3,SingleTrain_WithBaseValsalva,1,SBP,train,1,postExerciseHgcp,2652,2653,2653,5,21,subject1_day1_setup05_hgcp,124.652800020339,124.652800020339,0.0,32,16
3,SingleTrain_WithBaseValsalva,1,SBP,train,1,postExerciseHgcp,2653,2654,2654,5,21,subject1_day1_setup05_hgcp,124.125457911357,124.652800020339,0.5273421089819976,32,16
3,SingleTrain_WithBaseValsalva,1,SBP,train,1,postExerciseHgcp,2654,2655,2655,5,21,subject1_day1_setup05_hgcp,123.990568507272,123.990568507272,0.0,32,16
3,SingleTrain_WithBaseValsalva,1,SBP,train,1,postExerciseHgcp,2655,2656,2656,5,21,subject1_day1_setup05_hgcp,123.99910396736,123.99910396736,0.0,32,16
3,SingleTrain_WithBaseValsalva,1,SBP,train,1,postExerciseHgcp,2656,2657,2657,5,21,subject1_day1_setup05_hgcp,123.667828787478,123.667828787478,0.0,32,16
3,SingleTrain_WithBaseValsalva,1,SBP,train,1,postExerciseHgcp,2657,2658,2658,5,21,subject1_day1_setup05_hgcp,123.458408600437,123.458408600437,0.0,32,16
3,SingleTrain_WithBaseValsalva,1,SBP,train,1,postExerciseHgcp,2658,2659,2659,5,21,subject1_day1_setup05_hgcp,123.677965458069,123.677965458069,0.0,32,16
3,SingleTrain_WithBaseValsalva,1,SBP,train,1,postExerciseHgcp,2659,2660,2660,5,21,subject1_day1_setup05_hgcp,124.114461453817,124.20311544932967,0.08865399551267217,32,16
3,SingleTrain_WithBaseValsalva,1,SBP,train,1,postExerciseHgcp,2660,2661,2661,5,21,subject1_day1_setup05_hgcp,124.334229342513,124.73494080006,0.4007114575470041,32,16
3,SingleTrain_WithBaseValsalva,1,SBP,train,1,postExerciseHgcp,2661,2662,2662,5,21,subject1_day1_setup05_hgcp,124.73494080006,125.03114365552973,0.2962028554697298,32,16
3,SingleTrain_WithBaseValsalva,1,SBP,train,1,postExerciseHgcp,2662,2663,2663,5,21,subject1_day1_setup05_hgcp,125.334111832288,125.334111832288,0.0,32,16
3,SingleTrain_WithBaseValsalva,1,SBP,train,1,postExerciseHgcp,2663,2664,2664,5,21,subject1_day1_setup05_hgcp,125.909019648331,125.807231554443,-0.10178809388798982,32,16
3,SingleTrain_WithBaseValsalva,1,SBP,train,1,postExerciseHgcp,2664,2665,2665,5,21,subject1_day1_setup05_hgcp,125.857533166585,125.820918888133,-0.03661427845200649,32,16
3,SingleTrain_WithBaseValsalva,1,SBP,train,1,postExerciseHgcp,2665,2666,2666,5,21,subject1_day1_setup05_hgcp,125.820918888133,125.807231554443,-0.013687333689986758,32,16
3,SingleTrain_WithBaseValsalva,1,SBP,train,1,postExerciseHgcp,2666,2667,2667,5,21,subject1_day1_setup05_hgcp,125.807231554443,125.807231554443,0.0,32,16
3,SingleTrain_WithBaseValsalva,1,SBP,train,1,postExerciseHgcp,2667,2668,2668,5,21,subject1_day1_setup05_hgcp,125.401996892682,125.401996892682,0.0,32,16
3,SingleTrain_WithBaseValsalva,1,SBP,train,1,postExerciseHgcp,2668,2669,2669,5,21,subject1_day1_setup05_hgcp,124.912022356686,124.912022356686,0.0,32,16
3,SingleTrain_WithBaseValsalva,1,SBP,train,1,postExerciseHgcp,2669,2670,2670,5,21,subject1_day1_setup05_hgcp,124.77912284078,124.77912284078,0.0,32,16
3,SingleTrain_WithBaseValsalva,1,SBP,train,1,postExerciseHgcp,2670,2671,2671,5,21,subject1_day1_setup05_hgcp,124.92079707054,124.92079707054,0.0,32,16
3,SingleTrain_WithBaseValsalva,1,SBP,train,1,postExerciseHgcp,2671,2672,2672,5,21,subject1_day1_setup05_hgcp,125.211139853384,125.211139853384,0.0,32,16
3,SingleTrain_WithBaseValsalva,1,SBP,train,1,postExerciseHgcp,2672,2673,2673,5,21,subject1_day1_setup05_hgcp,125.636932325865,125.362719984427,-0.27421234143800177,32,16
3,SingleTrain_WithBaseValsalva,1,SBP,train,1,postExerciseHgcp,2673,2674,2674,5,21,subject1_day1_setup05_hgcp,125.721765121125,125.52765112640482,-0.1941139947201833,32,16
3,SingleTrain_WithBaseValsalva,1,SBP,train,1,postExerciseHgcp,2674,2675,2675,5,21,subject1_day1_setup05_hgcp,125.570410292594,125.570410292594,0.0,32,16
3,SingleTrain_WithBaseValsalva,1,SBP,train,1,postExerciseHgcp,2675,2676,2676,5,21,subject1_day1_setup05_hgcp,125.593658556894,125.593658556894,0.0,32,16
3,SingleTrain_WithBaseValsalva,1,SBP,train,1,postExerciseHgcp,2676,2677,2677,5,21,subject1_day1_setup05_hgcp,125.667395254393,125.593658556894,-0.07373669749900102,32,16
3,SingleTrain_WithBaseValsalva,1,SBP,train,1,postExerciseHgcp,2677,2678,2678,5,21,subject1_day1_setup05_hgcp,125.362719984427,125.018190545669,-0.344529438758002,32,16
3,SingleTrain_WithBaseValsalva,1,SBP,train,1,postExerciseHgcp,2678,2679,2679,5,21,subject1_day1_setup05_hgcp,125.018190545669,125.018190545669,0.0,32,16
3,SingleTrain_WithBaseValsalva,1,SBP,train,1,postExerciseHgcp,2679,2680,2680,5,21,subject1_day1_setup05_hgcp,124.897773006525,124.897773006525,0.0,32,16
3,SingleTrain_WithBaseValsalva,1,SBP,train,1,postExerciseHgcp,2680,2681,2681,5,21,subject1_day1_setup05_hgcp,124.77951723848,124.77951723848,0.0,32,16
3,SingleTrain_WithBaseValsalva,1,SBP,train,1,postExerciseHgcp,2681,2682,2682,5,21,subject1_day1_setup05_hgcp,124.301044485556,124.301044485556,0.0,32,16
3,SingleTrain_WithBaseValsalva,1,SBP,train,1,postExerciseHgcp,2682,2683,2683,5,21,subject1_day1_setup05_hgcp,123.570395411943,123.570395411943,0.0,32,16
3,SingleTrain_WithBaseValsalva,1,SBP,train,1,postExerciseHgcp,2683,2684,2684,5,21,subject1_day1_setup05_hgcp,123.038058025411,123.038058025411,0.0,32,16
3,SingleTrain_WithBaseValsalva,1,SBP,train,1,postExerciseHgcp,2684,2685,2685,5,21,subject1_day1_setup05_hgcp,122.80673575103,122.80673575103,0.0,32,16
3,SingleTrain_WithBaseValsalva,1,SBP,train,1,postExerciseHgcp,2685,2686,2686,5,21,subject1_day1_setup05_hgcp,122.550968393534,122.550968393534,0.0,32,16
3,SingleTrain_WithBaseValsalva,1,SBP,train,1,postExerciseHgcp,2686,2687,2687,5,21,subject1_day1_setup05_hgcp,122.147935402498,122.147935402498,0.0,32,16
3,SingleTrain_WithBaseValsalva,1,SBP,train,1,postExerciseHgcp,2687,2688,2688,5,21,subject1_day1_setup05_hgcp,121.944935885817,121.944935885817,0.0,32,16
3,SingleTrain_WithBaseValsalva,1,SBP,train,1,postExerciseHgcp,2688,2689,2689,5,21,subject1_day1_setup05_hgcp,121.971167096132,121.944935885817,-0.02623121031500375,32,16
3,SingleTrain_WithBaseValsalva,1,SBP,train,1,postExerciseHgcp,2689,2690,2690,5,21,subject1_day1_setup05_hgcp,121.81992466591,121.81992466591,0.0,32,16
3,SingleTrain_WithBaseValsalva,1,SBP,train,1,postExerciseHgcp,2690,2691,2691,5,21,subject1_day1_setup05_hgcp,121.280818536662,121.280818536662,0.0,32,16
3,SingleTrain_WithBaseValsalva,1,SBP,train,1,postExerciseHgcp,2691,2692,2692,5,21,subject1_day1_setup05_hgcp,120.645931046344,120.645931046344,0.0,32,16
3,SingleTrain_WithBaseValsalva,1,SBP,train,1,postExerciseHgcp,2692,2693,2693,5,21,subject1_day1_setup05_hgcp,120.265167334912,120.265167334912,0.0,32,16
3,SingleTrain_WithBaseValsalva,1,SBP,train,1,postExerciseHgcp,2693,2694,2694,5,21,subject1_day1_setup05_hgcp,120.087464637487,120.087464637487,0.0,32,16
3,SingleTrain_WithBaseValsalva,1,SBP,train,1,postExerciseHgcp,2694,2695,2695,5,21,subject1_day1_setup05_hgcp,119.758343772555,119.758343772555,0.0,32,16
3,SingleTrain_WithBaseValsalva,1,SBP,train,1,postExerciseHgcp,2695,2696,2696,5,21,subject1_day1_setup05_hgcp,119.38093708129,119.38093708129,0.0,32,16
3,SingleTrain_WithBaseValsalva,1,SBP,train,1,postExerciseHgcp,2696,2697,2697,5,21,subject1_day1_setup05_hgcp,119.269359319919,119.269359319919,0.0,32,16
3,SingleTrain_WithBaseValsalva,1,SBP,train,1,postExerciseHgcp,2697,2698,2698,5,21,subject1_day1_setup05_hgcp,119.187927235858,119.187927235858,0.0,32,16
3,SingleTrain_WithBaseValsalva,1,SBP,train,1,postExerciseHgcp,2698,2699,2699,5,21,subject1_day1_setup05_hgcp,118.864802120021,118.864802120021,0.0,32,16
3,SingleTrain_WithBaseValsalva,1,SBP,train,1,postExerciseHgcp,2699,2700,2700,5,21,subject1_day1_setup05_hgcp,118.46385598345,118.46385598345,0.0,32,16
3,SingleTrain_WithBaseValsalva,1,SBP,train,1,postExerciseHgcp,2700,2701,2701,5,21,subject1_day1_setup05_hgcp,118.193164922662,118.193164922662,0.0,32,16
3,SingleTrain_WithBaseValsalva,1,SBP,train,1,postExerciseHgcp,2701,2702,2702,5,21,subject1_day1_setup05_hgcp,118.023203062269,117.89957078345833,-0.12363227881067473,32,16
3,SingleTrain_WithBaseValsalva,1,SBP,train,1,postExerciseHgcp,2702,2703,2703,5,21,subject1_day1_setup05_hgcp,117.858900539075,117.858900539075,0.0,32,16
3,SingleTrain_WithBaseValsalva,1,SBP,train,1,postExerciseHgcp,2703,2704,2704,5,21,subject1_day1_setup05_hgcp,117.678285172995,117.56548068493674,-0.11280448805825927,32,16
3,SingleTrain_WithBaseValsalva,1,SBP,train,1,postExerciseHgcp,2704,2705,2705,5,21,subject1_day1_setup05_hgcp,117.563022041981,117.563022041981,0.0,32,16
3,SingleTrain_WithBaseValsalva,1,SBP,train,1,postExerciseHgcp,2705,2706,2706,5,21,subject1_day1_setup05_hgcp,117.509039637108,117.51495088589951,0.005911248791505841,32,16
3,SingleTrain_WithBaseValsalva,1,SBP,train,1,postExerciseHgcp,2706,2707,2707,5,21,subject1_day1_setup05_hgcp,117.520862134691,117.549024096429,0.028161961737993124,32,16
3,SingleTrain_WithBaseValsalva,1,SBP,train,1,postExerciseHgcp,2707,2708,2708,5,21,subject1_day1_setup05_hgcp,117.570921700604,117.563022041981,-0.007899658623003347,32,16
3,SingleTrain_WithBaseValsalva,1,SBP,train,1,postExerciseHgcp,2708,2709,2709,5,21,subject1_day1_setup05_hgcp,117.512356742941,117.512356742941,0.0,32,16
3,SingleTrain_WithBaseValsalva,1,SBP,train,1,postExerciseHgcp,2709,2710,2710,5,21,subject1_day1_setup05_hgcp,117.434087712553,117.434087712553,0.0,32,16
3,SingleTrain_WithBaseValsalva,1,SBP,train,1,postExerciseHgcp,2710,2711,2711,5,21,subject1_day1_setup05_hgcp,117.523233250867,117.441655112748,-0.08157813811899928,32,16
3,SingleTrain_WithBaseValsalva,1,SBP,train,1,postExerciseHgcp,2711,2712,2712,5,21,subject1_day1_setup05_hgcp,117.549024096429,117.425867973093,-0.12315612333598835,32,16
3,SingleTrain_WithBaseValsalva,1,SBP,train,1,postExerciseHgcp,2712,2713,2713,5,21,subject1_day1_setup05_hgcp,117.317165833645,117.317165833645,0.0,32,16
3,SingleTrain_WithBaseValsalva,1,SBP,train,1,postExerciseHgcp,2713,2714,2714,5,21,subject1_day1_setup05_hgcp,116.943040007007,116.943040007007,0.0,32,16
3,SingleTrain_WithBaseValsalva,1,SBP,train,1,postExerciseHgcp,2714,2715,2715,5,21,subject1_day1_setup05_hgcp,116.666867599645,116.666867599645,0.0,32,16
3,SingleTrain_WithBaseValsalva,1,SBP,train,1,postExerciseHgcp,2715,2716,2716,5,21,subject1_day1_setup05_hgcp,116.309763765328,116.309763765328,0.0,32,16
3,SingleTrain_WithBaseValsalva,1,SBP,train,1,postExerciseHgcp,2716,2717,2717,5,21,subject1_day1_setup05_hgcp,115.888625405939,115.888625405939,0.0,32,16
3,SingleTrain_WithBaseValsalva,1,SBP,train,1,postExerciseHgcp,2717,2718,2718,5,21,subject1_day1_setup05_hgcp,115.811067504745,115.811067504745,0.0,32,16
3,SingleTrain_WithBaseValsalva,1,SBP,train,1,postExerciseHgcp,2718,2719,2719,5,21,subject1_day1_setup05_hgcp,115.975323514698,115.995128986324,0.019805471626000326,32,16
3,SingleTrain_WithBaseValsalva,1,SBP,train,1,postExerciseHgcp,2719,2720,2720,5,21,subject1_day1_setup05_hgcp,116.068853709962,116.068853709962,0.0,32,16
3,SingleTrain_WithBaseValsalva,1,SBP,train,1,postExerciseHgcp,2720,2721,2721,5,21,subject1_day1_setup05_hgcp,115.995128986324,115.995128986324,0.0,32,16
3,SingleTrain_WithBaseValsalva,1,SBP,train,1,postExerciseHgcp,2721,2722,2722,5,21,subject1_day1_setup05_hgcp,116.167878910214,116.167878910214,0.0,32,16
3,SingleTrain_WithBaseValsalva,1,SBP,train,1,postExerciseHgcp,2722,2723,2723,5,21,subject1_day1_setup05_hgcp,116.540396640334,116.623482558117,0.08308591778300922,32,16
3,SingleTrain_WithBaseValsalva,1,SBP,train,1,postExerciseHgcp,2723,2724,2724,5,21,subject1_day1_setup05_hgcp,116.740118256617,116.740118256617,0.0,32,16
3,SingleTrain_WithBaseValsalva,1,SBP,train,1,postExerciseHgcp,2724,2725,2725,5,21,subject1_day1_setup05_hgcp,116.623482558117,116.825824755016,0.20234219689899646,32,16
3,SingleTrain_WithBaseValsalva,1,SBP,train,1,postExerciseHgcp,2725,2726,2726,5,21,subject1_day1_setup05_hgcp,116.669241270877,116.669241270877,0.0,32,16
3,SingleTrain_WithBaseValsalva,1,SBP,train,1,postExerciseHgcp,2726,2727,2727,5,21,subject1_day1_setup05_hgcp,116.899160314362,116.899160314362,0.0,32,16
3,SingleTrain_WithBaseValsalva,1,SBP,train,1,postExerciseHgcp,2727,2728,2728,5,21,subject1_day1_setup05_hgcp,116.902112329452,116.902112329452,0.0,32,16
3,SingleTrain_WithBaseValsalva,1,SBP,train,1,postExerciseHgcp,2728,2729,2729,5,21,subject1_day1_setup05_hgcp,116.825824755016,116.825824755016,0.0,32,16
3,SingleTrain_WithBaseValsalva,1,SBP,train,1,postExerciseHgcp,2729,2730,2730,5,21,subject1_day1_setup05_hgcp,117.035188417598,117.11441039446943,0.0792219768714375,32,16
3,SingleTrain_WithBaseValsalva,1,SBP,train,1,postExerciseHgcp,2730,2731,2731,5,21,subject1_day1_setup05_hgcp,117.178073959996,117.166681084743,-0.011392875252994372,32,16
3,SingleTrain_WithBaseValsalva,1,SBP,train,1,postExerciseHgcp,2731,2732,2732,5,21,subject1_day1_setup05_hgcp,117.166681084743,117.166681084743,0.0,32,16
3,SingleTrain_WithBaseValsalva,1,SBP,train,1,postExerciseHgcp,2732,2733,2733,5,21,subject1_day1_setup05_hgcp,117.201521852359,117.201521852359,0.0,32,16
3,SingleTrain_WithBaseValsalva,1,SBP,train,1,postExerciseHgcp,2733,2734,2734,5,21,subject1_day1_setup05_hgcp,117.61305538088,117.61305538088,0.0,32,16
3,SingleTrain_WithBaseValsalva,1,SBP,train,1,postExerciseHgcp,2734,2735,2735,5,21,subject1_day1_setup05_hgcp,117.901114339187,117.901114339187,0.0,32,16
3,SingleTrain_WithBaseValsalva,1,SBP,train,1,postExerciseHgcp,2735,2736,2736,5,21,subject1_day1_setup05_hgcp,118.221179848416,118.221179848416,0.0,32,16
3,SingleTrain_WithBaseValsalva,1,SBP,train,1,postExerciseHgcp,2736,2737,2737,5,21,subject1_day1_setup05_hgcp,118.578900123437,118.578900123437,0.0,32,16
3,SingleTrain_WithBaseValsalva,1,SBP,train,1,postExerciseHgcp,2737,2738,2738,5,21,subject1_day1_setup05_hgcp,118.765036586757,118.765036586757,0.0,32,16
3,SingleTrain_WithBaseValsalva,1,SBP,train,1,postExerciseHgcp,2738,2739,2739,5,21,subject1_day1_setup05_hgcp,118.796132900702,118.765036586757,-0.031096313944999565,32,16
3,SingleTrain_WithBaseValsalva,1,SBP,train,1,postExerciseHgcp,2739,2740,2740,5,21,subject1_day1_setup05_hgcp,118.755334635189,118.755334635189,0.0,32,16
3,SingleTrain_WithBaseValsalva,1,SBP,train,1,postExerciseHgcp,2740,2741,2741,5,21,subject1_day1_setup05_hgcp,118.82959326332,118.755334635189,-0.07425862813100537,32,16
3,SingleTrain_WithBaseValsalva,1,SBP,train,1,postExerciseHgcp,2741,2742,2742,5,21,subject1_day1_setup05_hgcp,118.732655285263,118.732655285263,0.0,32,16
3,SingleTrain_WithBaseValsalva,1,SBP,train,1,postExerciseHgcp,2742,2743,2743,5,21,subject1_day1_setup05_hgcp,118.342255134068,118.342255134068,0.0,32,16
3,SingleTrain_WithBaseValsalva,1,SBP,train,1,postExerciseHgcp,2743,2744,2744,5,22,subject1_day1_setup05_hgcp,120.234041084639,120.234041084639,0.0,32,16
3,SingleTrain_WithBaseValsalva,1,SBP,train,1,postExerciseHgcp,2744,2745,2745,5,22,subject1_day1_setup05_hgcp,120.116942185728,120.116942185728,0.0,32,16
3,SingleTrain_WithBaseValsalva,1,SBP,train,1,postExerciseHgcp,2745,2746,2746,5,22,subject1_day1_setup05_hgcp,120.124834017783,120.116942185728,-0.007891832054994552,32,16
3,SingleTrain_WithBaseValsalva,1,SBP,train,1,postExerciseHgcp,2746,2747,2747,5,22,subject1_day1_setup05_hgcp,119.874326420016,119.874326420016,0.0,32,16
3,SingleTrain_WithBaseValsalva,1,SBP,train,1,postExerciseHgcp,2747,2748,2748,5,22,subject1_day1_setup05_hgcp,119.45626573055,119.45626573055,0.0,32,16
3,SingleTrain_WithBaseValsalva,1,SBP,train,1,postExerciseHgcp,2748,2749,2749,5,22,subject1_day1_setup05_hgcp,119.269417229644,119.269417229644,0.0,32,16
3,SingleTrain_WithBaseValsalva,1,SBP,train,1,postExerciseHgcp,2749,2750,2750,5,22,subject1_day1_setup05_hgcp,119.222114132784,119.222114132784,0.0,32,16
3,SingleTrain_WithBaseValsalva,1,SBP,train,1,postExerciseHgcp,2750,2751,2751,5,22,subject1_day1_setup05_hgcp,119.029819581981,119.14903432285585,0.11921474087485251,32,16
3,SingleTrain_WithBaseValsalva,1,SBP,train,1,postExerciseHgcp,2751,2752,2752,5,22,subject1_day1_setup05_hgcp,118.700624715998,119.029819581981,0.3291948659829984,32,16
3,SingleTrain_WithBaseValsalva,1,SBP,train,1,postExerciseHgcp,2752,2753,2753,5,22,subject1_day1_setup05_hgcp,118.508119816793,118.508119816793,0.0,32,16
3,SingleTrain_WithBaseValsalva,1,SBP,train,1,postExerciseHgcp,2753,2754,2754,5,22,subject1_day1_setup05_hgcp,118.355663992646,118.355663992646,0.0,32,16
3,SingleTrain_WithBaseValsalva,1,SBP,train,1,postExerciseHgcp,2754,2755,2755,5,22,subject1_day1_setup05_hgcp,117.952386636526,117.952386636526,0.0,32,16
3,SingleTrain_WithBaseValsalva,1,SBP,train,1,postExerciseHgcp,2755,2756,2756,5,22,subject1_day1_setup05_hgcp,117.577516607287,117.577516607287,0.0,32,16
3,SingleTrain_WithBaseValsalva,1,SBP,train,1,postExerciseHgcp,2756,2757,2757,5,22,subject1_day1_setup05_hgcp,117.318740102783,117.318740102783,0.0,32,16
3,SingleTrain_WithBaseValsalva,1,SBP,train,1,postExerciseHgcp,2757,2758,2758,5,22,subject1_day1_setup05_hgcp,116.95616556292,116.95616556292,0.0,32,16
3,SingleTrain_WithBaseValsalva,1,SBP,train,1,postExerciseHgcp,2758,2759,2759,5,22,subject1_day1_setup05_hgcp,116.38929482652,116.38929482652,0.0,32,16
3,SingleTrain_WithBaseValsalva,1,SBP,train,1,postExerciseHgcp,2759,2760,2760,5,22,subject1_day1_setup05_hgcp,116.181219651225,116.181219651225,0.0,32,16
3,SingleTrain_WithBaseValsalva,1,SBP,train,1,postExerciseHgcp,2760,2761,2761,5,22,subject1_day1_setup05_hgcp,116.049808218412,116.049808218412,0.0,32,16
3,SingleTrain_WithBaseValsalva,1,SBP,train,1,postExerciseHgcp,2761,2762,2762,5,22,subject1_day1_setup05_hgcp,115.766891375171,115.766891375171,0.0,32,16
3,SingleTrain_WithBaseValsalva,1,SBP,train,1,postExerciseHgcp,2762,2763,2763,5,22,subject1_day1_setup05_hgcp,115.417964969593,115.417964969593,0.0,32,16
3,SingleTrain_WithBaseValsalva,1,SBP,train,1,postExerciseHgcp,2763,2764,2764,5,22,subject1_day1_setup05_hgcp,115.334192963601,115.334192963601,0.0,32,16
3,SingleTrain_WithBaseValsalva,1,SBP,train,1,postExerciseHgcp,2764,2765,2765,5,22,subject1_day1_setup05_hgcp,115.205195806936,115.205195806936,0.0,32,16
3,SingleTrain_WithBaseValsalva,1,SBP,train,1,postExerciseHgcp,2765,2766,2766,5,22,subject1_day1_setup05_hgcp,114.976239420424,115.205195806936,0.2289563865120101,32,16
3,SingleTrain_WithBaseValsalva,1,SBP,train,1,postExerciseHgcp,2766,2767,2767,5,22,subject1_day1_setup05_hgcp,114.846766520201,115.205195806936,0.35842928673500296,32,16
3,SingleTrain_WithBaseValsalva,1,SBP,train,1,postExerciseHgcp,2767,2768,2768,5,22,subject1_day1_setup05_hgcp,114.960163401624,115.15394920364942,0.19378580202541684,32,16
3,SingleTrain_WithBaseValsalva,1,SBP,train,1,postExerciseHgcp,2768,2769,2769,5,22,subject1_day1_setup05_hgcp,115.099174075992,115.099174075992,0.0,32,16
3,SingleTrain_WithBaseValsalva,1,SBP,train,1,postExerciseHgcp,2769,2770,2770,5,22,subject1_day1_setup05_hgcp,115.172057818584,115.172057818584,0.0,32,16
3,SingleTrain_WithBaseValsalva,1,SBP,train,1,postExerciseHgcp,2770,2771,2771,5,22,subject1_day1_setup05_hgcp,115.245244606329,115.245244606329,0.0,32,16
3,SingleTrain_WithBaseValsalva,1,SBP,train,1,postExerciseHgcp,2771,2772,2772,5,22,subject1_day1_setup05_hgcp,115.533839290656,115.533839290656,0.0,32,16
3,SingleTrain_WithBaseValsalva,1,SBP,train,1,postExerciseHgcp,2772,2773,2773,5,22,subject1_day1_setup05_hgcp,115.97338825173,115.97338825173,0.0,32,16
3,SingleTrain_WithBaseValsalva,1,SBP,train,1,postExerciseHgcp,2773,2774,2774,5,22,subject1_day1_setup05_hgcp,116.454854451674,116.454854451674,0.0,32,16
3,SingleTrain_WithBaseValsalva,1,SBP,train,1,postExerciseHgcp,2774,2775,2775,5,22,subject1_day1_setup05_hgcp,116.814888533468,116.814888533468,0.0,32,16
3,SingleTrain_WithBaseValsalva,1,SBP,train,1,postExerciseHgcp,2775,2776,2776,5,22,subject1_day1_setup05_hgcp,117.090178052438,117.090178052438,0.0,32,16
3,SingleTrain_WithBaseValsalva,1,SBP,train,1,postExerciseHgcp,2776,2777,2777,5,22,subject1_day1_setup05_hgcp,117.363931348036,117.363931348036,0.0,32,16
3,SingleTrain_WithBaseValsalva,1,SBP,train,1,postExerciseHgcp,2777,2778,2778,5,22,subject1_day1_setup05_hgcp,117.632880710588,117.632880710588,0.0,32,16
3,SingleTrain_WithBaseValsalva,1,SBP,train,1,postExerciseHgcp,2778,2779,2779,5,22,subject1_day1_setup05_hgcp,117.779184395593,117.632880710588,-0.1463036850050088,32,16
3,SingleTrain_WithBaseValsalva,1,SBP,train,1,postExerciseHgcp,2779,2780,2780,5,22,subject1_day1_setup05_hgcp,117.833356991377,117.747621310235,-0.08573568114199759,32,16
3,SingleTrain_WithBaseValsalva,1,SBP,train,1,postExerciseHgcp,2780,2781,2781,5,22,subject1_day1_setup05_hgcp,117.747621310235,117.747621310235,0.0,32,16
3,SingleTrain_WithBaseValsalva,1,SBP,train,1,postExerciseHgcp,2781,2782,2782,5,22,subject1_day1_setup05_hgcp,118.079727528302,118.079727528302,0.0,32,16
3,SingleTrain_WithBaseValsalva,1,SBP,train,1,postExerciseHgcp,2782,2783,2783,5,22,subject1_day1_setup05_hgcp,118.435542857311,118.435542857311,0.0,32,16
3,SingleTrain_WithBaseValsalva,1,SBP,train,1,postExerciseHgcp,2783,2784,2784,5,22,subject1_day1_setup05_hgcp,118.52689766631,118.52689766631,0.0,32,16
3,SingleTrain_WithBaseValsalva,1,SBP,train,1,postExerciseHgcp,2784,2785,2785,5,22,subject1_day1_setup05_hgcp,118.58993109188,118.58993109188,0.0,32,16
3,SingleTrain_WithBaseValsalva,1,SBP,train,1,postExerciseHgcp,2785,2786,2786,5,22,subject1_day1_setup05_hgcp,118.868568569263,118.868568569263,0.0,32,16
3,SingleTrain_WithBaseValsalva,1,SBP,train,1,postExerciseHgcp,2786,2787,2787,5,22,subject1_day1_setup05_hgcp,119.290621456111,118.85139802355991,-0.4392234325510884,32,16
3,SingleTrain_WithBaseValsalva,1,SBP,train,1,postExerciseHgcp,2787,2788,2788,5,22,subject1_day1_setup05_hgcp,119.395978261599,118.868568569263,-0.5274096923359934,32,16
3,SingleTrain_WithBaseValsalva,1,SBP,train,1,postExerciseHgcp,2788,2789,2789,5,22,subject1_day1_setup05_hgcp,119.250513597596,119.1724893653925,-0.07802423220350363,32,16
3,SingleTrain_WithBaseValsalva,1,SBP,train,1,postExerciseHgcp,2789,2790,2790,5,22,subject1_day1_setup05_hgcp,119.149099836299,119.014337680577,-0.1347621557220009,32,16
3,SingleTrain_WithBaseValsalva,1,SBP,train,1,postExerciseHgcp,2790,2791,2791,5,22,subject1_day1_setup05_hgcp,119.221587826881,119.014337680577,-0.2072501463040055,32,16
3,SingleTrain_WithBaseValsalva,1,SBP,train,1,postExerciseHgcp,2791,2792,2792,5,22,subject1_day1_setup05_hgcp,119.014337680577,118.646599967629,-0.3677377129479993,32,16
3,SingleTrain_WithBaseValsalva,1,SBP,train,1,postExerciseHgcp,2792,2793,2793,5,22,subject1_day1_setup05_hgcp,118.646599967629,118.46385598345,-0.18274398417899818,32,16
3,SingleTrain_WithBaseValsalva,1,SBP,train,1,postExerciseHgcp,2793,2794,2794,5,22,subject1_day1_setup05_hgcp,118.310956214945,118.265220949332,-0.045735265612989906,32,16
3,SingleTrain_WithBaseValsalva,1,SBP,train,1,postExerciseHgcp,2794,2795,2795,5,22,subject1_day1_setup05_hgcp,118.180337745702,118.180337745702,0.0,32,16
3,SingleTrain_WithBaseValsalva,1,SBP,train,1,postExerciseHgcp,2795,2796,2796,5,22,subject1_day1_setup05_hgcp,118.090360580501,118.154563691275,0.06420311077400243,32,16
3,SingleTrain_WithBaseValsalva,1,SBP,train,1,postExerciseHgcp,2796,2797,2797,5,22,subject1_day1_setup05_hgcp,118.085147835179,118.085147835179,0.0,32,16
3,SingleTrain_WithBaseValsalva,1,SBP,train,1,postExerciseHgcp,2797,2798,2798,5,22,subject1_day1_setup05_hgcp,118.172431438517,118.172431438517,0.0,32,16
3,SingleTrain_WithBaseValsalva,1,SBP,train,1,postExerciseHgcp,2798,2799,2799,5,22,subject1_day1_setup05_hgcp,118.376724839235,118.376724839235,0.0,32,16
3,SingleTrain_WithBaseValsalva,1,SBP,train,1,postExerciseHgcp,2799,2800,2800,5,22,subject1_day1_setup05_hgcp,118.580223911911,118.580223911911,0.0,32,16
3,SingleTrain_WithBaseValsalva,1,SBP,train,1,postExerciseHgcp,2800,2801,2801,5,22,subject1_day1_setup05_hgcp,118.822921906806,118.580223911911,-0.24269799489499633,32,16
3,SingleTrain_WithBaseValsalva,1,SBP,train,1,postExerciseHgcp,2801,2802,2802,5,22,subject1_day1_setup05_hgcp,118.545840194772,118.545840194772,0.0,32,16
3,SingleTrain_WithBaseValsalva,1,SBP,train,1,postExerciseHgcp,2802,2803,2803,5,22,subject1_day1_setup05_hgcp,118.242617355393,118.242617355393,0.0,32,16
3,SingleTrain_WithBaseValsalva,1,SBP,train,1,postExerciseHgcp,2803,2804,2804,5,22,subject1_day1_setup05_hgcp,118.22756691222,118.22704626619476,-0.0005206460252367151,32,16
3,SingleTrain_WithBaseValsalva,1,SBP,train,1,postExerciseHgcp,2804,2805,2805,5,22,subject1_day1_setup05_hgcp,118.170748204723,118.170748204723,0.0,32,16
3,SingleTrain_WithBaseValsalva,1,SBP,train,1,postExerciseHgcp,2805,2806,2806,5,22,subject1_day1_setup05_hgcp,117.811811019326,117.811811019326,0.0,32,16
3,SingleTrain_WithBaseValsalva,1,SBP,train,1,postExerciseHgcp,2806,2807,2807,5,22,subject1_day1_setup05_hgcp,117.441655112748,117.56548068493674,0.12382557218874979,32,16
3,SingleTrain_WithBaseValsalva,1,SBP,train,1,postExerciseHgcp,2807,2808,2808,5,22,subject1_day1_setup05_hgcp,117.543867483192,117.543867483192,0.0,32,16
3,SingleTrain_WithBaseValsalva,1,SBP,train,1,postExerciseHgcp,2808,2809,2809,5,22,subject1_day1_setup05_hgcp,117.807079301507,117.807079301507,0.0,32,16
3,SingleTrain_WithBaseValsalva,1,SBP,train,1,postExerciseHgcp,2809,2810,2810,5,22,subject1_day1_setup05_hgcp,117.799969637619,117.799969637619,0.0,32,16
3,SingleTrain_WithBaseValsalva,1,SBP,train,1,postExerciseHgcp,2810,2811,2811,5,22,subject1_day1_setup05_hgcp,117.831349545044,117.831349545044,0.0,32,16
3,SingleTrain_WithBaseValsalva,1,SBP,train,1,postExerciseHgcp,2811,2812,2812,5,22,subject1_day1_setup05_hgcp,118.171983126195,118.171983126195,0.0,32,16
3,SingleTrain_WithBaseValsalva,1,SBP,train,1,postExerciseHgcp,2812,2813,2813,5,22,subject1_day1_setup05_hgcp,118.225718316052,118.007379707395,-0.2183386086569925,32,16
3,SingleTrain_WithBaseValsalva,1,SBP,train,1,postExerciseHgcp,2813,2814,2814,5,22,subject1_day1_setup05_hgcp,118.007379707395,118.007379707395,0.0,32,16
3,SingleTrain_WithBaseValsalva,1,SBP,train,1,postExerciseHgcp,2814,2815,2815,5,22,subject1_day1_setup05_hgcp,117.994733926199,117.994733926199,0.0,32,16
3,SingleTrain_WithBaseValsalva,1,SBP,train,1,postExerciseHgcp,2815,2816,2816,5,22,subject1_day1_setup05_hgcp,118.068048777723,118.068048777723,0.0,32,16
3,SingleTrain_WithBaseValsalva,1,SBP,train,1,postExerciseHgcp,2816,2817,2817,5,22,subject1_day1_setup05_hgcp,117.719280404516,117.9737774106734,0.25449700615740767,32,16
3,SingleTrain_WithBaseValsalva,1,SBP,train,1,postExerciseHgcp,2817,2818,2818,5,22,subject1_day1_setup05_hgcp,117.313991800521,117.719280404516,0.4052886039950039,32,16
3,SingleTrain_WithBaseValsalva,1,SBP,train,1,postExerciseHgcp,2818,2819,2819,5,22,subject1_day1_setup05_hgcp,117.10148393879,117.313991800521,0.21250786173099812,32,16
3,SingleTrain_WithBaseValsalva,1,SBP,train,1,postExerciseHgcp,2819,2820,2820,5,22,subject1_day1_setup05_hgcp,116.827575248556,116.827575248556,0.0,32,16
3,SingleTrain_WithBaseValsalva,1,SBP,train,1,postExerciseHgcp,2820,2821,2821,5,22,subject1_day1_setup05_hgcp,116.525836675332,116.566289761046,0.040453085713991754,32,16
3,SingleTrain_WithBaseValsalva,1,SBP,train,1,postExerciseHgcp,2821,2822,2822,5,22,subject1_day1_setup05_hgcp,116.533175227092,116.57753851272199,0.04436328562998426,32,16
3,SingleTrain_WithBaseValsalva,1,SBP,train,1,postExerciseHgcp,2822,2823,2823,5,22,subject1_day1_setup05_hgcp,116.704458619315,116.69756982492851,-0.006888794386497921,32,16
3,SingleTrain_WithBaseValsalva,1,SBP,train,1,postExerciseHgcp,2823,2824,2824,5,22,subject1_day1_setup05_hgcp,116.596921327192,116.596921327192,0.0,32,16
3,SingleTrain_WithBaseValsalva,1,SBP,train,1,postExerciseHgcp,2824,2825,2825,5,22,subject1_day1_setup05_hgcp,116.566289761046,116.566289761046,0.0,32,16
3,SingleTrain_WithBaseValsalva,1,SBP,train,1,postExerciseHgcp,2825,2826,2826,5,22,subject1_day1_setup05_hgcp,116.690681030542,116.690681030542,0.0,32,16
3,SingleTrain_WithBaseValsalva,1,SBP,train,1,postExerciseHgcp,2826,2827,2827,5,22,subject1_day1_setup05_hgcp,116.567996424133,116.567996424133,0.0,32,16
3,SingleTrain_WithBaseValsalva,1,SBP,train,1,postExerciseHgcp,2827,2828,2828,5,22,subject1_day1_setup05_hgcp,116.108074569859,116.108074569859,0.0,32,16
3,SingleTrain_WithBaseValsalva,1,SBP,train,1,postExerciseHgcp,2828,2829,2829,5,22,subject1_day1_setup05_hgcp,115.771982703024,116.108074569859,0.33609186683500525,32,16
3,SingleTrain_WithBaseValsalva,1,SBP,train,1,postExerciseHgcp,2829,2830,2830,5,22,subject1_day1_setup05_hgcp,115.604500281993,115.604500281993,0.0,32,16
3,SingleTrain_WithBaseValsalva,1,SBP,train,1,postExerciseHgcp,2830,2831,2831,5,22,subject1_day1_setup05_hgcp,115.28900265471,115.28900265471,0.0,32,16
3,SingleTrain_WithBaseValsalva,1,SBP,train,1,postExerciseHgcp,2831,2832,2832,5,22,subject1_day1_setup05_hgcp,115.035191477389,115.243941440139,0.2087499627499909,32,16
3,SingleTrain_WithBaseValsalva,1,SBP,train,1,postExerciseHgcp,2832,2833,2833,5,22,subject1_day1_setup05_hgcp,115.243941440139,115.604500281993,0.3605588418540009,32,16
3,SingleTrain_WithBaseValsalva,1,SBP,train,1,postExerciseHgcp,2833,2834,2834,5,22,subject1_day1_setup05_hgcp,115.711208890039,115.711208890039,0.0,32,16
3,SingleTrain_WithBaseValsalva,1,SBP,train,1,postExerciseHgcp,2834,2835,2835,5,22,subject1_day1_setup05_hgcp,116.020674793776,116.020674793776,0.0,32,16
3,SingleTrain_WithBaseValsalva,1,SBP,train,1,postExerciseHgcp,2835,2836,2836,5,22,subject1_day1_setup05_hgcp,116.420544620553,116.420544620553,0.0,32,16
3,SingleTrain_WithBaseValsalva,1,SBP,train,1,postExerciseHgcp,2836,2837,2837,5,22,subject1_day1_setup05_hgcp,117.182899410355,117.182899410355,0.0,32,16
3,SingleTrain_WithBaseValsalva,1,SBP,train,1,postExerciseHgcp,2837,2838,2838,5,22,subject1_day1_setup05_hgcp,117.742473225517,117.742473225517,0.0,32,16
3,SingleTrain_WithBaseValsalva,1,SBP,train,1,postExerciseHgcp,2838,2839,2839,5,22,subject1_day1_setup05_hgcp,118.081130891364,118.081130891364,0.0,32,16
3,SingleTrain_WithBaseValsalva,1,SBP,train,1,postExerciseHgcp,2839,2840,2840,5,22,subject1_day1_setup05_hgcp,118.613973316025,118.613973316025,0.0,32,16
3,SingleTrain_WithBaseValsalva,1,SBP,train,1,postExerciseHgcp,2840,2841,2841,5,22,subject1_day1_setup05_hgcp,119.04860274553,119.04860274553,0.0,32,16
3,SingleTrain_WithBaseValsalva,1,SBP,train,1,postExerciseHgcp,2841,2842,2842,5,22,subject1_day1_setup05_hgcp,119.18832732305,119.18832732305,0.0,32,16
3,SingleTrain_WithBaseValsalva,1,SBP,train,1,postExerciseHgcp,2842,2843,2843,5,22,subject1_day1_setup05_hgcp,119.488888333479,119.488888333479,0.0,32,16
3,SingleTrain_WithBaseValsalva,1,SBP,train,1,postExerciseHgcp,2843,2844,2844,5,22,subject1_day1_setup05_hgcp,120.059099033841,120.059099033841,0.0,32,16
3,SingleTrain_WithBaseValsalva,1,SBP,train,1,postExerciseHgcp,2844,2845,2845,5,22,subject1_day1_setup05_hgcp,120.320336038257,120.320336038257,0.0,32,16
3,SingleTrain_WithBaseValsalva,1,SBP,train,1,postExerciseHgcp,2845,2846,2846,5,22,subject1_day1_setup05_hgcp,120.559117868822,120.559117868822,0.0,32,16
3,SingleTrain_WithBaseValsalva,1,SBP,train,1,postExerciseHgcp,2846,2847,2847,5,22,subject1_day1_setup05_hgcp,121.020816644436,121.020816644436,0.0,32,16
3,SingleTrain_WithBaseValsalva,1,SBP,train,1,postExerciseHgcp,2847,2848,2848,5,22,subject1_day1_setup05_hgcp,121.361493484439,121.361493484439,0.0,32,16
3,SingleTrain_WithBaseValsalva,1,SBP,train,1,postExerciseHgcp,2848,2849,2849,5,22,subject1_day1_setup05_hgcp,121.411224360508,121.411224360508,0.0,32,16
3,SingleTrain_WithBaseValsalva,1,SBP,train,1,postExerciseHgcp,2849,2850,2850,5,22,subject1_day1_setup05_hgcp,121.689371317885,121.689371317885,0.0,32,16
3,SingleTrain_WithBaseValsalva,1,SBP,train,1,postExerciseHgcp,2850,2851,2851,5,22,subject1_day1_setup05_hgcp,122.05169060324,122.01605137121685,-0.035639232023157774,32,16
3,SingleTrain_WithBaseValsalva,1,SBP,train,1,postExerciseHgcp,2851,2852,2852,5,22,subject1_day1_setup05_hgcp,122.249839743953,122.05698408145,-0.1928556625030069,32,16
3,SingleTrain_WithBaseValsalva,1,SBP,train,1,postExerciseHgcp,2852,2853,2853,5,22,subject1_day1_setup05_hgcp,122.277254485964,122.21743367385598,-0.05982081210801482,32,16
3,SingleTrain_WithBaseValsalva,1,SBP,train,1,postExerciseHgcp,2853,2854,2854,5,22,subject1_day1_setup05_hgcp,122.217433673856,122.193501035009,-0.023932638846986265,32,16
3,SingleTrain_WithBaseValsalva,1,SBP,train,1,postExerciseHgcp,2854,2855,2855,5,22,subject1_day1_setup05_hgcp,122.193501035009,122.05698408145,-0.13651695355900983,32,16
3,SingleTrain_WithBaseValsalva,1,SBP,train,1,postExerciseHgcp,2855,2856,2856,5,22,subject1_day1_setup05_hgcp,122.05698408145,122.05169060324,-0.005293478209992486,32,16
3,SingleTrain_WithBaseValsalva,1,SBP,train,1,postExerciseHgcp,2856,2857,2857,5,22,subject1_day1_setup05_hgcp,121.70812462067,121.70812462067,0.0,32,16
3,SingleTrain_WithBaseValsalva,1,SBP,train,1,postExerciseHgcp,2857,2858,2858,5,22,subject1_day1_setup05_hgcp,121.465967003816,121.465967003816,0.0,32,16
3,SingleTrain_WithBaseValsalva,1,SBP,train,1,postExerciseHgcp,2858,2859,2859,5,22,subject1_day1_setup05_hgcp,121.388896308148,121.465967003816,0.07707069566799873,32,16
3,SingleTrain_WithBaseValsalva,1,SBP,train,1,postExerciseHgcp,2859,2860,2860,5,22,subject1_day1_setup05_hgcp,121.078997826089,121.078997826089,0.0,32,16
3,SingleTrain_WithBaseValsalva,1,SBP,train,1,postExerciseHgcp,2860,2861,2861,5,22,subject1_day1_setup05_hgcp,120.870652267157,120.870652267157,0.0,32,16
3,SingleTrain_WithBaseValsalva,1,SBP,train,1,postExerciseHgcp,2893,2894,2894,6,23,subject1_day1_setup06_hgcp,111.334962971393,111.334962971393,0.0,32,16
3,SingleTrain_WithBaseValsalva,1,SBP,train,1,postExerciseHgcp,2920,2921,2921,6,23,subject1_day1_setup06_hgcp,124.929936891183,124.929936891183,0.0,32,16
3,SingleTrain_WithBaseValsalva,1,SBP,train,1,postExerciseHgcp,2921,2922,2922,6,23,subject1_day1_setup06_hgcp,125.805407864966,125.805407864966,0.0,32,16
3,SingleTrain_WithBaseValsalva,1,SBP,train,1,postExerciseHgcp,2922,2923,2923,6,23,subject1_day1_setup06_hgcp,126.629858859432,126.629858859432,0.0,32,16
3,SingleTrain_WithBaseValsalva,1,SBP,train,1,postExerciseHgcp,2923,2924,2924,6,23,subject1_day1_setup06_hgcp,127.459537406927,127.459537406927,0.0,32,16
3,SingleTrain_WithBaseValsalva,1,SBP,train,1,postExerciseHgcp,2924,2925,2925,6,23,subject1_day1_setup06_hgcp,128.195026808847,128.195026808847,0.0,32,16
3,SingleTrain_WithBaseValsalva,1,SBP,train,1,postExerciseHgcp,2925,2926,2926,6,23,subject1_day1_setup06_hgcp,128.755459744918,128.755459744918,0.0,32,16
3,SingleTrain_WithBaseValsalva,1,SBP,train,1,postExerciseHgcp,2926,2927,2927,6,23,subject1_day1_setup06_hgcp,129.392555740861,129.392555740861,0.0,32,16
3,SingleTrain_WithBaseValsalva,1,SBP,train,1,postExerciseHgcp,2927,2928,2928,6,23,subject1_day1_setup06_hgcp,130.086216598898,130.086216598898,0.0,32,16
3,SingleTrain_WithBaseValsalva,1,SBP,train,1,postExerciseHgcp,2928,2929,2929,6,23,subject1_day1_setup06_hgcp,130.740814711304,130.740814711304,0.0,32,16
3,SingleTrain_WithBaseValsalva,1,SBP,train,1,postExerciseHgcp,2929,2930,2930,6,23,subject1_day1_setup06_hgcp,131.417659979451,131.417659979451,0.0,32,16
3,SingleTrain_WithBaseValsalva,1,SBP,train,1,postExerciseHgcp,2930,2931,2931,6,23,subject1_day1_setup06_hgcp,131.966990443961,131.966990443961,0.0,32,16
3,SingleTrain_WithBaseValsalva,1,SBP,train,1,postExerciseHgcp,2931,2932,2932,6,23,subject1_day1_setup06_hgcp,132.093015600085,131.966990443961,-0.12602515612400111,32,16
3,SingleTrain_WithBaseValsalva,1,SBP,train,1,postExerciseHgcp,2966,2967,2967,6,23,subject1_day1_setup06_hgcp,130.584111141188,130.584111141188,0.0,32,16
3,SingleTrain_WithBaseValsalva,1,SBP,train,1,postExerciseHgcp,2967,2968,2968,6,23,subject1_day1_setup06_hgcp,130.508024428211,130.5101612139805,0.002136785769494054,32,16
3,SingleTrain_WithBaseValsalva,1,SBP,train,1,postExerciseHgcp,2968,2969,2969,6,23,subject1_day1_setup06_hgcp,130.51229799975,130.51229799975,0.0,32,16
3,SingleTrain_WithBaseValsalva,1,SBP,train,1,postExerciseHgcp,2969,2970,2970,6,23,subject1_day1_setup06_hgcp,130.189169563199,130.189169563199,0.0,32,16
3,SingleTrain_WithBaseValsalva,1,SBP,train,1,postExerciseHgcp,2970,2971,2971,6,23,subject1_day1_setup06_hgcp,129.935805158561,130.20047399799,0.26466883942899244,32,16
3,SingleTrain_WithBaseValsalva,1,SBP,train,1,postExerciseHgcp,2971,2972,2972,6,23,subject1_day1_setup06_hgcp,130.029720471579,130.189169563199,0.1594490916199902,32,16
3,SingleTrain_WithBaseValsalva,1,SBP,train,1,postExerciseHgcp,2972,2973,2973,6,23,subject1_day1_setup06_hgcp,130.20047399799,130.20047399799,0.0,32,16
3,SingleTrain_WithBaseValsalva,1,SBP,train,1,postExerciseHgcp,2973,2974,2974,6,23,subject1_day1_setup06_hgcp,130.105042744716,130.2265002874,0.12145754268399855,32,16
3,SingleTrain_WithBaseValsalva,1,SBP,train,1,postExerciseHgcp,2974,2975,2975,6,23,subject1_day1_setup06_hgcp,130.2265002874,130.229700250424,0.0031999630240022725,32,16
3,SingleTrain_WithBaseValsalva,1,SBP,train,1,postExerciseHgcp,2975,2976,2976,6,23,subject1_day1_setup06_hgcp,130.483205242453,130.508024428211,0.024819185757991136,32,16
3,SingleTrain_WithBaseValsalva,1,SBP,train,1,postExerciseHgcp,2976,2977,2977,6,23,subject1_day1_setup06_hgcp,130.880460302943,130.880460302943,0.0,32,16
3,SingleTrain_WithBaseValsalva,1,SBP,train,1,postExerciseHgcp,2977,2978,2978,6,23,subject1_day1_setup06_hgcp,131.26446647661,131.26446647661,0.0,32,16
3,SingleTrain_WithBaseValsalva,1,SBP,train,1,postExerciseHgcp,2978,2979,2979,6,23,subject1_day1_setup06_hgcp,131.810598106305,131.810598106305,0.0,32,16
3,SingleTrain_WithBaseValsalva,1,SBP,train,1,postExerciseHgcp,2979,2980,2980,6,23,subject1_day1_setup06_hgcp,132.525891489713,132.525891489713,0.0,32,16
3,SingleTrain_WithBaseValsalva,1,SBP,train,1,postExerciseHgcp,2980,2981,2981,6,23,subject1_day1_setup06_hgcp,133.13026979309,133.113202058236,-0.017067734854009586,32,16
3,SingleTrain_WithBaseValsalva,1,SBP,train,1,postExerciseHgcp,2981,2982,2982,6,23,subject1_day1_setup06_hgcp,133.256794423697,133.13026979309,-0.12652463060697983,32,16
3,SingleTrain_WithBaseValsalva,1,SBP,train,1,postExerciseHgcp,2982,2983,2983,6,23,subject1_day1_setup06_hgcp,133.113202058236,132.883354480655,-0.22984757758101182,32,16
3,SingleTrain_WithBaseValsalva,1,SBP,train,1,postExerciseHgcp,2983,2984,2984,6,23,subject1_day1_setup06_hgcp,133.065131620087,133.065131620087,0.0,32,16
3,SingleTrain_WithBaseValsalva,1,SBP,train,1,postExerciseHgcp,2984,2985,2985,6,23,subject1_day1_setup06_hgcp,132.883354480655,132.883354480655,0.0,32,16
3,SingleTrain_WithBaseValsalva,1,SBP,train,1,postExerciseHgcp,2985,2986,2986,6,23,subject1_day1_setup06_hgcp,132.657160538264,132.657160538264,0.0,32,16
3,SingleTrain_WithBaseValsalva,1,SBP,train,1,postExerciseHgcp,2986,2987,2987,6,23,subject1_day1_setup06_hgcp,132.505743211744,132.505743211744,0.0,32,16
3,SingleTrain_WithBaseValsalva,1,SBP,train,1,postExerciseHgcp,2987,2988,2988,6,23,subject1_day1_setup06_hgcp,132.56696342328,132.56696342328,0.0,32,16
3,SingleTrain_WithBaseValsalva,1,SBP,train,1,postExerciseHgcp,2989,2990,2990,6,23,subject1_day1_setup06_hgcp,132.899155737425,132.899155737425,0.0,32,16
3,SingleTrain_WithBaseValsalva,1,SBP,train,1,postExerciseHgcp,2992,2993,2993,6,23,subject1_day1_setup06_hgcp,133.47368082191,133.47368082191,0.0,32,16
3,SingleTrain_WithBaseValsalva,1,SBP,train,1,postExerciseHgcp,2995,2996,2996,6,23,subject1_day1_setup06_hgcp,134.79953050291,134.79953050291,0.0,32,16
3,SingleTrain_WithBaseValsalva,1,SBP,train,1,postExerciseHgcp,2996,2997,2997,6,23,subject1_day1_setup06_hgcp,134.710774990127,134.710774990127,0.0,32,16
3,SingleTrain_WithBaseValsalva,1,SBP,train,1,postExerciseHgcp,2997,2998,2998,6,23,subject1_day1_setup06_hgcp,134.478661122114,134.478661122114,0.0,32,16
3,SingleTrain_WithBaseValsalva,1,SBP,train,1,postExerciseHgcp,3007,3008,3008,6,24,subject1_day1_setup06_hgcp,133.217165420104,133.217165420104,0.0,32,16
3,SingleTrain_WithBaseValsalva,1,SBP,train,1,postExerciseHgcp,3027,3028,3028,6,24,subject1_day1_setup06_hgcp,126.481497516356,126.481497516356,0.0,32,16
3,SingleTrain_WithBaseValsalva,1,SBP,train,1,postExerciseHgcp,3029,3030,3030,6,24,subject1_day1_setup06_hgcp,125.551005767556,125.551005767556,0.0,32,16
3,SingleTrain_WithBaseValsalva,1,SBP,train,1,postExerciseHgcp,3036,3037,3037,6,24,subject1_day1_setup06_hgcp,125.756923360351,125.756923360351,0.0,32,16
3,SingleTrain_WithBaseValsalva,1,SBP,train,1,postExerciseHgcp,3037,3038,3038,6,24,subject1_day1_setup06_hgcp,125.907078383478,125.907078383478,0.0,32,16
3,SingleTrain_WithBaseValsalva,1,SBP,train,1,postExerciseHgcp,3038,3039,3039,6,24,subject1_day1_setup06_hgcp,126.316269951581,126.316269951581,0.0,32,16
3,SingleTrain_WithBaseValsalva,1,SBP,train,1,postExerciseHgcp,3039,3040,3040,6,24,subject1_day1_setup06_hgcp,126.809349728605,126.809349728605,0.0,32,16
3,SingleTrain_WithBaseValsalva,1,SBP,train,1,postExerciseHgcp,3040,3041,3041,6,24,subject1_day1_setup06_hgcp,127.147997501982,127.147997501982,0.0,32,16
3,SingleTrain_WithBaseValsalva,1,SBP,train,1,postExerciseHgcp,3041,3042,3042,6,24,subject1_day1_setup06_hgcp,127.605608907696,128.149104978208,0.543496070511992,32,16
3,SingleTrain_WithBaseValsalva,1,SBP,train,1,postExerciseHgcp,3042,3043,3043,6,24,subject1_day1_setup06_hgcp,128.149104978208,128.149104978208,0.0,32,16
3,SingleTrain_WithBaseValsalva,1,SBP,train,1,postExerciseHgcp,3043,3044,3044,6,24,subject1_day1_setup06_hgcp,128.233239450339,128.233239450339,0.0,32,16
3,SingleTrain_WithBaseValsalva,1,SBP,train,1,postExerciseHgcp,3044,3045,3045,6,24,subject1_day1_setup06_hgcp,128.264325909364,128.264325909364,0.0,32,16
3,SingleTrain_WithBaseValsalva,1,SBP,train,1,postExerciseHgcp,3045,3046,3046,6,24,subject1_day1_setup06_hgcp,128.550449181303,128.550449181303,0.0,32,16
3,SingleTrain_WithBaseValsalva,1,SBP,train,1,postExerciseHgcp,3046,3047,3047,6,24,subject1_day1_setup06_hgcp,128.948103684094,128.948103684094,0.0,32,16
3,SingleTrain_WithBaseValsalva,1,SBP,train,1,postExerciseHgcp,3047,3048,3048,6,24,subject1_day1_setup06_hgcp,128.996324157841,128.996324157841,0.0,32,16
3,SingleTrain_WithBaseValsalva,1,SBP,train,1,postExerciseHgcp,3048,3049,3049,6,24,subject1_day1_setup06_hgcp,129.300377050722,129.300377050722,0.0,32,16
3,SingleTrain_WithBaseValsalva,1,SBP,train,1,postExerciseHgcp,3049,3050,3050,6,24,subject1_day1_setup06_hgcp,130.08908952077,130.08908952077,0.0,32,16
3,SingleTrain_WithBaseValsalva,1,SBP,train,1,postExerciseHgcp,3050,3051,3051,6,24,subject1_day1_setup06_hgcp,131.141576936192,131.141576936192,0.0,32,16
3,SingleTrain_WithBaseValsalva,1,SBP,train,1,postExerciseHgcp,3051,3052,3052,6,24,subject1_day1_setup06_hgcp,132.07469447046,132.07469447046,0.0,32,16
3,SingleTrain_WithBaseValsalva,1,SBP,train,1,postExerciseHgcp,3052,3053,3053,6,24,subject1_day1_setup06_hgcp,133.077086464608,133.077086464608,0.0,32,16
3,SingleTrain_WithBaseValsalva,1,SBP,train,1,postExerciseHgcp,3053,3054,3054,6,24,subject1_day1_setup06_hgcp,134.121717347019,134.121717347019,0.0,32,16
3,SingleTrain_WithBaseValsalva,1,SBP,train,1,postExerciseHgcp,3054,3055,3055,6,24,subject1_day1_setup06_hgcp,135.208123427473,135.208123427473,0.0,32,16
3,SingleTrain_WithBaseValsalva,1,SBP,train,1,postExerciseHgcp,3055,3056,3056,6,24,subject1_day1_setup06_hgcp,135.740266052505,135.740266052505,0.0,32,16
3,SingleTrain_WithBaseValsalva,1,SBP,train,1,postExerciseHgcp,3056,3057,3057,6,24,subject1_day1_setup06_hgcp,136.295547691462,136.295547691462,0.0,32,16
3,SingleTrain_WithBaseValsalva,1,SBP,train,1,postExerciseHgcp,3057,3058,3058,6,24,subject1_day1_setup06_hgcp,137.151593596027,137.151593596027,0.0,32,16
3,SingleTrain_WithBaseValsalva,1,SBP,train,1,postExerciseHgcp,3058,3059,3059,6,24,subject1_day1_setup06_hgcp,138.094775810605,138.094775810605,0.0,32,16
3,SingleTrain_WithBaseValsalva,1,SBP,train,1,postExerciseHgcp,3059,3060,3060,6,24,subject1_day1_setup06_hgcp,138.812717902341,138.812717902341,0.0,32,16
3,SingleTrain_WithBaseValsalva,1,SBP,train,1,postExerciseHgcp,3060,3061,3061,6,24,subject1_day1_setup06_hgcp,139.319259310054,139.319259310054,0.0,32,16
3,SingleTrain_WithBaseValsalva,1,SBP,train,1,postExerciseHgcp,3061,3062,3062,6,24,subject1_day1_setup06_hgcp,139.909792348227,139.909792348227,0.0,32,16
3,SingleTrain_WithBaseValsalva,1,SBP,train,1,postExerciseHgcp,3062,3063,3063,6,24,subject1_day1_setup06_hgcp,140.605275426164,140.605275426164,0.0,32,16
3,SingleTrain_WithBaseValsalva,1,SBP,train,1,postExerciseHgcp,3063,3064,3064,6,24,subject1_day1_setup06_hgcp,141.556499964026,141.556499964026,0.0,32,16
3,SingleTrain_WithBaseValsalva,1,SBP,train,1,postExerciseHgcp,3064,3065,3065,6,24,subject1_day1_setup06_hgcp,142.416618353071,142.416618353071,0.0,32,16
3,SingleTrain_WithBaseValsalva,1,SBP,train,1,postExerciseHgcp,3065,3066,3066,6,24,subject1_day1_setup06_hgcp,143.107343362893,143.107343362893,0.0,32,16
3,SingleTrain_WithBaseValsalva,1,SBP,train,1,postExerciseHgcp,3066,3067,3067,6,24,subject1_day1_setup06_hgcp,143.649543033162,143.649543033162,0.0,32,16
3,SingleTrain_WithBaseValsalva,1,SBP,train,1,postExerciseHgcp,3067,3068,3068,6,24,subject1_day1_setup06_hgcp,144.204161343081,144.204161343081,0.0,32,16
3,SingleTrain_WithBaseValsalva,1,SBP,train,1,postExerciseHgcp,3068,3069,3069,6,24,subject1_day1_setup06_hgcp,144.452439609471,144.452439609471,0.0,32,16
3,SingleTrain_WithBaseValsalva,1,SBP,train,1,postExerciseHgcp,3069,3070,3070,6,24,subject1_day1_setup06_hgcp,144.312863391153,144.312863391153,0.0,32,16
3,SingleTrain_WithBaseValsalva,1,SBP,train,1,postExerciseHgcp,3070,3071,3071,6,24,subject1_day1_setup06_hgcp,144.009916329653,143.649543033162,-0.36037329649101935,32,16
3,SingleTrain_WithBaseValsalva,1,SBP,train,1,postExerciseHgcp,3071,3072,3072,6,24,subject1_day1_setup06_hgcp,143.863934737579,143.83742258353402,-0.026512154044979752,32,16
3,SingleTrain_WithBaseValsalva,1,SBP,train,1,postExerciseHgcp,3072,3073,3073,6,24,subject1_day1_setup06_hgcp,143.535200425043,143.535200425043,0.0,32,16
3,SingleTrain_WithBaseValsalva,1,SBP,train,1,postExerciseHgcp,3083,3084,3084,6,24,subject1_day1_setup06_hgcp,138.503463745689,138.503463745689,0.0,32,16
3,SingleTrain_WithBaseValsalva,1,SBP,train,1,postExerciseHgcp,3084,3085,3085,6,24,subject1_day1_setup06_hgcp,138.647991601667,138.647991601667,0.0,32,16
3,SingleTrain_WithBaseValsalva,1,SBP,train,1,postExerciseHgcp,3085,3086,3086,6,24,subject1_day1_setup06_hgcp,138.745167139702,138.745167139702,0.0,32,16
3,SingleTrain_WithBaseValsalva,1,SBP,train,1,postExerciseHgcp,3086,3087,3087,6,24,subject1_day1_setup06_hgcp,138.493382014471,138.493382014471,0.0,32,16
3,SingleTrain_WithBaseValsalva,1,SBP,train,1,postExerciseHgcp,3087,3088,3088,6,24,subject1_day1_setup06_hgcp,137.88072697927,137.88072697927,0.0,32,16
3,SingleTrain_WithBaseValsalva,1,SBP,train,1,postExerciseHgcp,3088,3089,3089,6,24,subject1_day1_setup06_hgcp,137.270006384024,137.270006384024,0.0,32,16
3,SingleTrain_WithBaseValsalva,1,SBP,train,1,postExerciseHgcp,3089,3090,3090,6,24,subject1_day1_setup06_hgcp,136.857788794698,136.857788794698,0.0,32,16
3,SingleTrain_WithBaseValsalva,1,SBP,train,1,postExerciseHgcp,3090,3091,3091,6,24,subject1_day1_setup06_hgcp,136.365083500231,136.053775799938,-0.311307700293014,32,16
3,SingleTrain_WithBaseValsalva,1,SBP,train,1,postExerciseHgcp,3091,3092,3092,6,24,subject1_day1_setup06_hgcp,135.692111881961,135.692111881961,0.0,32,16
3,SingleTrain_WithBaseValsalva,1,SBP,train,1,postExerciseHgcp,3092,3093,3093,6,24,subject1_day1_setup06_hgcp,134.978085683046,134.978085683046,0.0,32,16
3,SingleTrain_WithBaseValsalva,1,SBP,train,1,postExerciseHgcp,3093,3094,3094,6,24,subject1_day1_setup06_hgcp,134.671979709619,134.844644404003,0.17266469438399668,32,16
3,SingleTrain_WithBaseValsalva,1,SBP,train,1,postExerciseHgcp,3094,3095,3095,6,24,subject1_day1_setup06_hgcp,134.688729763709,134.844644404003,0.15591464029398594,32,16
3,SingleTrain_WithBaseValsalva,1,SBP,train,1,postExerciseHgcp,3095,3096,3096,6,24,subject1_day1_setup06_hgcp,134.844644404003,134.963231984429,0.11858758042600925,32,16
3,SingleTrain_WithBaseValsalva,1,SBP,train,1,postExerciseHgcp,3096,3097,3097,6,24,subject1_day1_setup06_hgcp,135.066965866238,135.066965866238,0.0,32,16
3,SingleTrain_WithBaseValsalva,1,SBP,train,1,postExerciseHgcp,3097,3098,3098,6,24,subject1_day1_setup06_hgcp,135.373230191332,135.373230191332,0.0,32,16
3,SingleTrain_WithBaseValsalva,1,SBP,train,1,postExerciseHgcp,3098,3099,3099,6,24,subject1_day1_setup06_hgcp,135.693052082119,135.693052082119,0.0,32,16
3,SingleTrain_WithBaseValsalva,1,SBP,train,1,postExerciseHgcp,3099,3100,3100,6,24,subject1_day1_setup06_hgcp,135.77139883386,135.77139883386,0.0,32,16
3,SingleTrain_WithBaseValsalva,1,SBP,train,1,postExerciseHgcp,3100,3101,3101,6,24,subject1_day1_setup06_hgcp,135.958134814338,135.958134814338,0.0,32,16
3,SingleTrain_WithBaseValsalva,1,SBP,train,1,postExerciseHgcp,3101,3102,3102,6,24,subject1_day1_setup06_hgcp,135.982302599977,135.982302599977,0.0,32,16
3,SingleTrain_WithBaseValsalva,1,SBP,train,1,postExerciseHgcp,3102,3103,3103,6,24,subject1_day1_setup06_hgcp,136.379941573834,136.379941573834,0.0,32,16
3,SingleTrain_WithBaseValsalva,1,SBP,train,1,postExerciseHgcp,3103,3104,3104,6,24,subject1_day1_setup06_hgcp,136.703714892059,136.703714892059,0.0,32,16
3,SingleTrain_WithBaseValsalva,1,SBP,train,1,postExerciseHgcp,3104,3105,3105,6,24,subject1_day1_setup06_hgcp,136.867322780306,136.867322780306,0.0,32,16
3,SingleTrain_WithBaseValsalva,1,SBP,train,1,postExerciseHgcp,3105,3106,3106,6,24,subject1_day1_setup06_hgcp,136.991600238358,136.991600238358,0.0,32,16
3,SingleTrain_WithBaseValsalva,1,SBP,train,1,postExerciseHgcp,3106,3107,3107,6,24,subject1_day1_setup06_hgcp,137.417080509861,137.417080509861,0.0,32,16
3,SingleTrain_WithBaseValsalva,1,SBP,train,1,postExerciseHgcp,3107,3108,3108,6,24,subject1_day1_setup06_hgcp,138.290930882762,138.290930882762,0.0,32,16
3,SingleTrain_WithBaseValsalva,1,SBP,train,1,postExerciseHgcp,3108,3109,3109,6,24,subject1_day1_setup06_hgcp,138.885841670776,138.885841670776,0.0,32,16
3,SingleTrain_WithBaseValsalva,1,SBP,train,1,postExerciseHgcp,3109,3110,3110,6,24,subject1_day1_setup06_hgcp,139.126718356318,139.126718356318,0.0,32,16
3,SingleTrain_WithBaseValsalva,1,SBP,train,1,postExerciseHgcp,3110,3111,3111,6,24,subject1_day1_setup06_hgcp,139.391311041517,139.391311041517,0.0,32,16
3,SingleTrain_WithBaseValsalva,1,SBP,train,1,postExerciseHgcp,3111,3112,3112,6,24,subject1_day1_setup06_hgcp,139.605325351855,139.8237636719367,0.2184383200817024,32,16
3,SingleTrain_WithBaseValsalva,1,SBP,train,1,postExerciseHgcp,3112,3113,3113,6,24,subject1_day1_setup06_hgcp,139.843433259185,139.843433259185,0.0,32,16
3,SingleTrain_WithBaseValsalva,1,SBP,train,1,postExerciseHgcp,3113,3114,3114,6,24,subject1_day1_setup06_hgcp,140.057245724592,140.057245724592,0.0,32,16
3,SingleTrain_WithBaseValsalva,1,SBP,train,1,postExerciseHgcp,3114,3115,3115,6,24,subject1_day1_setup06_hgcp,140.2355219593,140.235501369755,-2.0589544988069974e-05,32,16
3,SingleTrain_WithBaseValsalva,1,SBP,train,1,postExerciseHgcp,3115,3116,3116,6,24,subject1_day1_setup06_hgcp,140.247566214355,140.235501369755,-0.012064844599990465,32,16
3,SingleTrain_WithBaseValsalva,1,SBP,train,1,postExerciseHgcp,3116,3117,3117,6,24,subject1_day1_setup06_hgcp,140.235501369755,140.235501369755,0.0,32,16
3,SingleTrain_WithBaseValsalva,1,SBP,train,1,postExerciseHgcp,3117,3118,3118,6,24,subject1_day1_setup06_hgcp,140.457980587683,140.247566214355,-0.21041437332800683,32,16
3,SingleTrain_WithBaseValsalva,1,SBP,train,1,postExerciseHgcp,3118,3119,3119,6,24,subject1_day1_setup06_hgcp,140.630267189822,140.31462902064962,-0.31563816917238796,32,16
3,SingleTrain_WithBaseValsalva,1,SBP,train,1,postExerciseHgcp,3119,3120,3120,6,24,subject1_day1_setup06_hgcp,140.59947787982,140.59947787982,0.0,32,16
3,SingleTrain_WithBaseValsalva,1,SBP,train,1,postExerciseHgcp,3120,3121,3121,6,24,subject1_day1_setup06_hgcp,140.311129521496,140.311129521496,0.0,32,16
3,SingleTrain_WithBaseValsalva,1,SBP,train,1,postExerciseHgcp,3121,3122,3122,6,24,subject1_day1_setup06_hgcp,140.715317087327,140.715317087327,0.0,32,16
3,SingleTrain_WithBaseValsalva,1,SBP,train,1,postExerciseHgcp,3122,3123,3123,6,24,subject1_day1_setup06_hgcp,140.916769856497,140.916769856497,0.0,32,16
3,SingleTrain_WithBaseValsalva,1,SBP,train,1,postExerciseHgcp,3123,3124,3124,6,24,subject1_day1_setup06_hgcp,140.926262846158,140.59947787982,-0.32678496633801046,32,16
3,SingleTrain_WithBaseValsalva,1,SBP,train,1,postExerciseHgcp,3124,3125,3125,6,24,subject1_day1_setup06_hgcp,140.589104341053,140.589104341053,0.0,32,16
3,SingleTrain_WithBaseValsalva,1,SBP,train,1,postExerciseHgcp,3167,3168,3168,6,25,subject1_day1_setup06_hgcp,116.907541997821,116.907541997821,0.0,32,16
3,SingleTrain_WithBaseValsalva,1,SBP,train,1,postExerciseHgcp,3172,3173,3173,6,25,subject1_day1_setup06_hgcp,117.313757559006,117.313757559006,0.0,32,16
3,SingleTrain_WithBaseValsalva,1,SBP,train,1,postExerciseHgcp,3173,3174,3174,6,25,subject1_day1_setup06_hgcp,117.840289290568,117.840289290568,0.0,32,16
3,SingleTrain_WithBaseValsalva,1,SBP,train,1,postExerciseHgcp,3174,3175,3175,6,25,subject1_day1_setup06_hgcp,118.566457337907,118.566457337907,0.0,32,16
3,SingleTrain_WithBaseValsalva,1,SBP,train,1,postExerciseHgcp,3175,3176,3176,6,25,subject1_day1_setup06_hgcp,119.301097714225,119.301097714225,0.0,32,16
3,SingleTrain_WithBaseValsalva,1,SBP,train,1,postExerciseHgcp,3176,3177,3177,6,25,subject1_day1_setup06_hgcp,120.278786676445,120.278786676445,0.0,32,16
3,SingleTrain_WithBaseValsalva,1,SBP,train,1,postExerciseHgcp,3178,3179,3179,6,25,subject1_day1_setup06_hgcp,121.965576523937,121.965576523937,0.0,32,16
3,SingleTrain_WithBaseValsalva,1,SBP,train,1,postExerciseHgcp,3187,3188,3188,6,25,subject1_day1_setup06_hgcp,126.083288849425,126.083288849425,0.0,32,16
3,SingleTrain_WithBaseValsalva,1,SBP,train,1,postExerciseHgcp,3188,3189,3189,6,25,subject1_day1_setup06_hgcp,126.37395774164,126.37395774164,0.0,32,16
3,SingleTrain_WithBaseValsalva,1,SBP,train,1,postExerciseHgcp,3189,3190,3190,6,25,subject1_day1_setup06_hgcp,126.560138456718,126.560138456718,0.0,32,16
3,SingleTrain_WithBaseValsalva,1,SBP,train,1,postExerciseHgcp,3190,3191,3191,6,25,subject1_day1_setup06_hgcp,126.902917635918,126.902917635918,0.0,32,16
3,SingleTrain_WithBaseValsalva,1,SBP,train,1,postExerciseHgcp,3191,3192,3192,6,25,subject1_day1_setup06_hgcp,127.308636300935,127.308636300935,0.0,32,16
3,SingleTrain_WithBaseValsalva,1,SBP,train,1,postExerciseHgcp,3196,3197,3197,6,25,subject1_day1_setup06_hgcp,126.808631455736,126.808631455736,0.0,32,16
3,SingleTrain_WithBaseValsalva,1,SBP,train,1,postExerciseHgcp,3202,3203,3203,6,25,subject1_day1_setup06_hgcp,126.647340405579,126.647340405579,0.0,32,16
3,SingleTrain_WithBaseValsalva,1,SBP,train,1,postExerciseHgcp,3203,3204,3204,6,25,subject1_day1_setup06_hgcp,127.17638380271,127.17638380271,0.0,32,16
3,SingleTrain_WithBaseValsalva,1,SBP,train,1,postExerciseHgcp,3204,3205,3205,6,25,subject1_day1_setup06_hgcp,127.189978120755,127.189978120755,0.0,32,16
3,SingleTrain_WithBaseValsalva,1,SBP,train,1,postExerciseHgcp,3205,3206,3206,6,25,subject1_day1_setup06_hgcp,127.228865936914,127.18997812075501,-0.03888781615899006,32,16
3,SingleTrain_WithBaseValsalva,1,SBP,train,1,postExerciseHgcp,3206,3207,3207,6,25,subject1_day1_setup06_hgcp,127.726105109819,127.726105109819,0.0,32,16
3,SingleTrain_WithBaseValsalva,1,SBP,train,1,postExerciseHgcp,3207,3208,3208,6,25,subject1_day1_setup06_hgcp,128.005067456852,128.005067456852,0.0,32,16
3,SingleTrain_WithBaseValsalva,1,SBP,train,1,postExerciseHgcp,3208,3209,3209,6,25,subject1_day1_setup06_hgcp,128.01224890209,128.01224890209,0.0,32,16
3,SingleTrain_WithBaseValsalva,1,SBP,train,1,postExerciseHgcp,3209,3210,3210,6,25,subject1_day1_setup06_hgcp,128.494966814729,128.494966814729,0.0,32,16
3,SingleTrain_WithBaseValsalva,1,SBP,train,1,postExerciseHgcp,3210,3211,3211,6,25,subject1_day1_setup06_hgcp,129.429941119693,129.429941119693,0.0,32,16
3,SingleTrain_WithBaseValsalva,1,SBP,train,1,postExerciseHgcp,3211,3212,3212,6,25,subject1_day1_setup06_hgcp,129.96717000782,129.96717000782,0.0,32,16
3,SingleTrain_WithBaseValsalva,1,SBP,train,1,postExerciseHgcp,3212,3213,3213,6,25,subject1_day1_setup06_hgcp,130.302911529892,130.302911529892,0.0,32,16
3,SingleTrain_WithBaseValsalva,1,SBP,train,1,postExerciseHgcp,3213,3214,3214,6,25,subject1_day1_setup06_hgcp,131.020020889988,131.020020889988,0.0,32,16
3,SingleTrain_WithBaseValsalva,1,SBP,train,1,postExerciseHgcp,3214,3215,3215,6,25,subject1_day1_setup06_hgcp,131.769407489607,131.769407489607,0.0,32,16
3,SingleTrain_WithBaseValsalva,1,SBP,train,1,postExerciseHgcp,3215,3216,3216,6,25,subject1_day1_setup06_hgcp,131.99346856749,131.99346856749,0.0,32,16
3,SingleTrain_WithBaseValsalva,1,SBP,train,1,postExerciseHgcp,3216,3217,3217,6,25,subject1_day1_setup06_hgcp,132.32856882513,132.32856882513,0.0,32,16
3,SingleTrain_WithBaseValsalva,1,SBP,train,1,postExerciseHgcp,3217,3218,3218,6,25,subject1_day1_setup06_hgcp,133.20088449589,133.20088449589,0.0,32,16
3,SingleTrain_WithBaseValsalva,1,SBP,train,1,postExerciseHgcp,3218,3219,3219,6,25,subject1_day1_setup06_hgcp,133.875022585328,133.875022585328,0.0,32,16
3,SingleTrain_WithBaseValsalva,1,SBP,train,1,postExerciseHgcp,3219,3220,3220,6,25,subject1_day1_setup06_hgcp,134.191974124631,134.191974124631,0.0,32,16
3,SingleTrain_WithBaseValsalva,1,SBP,train,1,postExerciseHgcp,3220,3221,3221,6,25,subject1_day1_setup06_hgcp,135.017320323802,135.017320323802,0.0,32,16
3,SingleTrain_WithBaseValsalva,1,SBP,train,1,postExerciseHgcp,3221,3222,3222,6,25,subject1_day1_setup06_hgcp,135.591490357938,135.591490357938,0.0,32,16
3,SingleTrain_WithBaseValsalva,1,SBP,train,1,postExerciseHgcp,3222,3223,3223,6,25,subject1_day1_setup06_hgcp,135.469800836487,135.45279898552775,-0.017001850959246667,32,16
3,SingleTrain_WithBaseValsalva,1,SBP,train,1,postExerciseHgcp,3223,3224,3224,6,25,subject1_day1_setup06_hgcp,135.195545026885,135.195545026885,0.0,32,16
3,SingleTrain_WithBaseValsalva,1,SBP,train,1,postExerciseHgcp,3224,3225,3225,6,25,subject1_day1_setup06_hgcp,135.213722882397,135.09337408265,-0.1203487997470063,32,16
3,SingleTrain_WithBaseValsalva,1,SBP,train,1,postExerciseHgcp,3225,3226,3226,6,25,subject1_day1_setup06_hgcp,135.09337408265,135.09337408265,0.0,32,16
3,SingleTrain_WithBaseValsalva,1,SBP,train,1,postExerciseHgcp,3226,3227,3227,6,25,subject1_day1_setup06_hgcp,134.319522968249,134.319522968249,0.0,32,16
3,SingleTrain_WithBaseValsalva,1,SBP,train,1,postExerciseHgcp,3227,3228,3228,6,25,subject1_day1_setup06_hgcp,133.632910272002,133.632910272002,0.0,32,16
3,SingleTrain_WithBaseValsalva,1,SBP,train,1,postExerciseHgcp,3228,3229,3229,6,25,subject1_day1_setup06_hgcp,132.941139137292,132.941139137292,0.0,32,16
3,SingleTrain_WithBaseValsalva,1,SBP,train,1,postExerciseHgcp,3229,3230,3230,6,25,subject1_day1_setup06_hgcp,132.12605191872,132.12605191872,0.0,32,16
3,SingleTrain_WithBaseValsalva,1,SBP,train,1,postExerciseHgcp,3230,3231,3231,6,25,subject1_day1_setup06_hgcp,131.50453219001,131.50453219001,0.0,32,16
3,SingleTrain_WithBaseValsalva,1,SBP,train,1,postExerciseHgcp,3231,3232,3232,6,25,subject1_day1_setup06_hgcp,131.534917021029,131.534917021029,0.0,32,16
3,SingleTrain_WithBaseValsalva,1,SBP,train,1,postExerciseHgcp,3243,3244,3244,6,25,subject1_day1_setup06_hgcp,128.172458280487,128.172458280487,0.0,32,16
3,SingleTrain_WithBaseValsalva,1,SBP,train,1,postExerciseHgcp,3244,3245,3245,6,25,subject1_day1_setup06_hgcp,128.056154739684,128.056154739684,0.0,32,16
3,SingleTrain_WithBaseValsalva,1,SBP,train,1,postExerciseHgcp,3245,3246,3246,6,25,subject1_day1_setup06_hgcp,128.094639362051,128.094639362051,0.0,32,16
3,SingleTrain_WithBaseValsalva,1,SBP,train,1,postExerciseHgcp,3246,3247,3247,6,25,subject1_day1_setup06_hgcp,128.320818396392,128.320818396392,0.0,32,16
3,SingleTrain_WithBaseValsalva,1,SBP,train,1,postExerciseHgcp,3247,3248,3248,6,25,subject1_day1_setup06_hgcp,128.773873860533,128.773873860533,0.0,32,16
3,SingleTrain_WithBaseValsalva,1,SBP,train,1,postExerciseHgcp,3248,3249,3249,6,25,subject1_day1_setup06_hgcp,129.741478534974,129.741478534974,0.0,32,16
3,SingleTrain_WithBaseValsalva,1,SBP,train,1,postExerciseHgcp,3249,3250,3250,6,25,subject1_day1_setup06_hgcp,130.388518370983,130.364769529894,-0.023748841089002326,32,16
3,SingleTrain_WithBaseValsalva,1,SBP,train,1,postExerciseHgcp,3250,3251,3251,6,25,subject1_day1_setup06_hgcp,130.364769529894,130.364769529894,0.0,32,16
3,SingleTrain_WithBaseValsalva,1,SBP,train,1,postExerciseHgcp,3251,3252,3252,6,25,subject1_day1_setup06_hgcp,130.042834206965,130.042834206965,0.0,32,16
3,SingleTrain_WithBaseValsalva,1,SBP,train,1,postExerciseHgcp,3252,3253,3253,6,25,subject1_day1_setup06_hgcp,129.602258789634,129.602258789634,0.0,32,16
3,SingleTrain_WithBaseValsalva,1,SBP,train,1,postExerciseHgcp,3253,3254,3254,6,25,subject1_day1_setup06_hgcp,129.067431774364,129.067431774364,0.0,32,16
3,SingleTrain_WithBaseValsalva,1,SBP,train,1,postExerciseHgcp,3254,3255,3255,6,25,subject1_day1_setup06_hgcp,128.563174849387,128.563174849387,0.0,32,16
3,SingleTrain_WithBaseValsalva,1,SBP,train,1,postExerciseHgcp,3255,3256,3256,6,25,subject1_day1_setup06_hgcp,128.063130242896,128.063130242896,0.0,32,16
3,SingleTrain_WithBaseValsalva,1,SBP,train,1,postExerciseHgcp,3265,3266,3266,6,26,subject1_day1_setup06_hgcp,117.574872365359,117.574872365359,0.0,32,16
3,SingleTrain_WithBaseValsalva,1,SBP,train,1,postExerciseHgcp,3266,3267,3267,6,26,subject1_day1_setup06_hgcp,116.853597312611,116.853597312611,0.0,32,16
3,SingleTrain_WithBaseValsalva,1,SBP,train,1,postExerciseHgcp,3267,3268,3268,6,26,subject1_day1_setup06_hgcp,116.551437358664,116.551437358664,0.0,32,16
3,SingleTrain_WithBaseValsalva,1,SBP,train,1,postExerciseHgcp,3268,3269,3269,6,26,subject1_day1_setup06_hgcp,116.064043632307,116.551437358664,0.4873937263569985,32,16
3,SingleTrain_WithBaseValsalva,1,SBP,train,1,postExerciseHgcp,3269,3270,3270,6,26,subject1_day1_setup06_hgcp,115.476984561119,115.476984561119,0.0,32,16
3,SingleTrain_WithBaseValsalva,1,SBP,train,1,postExerciseHgcp,3270,3271,3271,6,26,subject1_day1_setup06_hgcp,115.238709976841,115.238709976841,0.0,32,16
3,SingleTrain_WithBaseValsalva,1,SBP,train,1,postExerciseHgcp,3271,3272,3272,6,26,subject1_day1_setup06_hgcp,115.112464695342,115.112464695342,0.0,32,16
3,SingleTrain_WithBaseValsalva,1,SBP,train,1,postExerciseHgcp,3272,3273,3273,6,26,subject1_day1_setup06_hgcp,114.88048189431,115.112464695342,0.23198280103200375,32,16
3,SingleTrain_WithBaseValsalva,1,SBP,train,1,postExerciseHgcp,3273,3274,3274,6,26,subject1_day1_setup06_hgcp,114.882754411816,115.062220618761,0.17946620694500837,32,16
3,SingleTrain_WithBaseValsalva,1,SBP,train,1,postExerciseHgcp,3274,3275,3275,6,26,subject1_day1_setup06_hgcp,115.062220618761,115.062220618761,0.0,32,16
3,SingleTrain_WithBaseValsalva,1,SBP,train,1,postExerciseHgcp,3275,3276,3276,6,26,subject1_day1_setup06_hgcp,115.014608112912,115.014608112912,0.0,32,16
3,SingleTrain_WithBaseValsalva,1,SBP,train,1,postExerciseHgcp,3276,3277,3277,6,26,subject1_day1_setup06_hgcp,114.874127671687,114.874127671687,0.0,32,16
3,SingleTrain_WithBaseValsalva,1,SBP,train,1,postExerciseHgcp,3277,3278,3278,6,26,subject1_day1_setup06_hgcp,114.753348060667,114.753348060667,0.0,32,16
3,SingleTrain_WithBaseValsalva,1,SBP,train,1,postExerciseHgcp,3278,3279,3279,6,26,subject1_day1_setup06_hgcp,114.227286281907,114.227286281907,0.0,32,16
3,SingleTrain_WithBaseValsalva,1,SBP,train,1,postExerciseHgcp,3279,3280,3280,6,26,subject1_day1_setup06_hgcp,113.763951259052,113.763951259052,0.0,32,16
3,SingleTrain_WithBaseValsalva,1,SBP,train,1,postExerciseHgcp,3280,3281,3281,6,26,subject1_day1_setup06_hgcp,113.480752323786,113.480752323786,0.0,32,16
3,SingleTrain_WithBaseValsalva,1,SBP,train,1,postExerciseHgcp,3281,3282,3282,6,26,subject1_day1_setup06_hgcp,113.035459552639,113.035459552639,0.0,32,16
3,SingleTrain_WithBaseValsalva,1,SBP,train,1,postExerciseHgcp,3282,3283,3283,6,26,subject1_day1_setup06_hgcp,112.6025993304,112.6025993304,0.0,32,16
3,SingleTrain_WithBaseValsalva,1,SBP,train,1,postExerciseHgcp,3283,3284,3284,6,26,subject1_day1_setup06_hgcp,112.322929408545,112.322929408545,0.0,32,16
3,SingleTrain_WithBaseValsalva,1,SBP,train,1,postExerciseHgcp,3284,3285,3285,6,26,subject1_day1_setup06_hgcp,112.161980468773,112.317315432172,0.15533496339899955,32,16
3,SingleTrain_WithBaseValsalva,1,SBP,train,1,postExerciseHgcp,3285,3286,3286,6,26,subject1_day1_setup06_hgcp,112.096194007369,112.161980468773,0.06578646140400224,32,16
3,SingleTrain_WithBaseValsalva,1,SBP,train,1,postExerciseHgcp,3286,3287,3287,6,26,subject1_day1_setup06_hgcp,112.209350112061,112.209350112061,0.0,32,16
3,SingleTrain_WithBaseValsalva,1,SBP,train,1,postExerciseHgcp,3287,3288,3288,6,26,subject1_day1_setup06_hgcp,112.122393032039,112.122393032039,0.0,32,16
3,SingleTrain_WithBaseValsalva,1,SBP,train,1,postExerciseHgcp,3288,3289,3289,6,26,subject1_day1_setup06_hgcp,111.996170629338,112.150565976389,0.15439534705100755,32,16
3,SingleTrain_WithBaseValsalva,1,SBP,train,1,postExerciseHgcp,3289,3290,3290,6,26,subject1_day1_setup06_hgcp,112.132294231755,112.132294231755,0.0,32,16
3,SingleTrain_WithBaseValsalva,1,SBP,train,1,postExerciseHgcp,3290,3291,3291,6,26,subject1_day1_setup06_hgcp,112.317315432172,112.209350112061,-0.10796532011099202,32,16
3,SingleTrain_WithBaseValsalva,1,SBP,train,1,postExerciseHgcp,3291,3292,3292,6,26,subject1_day1_setup06_hgcp,112.277628279214,112.150565976389,-0.12706230282499575,32,16
3,SingleTrain_WithBaseValsalva,1,SBP,train,1,postExerciseHgcp,3292,3293,3293,6,26,subject1_day1_setup06_hgcp,112.150565976389,112.150565976389,0.0,32,16
3,SingleTrain_WithBaseValsalva,1,SBP,train,1,postExerciseHgcp,3293,3294,3294,6,26,subject1_day1_setup06_hgcp,111.893681199791,111.893681199791,0.0,32,16
3,SingleTrain_WithBaseValsalva,1,SBP,train,1,postExerciseHgcp,3294,3295,3295,6,26,subject1_day1_setup06_hgcp,111.671854146555,111.671854146555,0.0,32,16
3,SingleTrain_WithBaseValsalva,1,SBP,train,1,postExerciseHgcp,3295,3296,3296,6,26,subject1_day1_setup06_hgcp,111.61885756133,111.61885756133,0.0,32,16
3,SingleTrain_WithBaseValsalva,1,SBP,train,1,postExerciseHgcp,3296,3297,3297,6,26,subject1_day1_setup06_hgcp,111.452968721096,111.452968721096,0.0,32,16
3,SingleTrain_WithBaseValsalva,1,SBP,train,1,postExerciseHgcp,3297,3298,3298,6,26,subject1_day1_setup06_hgcp,111.121624513383,111.288581581233,0.16695706785000652,32,16
3,SingleTrain_WithBaseValsalva,1,SBP,train,1,postExerciseHgcp,3298,3299,3299,6,26,subject1_day1_setup06_hgcp,111.288581581233,111.288581581233,0.0,32,16
3,SingleTrain_WithBaseValsalva,1,SBP,train,1,postExerciseHgcp,3299,3300,3300,6,26,subject1_day1_setup06_hgcp,111.880434035294,111.880434035294,0.0,32,16
3,SingleTrain_WithBaseValsalva,1,SBP,train,1,postExerciseHgcp,3300,3301,3301,6,26,subject1_day1_setup06_hgcp,112.22616460628,112.22616460628,0.0,32,16
3,SingleTrain_WithBaseValsalva,1,SBP,train,1,postExerciseHgcp,3301,3302,3302,6,26,subject1_day1_setup06_hgcp,112.553419240459,112.553419240459,0.0,32,16
3,SingleTrain_WithBaseValsalva,1,SBP,train,1,postExerciseHgcp,3302,3303,3303,6,26,subject1_day1_setup06_hgcp,113.336766724323,113.336766724323,0.0,32,16
3,SingleTrain_WithBaseValsalva,1,SBP,train,1,postExerciseHgcp,3303,3304,3304,6,26,subject1_day1_setup06_hgcp,113.973294275865,113.973294275865,0.0,32,16
3,SingleTrain_WithBaseValsalva,1,SBP,train,1,postExerciseHgcp,3304,3305,3305,6,26,subject1_day1_setup06_hgcp,114.483593444348,114.483593444348,0.0,32,16
3,SingleTrain_WithBaseValsalva,1,SBP,train,1,postExerciseHgcp,3305,3306,3306,6,26,subject1_day1_setup06_hgcp,115.138120353814,115.138120353814,0.0,32,16
3,SingleTrain_WithBaseValsalva,1,SBP,train,1,postExerciseHgcp,3306,3307,3307,6,26,subject1_day1_setup06_hgcp,115.30584735891,115.30584735890996,-4.263256414560601e-14,32,16
3,SingleTrain_WithBaseValsalva,1,SBP,train,1,postExerciseHgcp,3307,3308,3308,6,26,subject1_day1_setup06_hgcp,115.298828231798,115.298828231798,0.0,32,16
3,SingleTrain_WithBaseValsalva,1,SBP,train,1,postExerciseHgcp,3308,3309,3309,6,26,subject1_day1_setup06_hgcp,115.359906806777,115.359906806777,0.0,32,16
3,SingleTrain_WithBaseValsalva,1,SBP,train,1,postExerciseHgcp,3309,3310,3310,6,26,subject1_day1_setup06_hgcp,115.451445967329,115.451445967329,0.0,32,16
3,SingleTrain_WithBaseValsalva,1,SBP,train,1,postExerciseHgcp,3310,3311,3311,6,26,subject1_day1_setup06_hgcp,115.323506003307,115.323506003307,0.0,32,16
3,SingleTrain_WithBaseValsalva,1,SBP,train,1,postExerciseHgcp,3311,3312,3312,6,26,subject1_day1_setup06_hgcp,115.092384028611,115.092384028611,0.0,32,16
3,SingleTrain_WithBaseValsalva,1,SBP,train,1,postExerciseHgcp,3312,3313,3313,6,26,subject1_day1_setup06_hgcp,115.072768151859,115.082090397362,0.009322245503000204,32,16
3,SingleTrain_WithBaseValsalva,1,SBP,train,1,postExerciseHgcp,3313,3314,3314,6,26,subject1_day1_setup06_hgcp,115.082090397362,115.082090397362,0.0,32,16
3,SingleTrain_WithBaseValsalva,1,SBP,train,1,postExerciseHgcp,3314,3315,3315,6,26,subject1_day1_setup06_hgcp,114.652412087902,114.652412087902,0.0,32,16
3,SingleTrain_WithBaseValsalva,1,SBP,train,1,postExerciseHgcp,3315,3316,3316,6,26,subject1_day1_setup06_hgcp,114.217364838193,114.6266836437171,0.4093188055240944,32,16
3,SingleTrain_WithBaseValsalva,1,SBP,train,1,postExerciseHgcp,3316,3317,3317,6,26,subject1_day1_setup06_hgcp,114.166179157972,114.169398977346,0.003219819374010058,32,16
3,SingleTrain_WithBaseValsalva,1,SBP,train,1,postExerciseHgcp,3317,3318,3318,6,26,subject1_day1_setup06_hgcp,114.169398977346,114.169398977346,0.0,32,16
3,SingleTrain_WithBaseValsalva,1,SBP,train,1,postExerciseHgcp,3318,3319,3319,6,26,subject1_day1_setup06_hgcp,113.812168286066,113.812168286066,0.0,32,16
3,SingleTrain_WithBaseValsalva,1,SBP,train,1,postExerciseHgcp,3319,3320,3320,6,26,subject1_day1_setup06_hgcp,113.415570300546,113.415570300546,0.0,32,16
3,SingleTrain_WithBaseValsalva,1,SBP,train,1,postExerciseHgcp,3320,3321,3321,6,26,subject1_day1_setup06_hgcp,113.236303785997,113.236303785997,0.0,32,16
3,SingleTrain_WithBaseValsalva,1,SBP,train,1,postExerciseHgcp,3321,3322,3322,6,26,subject1_day1_setup06_hgcp,112.808925860649,111.993347731808,-0.8155781288409969,32,16
3,SingleTrain_WithBaseValsalva,1,SBP,train,1,postExerciseHgcp,3322,3323,3323,6,26,subject1_day1_setup06_hgcp,111.993347731808,111.993347731808,0.0,32,16
3,SingleTrain_WithBaseValsalva,1,SBP,train,1,postExerciseHgcp,3323,3324,3324,6,26,subject1_day1_setup06_hgcp,111.419637751503,111.419637751503,0.0,32,16
3,SingleTrain_WithBaseValsalva,1,SBP,train,1,postExerciseHgcp,3324,3325,3325,6,26,subject1_day1_setup06_hgcp,111.136312764555,111.136312764555,0.0,32,16
3,SingleTrain_WithBaseValsalva,1,SBP,train,1,postExerciseHgcp,3327,3328,3328,6,26,subject1_day1_setup06_hgcp,111.040713245689,111.040713245689,0.0,32,16
3,SingleTrain_WithBaseValsalva,1,SBP,train,1,postExerciseHgcp,3328,3329,3329,6,26,subject1_day1_setup06_hgcp,111.519380473565,111.519380473565,0.0,32,16
3,SingleTrain_WithBaseValsalva,1,SBP,train,1,postExerciseHgcp,3329,3330,3330,6,26,subject1_day1_setup06_hgcp,111.599916736269,111.519380473565,-0.08053626270400116,32,16
3,SingleTrain_WithBaseValsalva,1,SBP,train,1,postExerciseHgcp,3330,3331,3331,6,26,subject1_day1_setup06_hgcp,111.363503522158,111.468421207477,0.10491768531899481,32,16
3,SingleTrain_WithBaseValsalva,1,SBP,train,1,postExerciseHgcp,3331,3332,3332,6,26,subject1_day1_setup06_hgcp,111.468421207477,111.468421207477,0.0,32,16
3,SingleTrain_WithBaseValsalva,1,SBP,train,1,postExerciseHgcp,3332,3333,3333,6,26,subject1_day1_setup06_hgcp,111.650667381658,111.650667381658,0.0,32,16
3,SingleTrain_WithBaseValsalva,1,SBP,train,1,postExerciseHgcp,3333,3334,3334,6,26,subject1_day1_setup06_hgcp,111.578482695783,111.592491895764,0.014009199981003917,32,16
3,SingleTrain_WithBaseValsalva,1,SBP,train,1,postExerciseHgcp,3334,3335,3335,6,26,subject1_day1_setup06_hgcp,111.611277833261,111.611277833261,0.0,32,16
3,SingleTrain_WithBaseValsalva,1,SBP,train,1,postExerciseHgcp,3335,3336,3336,6,26,subject1_day1_setup06_hgcp,111.749744279054,111.671854146555,-0.07789013249899313,32,16
3,SingleTrain_WithBaseValsalva,1,SBP,train,1,postExerciseHgcp,3336,3337,3337,6,26,subject1_day1_setup06_hgcp,111.799620103365,111.671854146555,-0.12776595680999492,32,16
3,SingleTrain_WithBaseValsalva,1,SBP,train,1,postExerciseHgcp,3337,3338,3338,6,26,subject1_day1_setup06_hgcp,111.592491895764,111.592491895764,0.0,32,16
3,SingleTrain_WithBaseValsalva,1,SBP,train,1,postExerciseHgcp,3338,3339,3339,6,26,subject1_day1_setup06_hgcp,111.227544209005,111.227544209005,0.0,32,16
3,SingleTrain_WithBaseValsalva,1,SBP,train,1,postExerciseHgcp,3339,3340,3340,6,26,subject1_day1_setup06_hgcp,110.822809374741,110.822809374741,0.0,32,16
3,SingleTrain_WithBaseValsalva,1,SBP,train,1,postExerciseHgcp,3340,3341,3341,6,26,subject1_day1_setup06_hgcp,110.278873092712,110.278873092712,0.0,32,16
3,SingleTrain_WithBaseValsalva,1,SBP,train,1,postExerciseHgcp,3341,3342,3342,6,26,subject1_day1_setup06_hgcp,109.741748046044,109.741748046044,0.0,32,16
3,SingleTrain_WithBaseValsalva,1,SBP,train,1,postExerciseHgcp,3342,3343,3343,6,26,subject1_day1_setup06_hgcp,109.364655599536,109.364655599536,0.0,32,16
3,SingleTrain_WithBaseValsalva,1,SBP,train,1,postExerciseHgcp,3343,3344,3344,6,26,subject1_day1_setup06_hgcp,108.999474753383,109.364655599536,0.3651808461529953,32,16
3,SingleTrain_WithBaseValsalva,1,SBP,train,1,postExerciseHgcp,3344,3345,3345,6,26,subject1_day1_setup06_hgcp,108.432337018499,108.432337018499,0.0,32,16
3,SingleTrain_WithBaseValsalva,1,SBP,train,1,postExerciseHgcp,3345,3346,3346,6,26,subject1_day1_setup06_hgcp,107.771526894322,107.771526894322,0.0,32,16
3,SingleTrain_WithBaseValsalva,1,SBP,train,1,postExerciseHgcp,3346,3347,3347,6,26,subject1_day1_setup06_hgcp,107.257371975423,107.257371975423,0.0,32,16
3,SingleTrain_WithBaseValsalva,1,SBP,train,1,postExerciseHgcp,3347,3348,3348,6,26,subject1_day1_setup06_hgcp,106.88350401305,106.88350401305,0.0,32,16
3,SingleTrain_WithBaseValsalva,1,SBP,train,1,postExerciseHgcp,3348,3349,3349,6,26,subject1_day1_setup06_hgcp,106.175192137836,106.175192137836,0.0,32,16
3,SingleTrain_WithBaseValsalva,1,SBP,train,1,postExerciseHgcp,3349,3350,3350,6,26,subject1_day1_setup06_hgcp,105.59654267097,105.717078673009,0.12053600203900317,32,16
3,SingleTrain_WithBaseValsalva,1,SBP,train,1,postExerciseHgcp,3350,3351,3351,6,26,subject1_day1_setup06_hgcp,105.559563719495,105.559563719495,0.0,32,16
3,SingleTrain_WithBaseValsalva,1,SBP,train,1,postExerciseHgcp,3351,3352,3352,6,26,subject1_day1_setup06_hgcp,105.717078673009,105.717078673009,0.0,32,16
3,SingleTrain_WithBaseValsalva,1,SBP,train,1,postExerciseHgcp,3355,3356,3356,6,26,subject1_day1_setup06_hgcp,107.231941559466,107.231941559466,0.0,32,16
3,SingleTrain_WithBaseValsalva,1,SBP,train,1,postExerciseHgcp,3356,3357,3357,6,26,subject1_day1_setup06_hgcp,107.516537349284,107.516537349284,0.0,32,16
3,SingleTrain_WithBaseValsalva,1,SBP,train,1,postExerciseHgcp,3357,3358,3358,6,26,subject1_day1_setup06_hgcp,108.038683013566,108.038683013566,0.0,32,16
3,SingleTrain_WithBaseValsalva,1,SBP,train,1,postExerciseHgcp,3358,3359,3359,6,26,subject1_day1_setup06_hgcp,108.7549096395,108.7549096395,0.0,32,16
3,SingleTrain_WithBaseValsalva,1,SBP,train,1,postExerciseHgcp,3359,3360,3360,6,26,subject1_day1_setup06_hgcp,109.031181040732,109.031181040732,0.0,32,16
3,SingleTrain_WithBaseValsalva,1,SBP,train,1,postExerciseHgcp,3360,3361,3361,6,26,subject1_day1_setup06_hgcp,109.367774912421,109.367774912421,0.0,32,16
3,SingleTrain_WithBaseValsalva,1,SBP,train,1,postExerciseHgcp,3361,3362,3362,6,26,subject1_day1_setup06_hgcp,109.982741935657,109.982741935657,0.0,32,16
3,SingleTrain_WithBaseValsalva,1,SBP,train,1,postExerciseHgcp,3362,3363,3363,6,26,subject1_day1_setup06_hgcp,110.354568480671,110.354568480671,0.0,32,16
3,SingleTrain_WithBaseValsalva,1,SBP,train,1,postExerciseHgcp,3363,3364,3364,6,26,subject1_day1_setup06_hgcp,110.407090115798,110.407090115798,0.0,32,16
3,SingleTrain_WithBaseValsalva,1,SBP,train,1,postExerciseHgcp,3364,3365,3365,6,26,subject1_day1_setup06_hgcp,110.565417131125,110.565417131125,0.0,32,16
3,SingleTrain_WithBaseValsalva,1,SBP,train,1,postExerciseHgcp,3365,3366,3366,6,26,subject1_day1_setup06_hgcp,110.836577511076,110.771138660244,-0.06543885083199541,32,16
3,SingleTrain_WithBaseValsalva,1,SBP,train,1,postExerciseHgcp,3366,3367,3367,6,26,subject1_day1_setup06_hgcp,110.771138660244,110.771138660244,0.0,32,16
3,SingleTrain_WithBaseValsalva,1,SBP,train,1,postExerciseHgcp,3367,3368,3368,6,26,subject1_day1_setup06_hgcp,110.923268118136,110.923268118136,0.0,32,16
3,SingleTrain_WithBaseValsalva,1,SBP,train,1,postExerciseHgcp,3368,3369,3369,6,26,subject1_day1_setup06_hgcp,111.29014137943,111.29014137943,0.0,32,16
3,SingleTrain_WithBaseValsalva,1,SBP,train,1,postExerciseHgcp,3369,3370,3370,6,26,subject1_day1_setup06_hgcp,111.810961001055,111.810961001055,0.0,32,16
3,SingleTrain_WithBaseValsalva,1,SBP,train,1,postExerciseHgcp,3370,3371,3371,6,26,subject1_day1_setup06_hgcp,112.075605612799,111.810961001055,-0.26464461174398934,32,16
3,SingleTrain_WithBaseValsalva,1,SBP,train,1,postExerciseHgcp,3371,3372,3372,6,26,subject1_day1_setup06_hgcp,112.010562273891,111.997825421774,-0.012736852117001263,32,16
3,SingleTrain_WithBaseValsalva,1,SBP,train,1,postExerciseHgcp,3372,3373,3373,6,26,subject1_day1_setup06_hgcp,111.997825421774,111.997825421774,0.0,32,16
3,SingleTrain_WithBaseValsalva,1,SBP,train,1,postExerciseHgcp,3373,3374,3374,6,26,subject1_day1_setup06_hgcp,111.961975369549,111.810961001055,-0.15101436849398908,32,16
3,SingleTrain_WithBaseValsalva,1,SBP,train,1,postExerciseHgcp,3374,3375,3375,6,26,subject1_day1_setup06_hgcp,111.458194581171,111.458194581171,0.0,32,16
3,SingleTrain_WithBaseValsalva,1,SBP,train,1,postExerciseHgcp,3377,3378,3378,6,27,subject1_day1_setup06_hgcp,110.435506151105,110.435506151105,0.0,32,16
3,SingleTrain_WithBaseValsalva,1,SBP,train,1,postExerciseHgcp,3379,3380,3380,6,27,subject1_day1_setup06_hgcp,109.89386799957,109.73314502906433,-0.16072297050567386,32,16
3,SingleTrain_WithBaseValsalva,1,SBP,train,1,postExerciseHgcp,3380,3381,3381,6,27,subject1_day1_setup06_hgcp,109.547156580447,109.547156580447,0.0,32,16
3,SingleTrain_WithBaseValsalva,1,SBP,train,1,postExerciseHgcp,3381,3382,3382,6,27,subject1_day1_setup06_hgcp,109.092670815653,109.092670815653,0.0,32,16
3,SingleTrain_WithBaseValsalva,1,SBP,train,1,postExerciseHgcp,3382,3383,3383,6,27,subject1_day1_setup06_hgcp,108.87964131649,109.092670815653,0.2130294991629995,32,16
3,SingleTrain_WithBaseValsalva,1,SBP,train,1,postExerciseHgcp,3383,3384,3384,6,27,subject1_day1_setup06_hgcp,108.983413207564,109.092670815653,0.10925760808899554,32,16
3,SingleTrain_WithBaseValsalva,1,SBP,train,1,postExerciseHgcp,3384,3385,3385,6,27,subject1_day1_setup06_hgcp,109.102295269753,109.102295269753,0.0,32,16
3,SingleTrain_WithBaseValsalva,1,SBP,train,1,postExerciseHgcp,3385,3386,3386,6,27,subject1_day1_setup06_hgcp,109.10338387451,109.13296729204,0.029583417529991607,32,16
3,SingleTrain_WithBaseValsalva,1,SBP,train,1,postExerciseHgcp,3386,3387,3387,6,27,subject1_day1_setup06_hgcp,109.13296729204,109.13296729204,0.0,32,16
3,SingleTrain_WithBaseValsalva,1,SBP,train,1,postExerciseHgcp,3387,3388,3388,6,27,subject1_day1_setup06_hgcp,109.405882895832,109.405882895832,0.0,32,16
3,SingleTrain_WithBaseValsalva,1,SBP,train,1,postExerciseHgcp,3388,3389,3389,6,27,subject1_day1_setup06_hgcp,109.354146957399,109.2325820615374,-0.1215648958615958,32,16
3,SingleTrain_WithBaseValsalva,1,SBP,train,1,postExerciseHgcp,3389,3390,3390,6,27,subject1_day1_setup06_hgcp,108.943515516101,108.943515516101,0.0,32,16
3,SingleTrain_WithBaseValsalva,1,SBP,train,1,postExerciseHgcp,3390,3391,3391,6,27,subject1_day1_setup06_hgcp,108.615258187739,108.943515516101,0.3282573283619996,32,16
3,SingleTrain_WithBaseValsalva,1,SBP,train,1,postExerciseHgcp,3391,3392,3392,6,27,subject1_day1_setup06_hgcp,108.459842215043,108.459842215043,0.0,32,16
3,SingleTrain_WithBaseValsalva,1,SBP,train,1,postExerciseHgcp,3392,3393,3393,6,27,subject1_day1_setup06_hgcp,107.931887443769,107.931887443769,0.0,32,16
3,SingleTrain_WithBaseValsalva,1,SBP,train,1,postExerciseHgcp,3393,3394,3394,6,27,subject1_day1_setup06_hgcp,107.639782600165,107.639782600165,0.0,32,16
3,SingleTrain_WithBaseValsalva,1,SBP,train,1,postExerciseHgcp,3395,3396,3396,6,27,subject1_day1_setup06_hgcp,107.145259728081,107.145259728081,0.0,32,16
3,SingleTrain_WithBaseValsalva,1,SBP,train,1,postExerciseHgcp,3399,3400,3400,6,27,subject1_day1_setup06_hgcp,106.86853548821,106.86853548821,0.0,32,16
3,SingleTrain_WithBaseValsalva,1,SBP,train,1,postExerciseHgcp,3402,3403,3403,6,27,subject1_day1_setup06_hgcp,106.699080739045,106.699080739045,0.0,32,16
3,SingleTrain_WithBaseValsalva,1,SBP,train,1,postExerciseHgcp,3403,3404,3404,6,27,subject1_day1_setup06_hgcp,106.266376810403,106.699080739045,0.4327039286419989,32,16
3,SingleTrain_WithBaseValsalva,1,SBP,train,1,postExerciseHgcp,3404,3405,3405,6,27,subject1_day1_setup06_hgcp,105.90659461615,106.266376810403,0.3597821942530004,32,16
3,SingleTrain_WithBaseValsalva,1,SBP,train,1,postExerciseHgcp,3405,3406,3406,6,27,subject1_day1_setup06_hgcp,105.518827154034,105.59654267097,0.07771551693599577,32,16
3,SingleTrain_WithBaseValsalva,1,SBP,train,1,postExerciseHgcp,3406,3407,3407,6,27,subject1_day1_setup06_hgcp,105.051758571727,105.051758571727,0.0,32,16
3,SingleTrain_WithBaseValsalva,1,SBP,train,1,postExerciseHgcp,3407,3408,3408,6,27,subject1_day1_setup06_hgcp,104.525622837674,104.525622837674,0.0,32,16
3,SingleTrain_WithBaseValsalva,1,SBP,train,1,postExerciseHgcp,3408,3409,3409,6,27,subject1_day1_setup06_hgcp,104.140428729014,104.140428729014,0.0,32,16
3,SingleTrain_WithBaseValsalva,1,SBP,train,1,postExerciseHgcp,3409,3410,3410,6,27,subject1_day1_setup06_hgcp,103.870456477301,103.870456477301,0.0,32,16
3,SingleTrain_WithBaseValsalva,1,SBP,train,1,postExerciseHgcp,3410,3411,3411,6,27,subject1_day1_setup06_hgcp,103.5831864648,103.5831864648,0.0,32,16
3,SingleTrain_WithBaseValsalva,1,SBP,train,1,postExerciseHgcp,3411,3412,3412,6,27,subject1_day1_setup06_hgcp,103.37095873575,103.37095873575,0.0,32,16
3,SingleTrain_WithBaseValsalva,1,SBP,train,1,postExerciseHgcp,3412,3413,3413,6,27,subject1_day1_setup06_hgcp,103.302621386056,103.302621386056,0.0,32,16
3,SingleTrain_WithBaseValsalva,1,SBP,train,1,postExerciseHgcp,3413,3414,3414,6,27,subject1_day1_setup06_hgcp,103.139333830797,103.139333830797,0.0,32,16
3,SingleTrain_WithBaseValsalva,1,SBP,train,1,postExerciseHgcp,3414,3415,3415,6,27,subject1_day1_setup06_hgcp,102.963467988515,102.963467988515,0.0,32,16
3,SingleTrain_WithBaseValsalva,1,SBP,train,1,postExerciseHgcp,3415,3416,3416,6,27,subject1_day1_setup06_hgcp,102.779206269985,102.779206269985,0.0,32,16
3,SingleTrain_WithBaseValsalva,1,SBP,train,1,postExerciseHgcp,3416,3417,3417,6,27,subject1_day1_setup06_hgcp,102.402342441176,102.402342441176,0.0,32,16
3,SingleTrain_WithBaseValsalva,1,SBP,train,1,postExerciseHgcp,3417,3418,3418,6,27,subject1_day1_setup06_hgcp,101.814092205735,101.814092205735,0.0,32,16
3,SingleTrain_WithBaseValsalva,1,SBP,train,1,postExerciseHgcp,3418,3419,3419,6,27,subject1_day1_setup06_hgcp,101.312222597291,101.312222597291,0.0,32,16
3,SingleTrain_WithBaseValsalva,1,SBP,train,1,postExerciseHgcp,3419,3420,3420,6,27,subject1_day1_setup06_hgcp,101.023921121992,101.023921121992,0.0,32,16
3,SingleTrain_WithBaseValsalva,1,SBP,train,1,postExerciseHgcp,3420,3421,3421,6,27,subject1_day1_setup06_hgcp,100.598947074741,100.598947074741,0.0,32,16
3,SingleTrain_WithBaseValsalva,1,SBP,train,1,postExerciseHgcp,3421,3422,3422,6,27,subject1_day1_setup06_hgcp,100.256184072458,100.256184072458,0.0,32,16
3,SingleTrain_WithBaseValsalva,1,SBP,train,1,postExerciseHgcp,3422,3423,3423,6,27,subject1_day1_setup06_hgcp,100.145282607568,100.145282607568,0.0,32,16
3,SingleTrain_WithBaseValsalva,1,SBP,train,1,postExerciseHgcp,3423,3424,3424,6,27,subject1_day1_setup06_hgcp,99.7770778553625,99.7770778553625,0.0,32,16
3,SingleTrain_WithBaseValsalva,1,SBP,train,1,postExerciseHgcp,3424,3425,3425,6,27,subject1_day1_setup06_hgcp,99.3077752649097,99.3077752649097,0.0,32,16
3,SingleTrain_WithBaseValsalva,1,SBP,train,1,postExerciseHgcp,3425,3426,3426,6,27,subject1_day1_setup06_hgcp,99.1676309998558,99.1679290992517,0.00029809939589142687,32,16
3,SingleTrain_WithBaseValsalva,1,SBP,train,1,postExerciseHgcp,3426,3427,3427,6,27,subject1_day1_setup06_hgcp,99.1679290992517,99.1679290992517,0.0,32,16
3,SingleTrain_WithBaseValsalva,1,SBP,train,1,postExerciseHgcp,3427,3428,3428,6,27,subject1_day1_setup06_hgcp,98.9520476529966,98.9520476529966,0.0,32,16
3,SingleTrain_WithBaseValsalva,1,SBP,train,1,postExerciseHgcp,3428,3429,3429,6,27,subject1_day1_setup06_hgcp,98.8092476057918,98.80924760579181,1.4210854715202004e-14,32,16
3,SingleTrain_WithBaseValsalva,1,SBP,train,1,postExerciseHgcp,3429,3430,3430,6,27,subject1_day1_setup06_hgcp,99.078225004535,99.078225004535,0.0,32,16
3,SingleTrain_WithBaseValsalva,1,SBP,train,1,postExerciseHgcp,3430,3431,3431,6,27,subject1_day1_setup06_hgcp,99.1697606404035,99.1697606404035,0.0,32,16
3,SingleTrain_WithBaseValsalva,1,SBP,train,1,postExerciseHgcp,3431,3432,3432,6,27,subject1_day1_setup06_hgcp,98.9492469756662,98.9492469756662,0.0,32,16
3,SingleTrain_WithBaseValsalva,1,SBP,train,1,postExerciseHgcp,3432,3433,3433,6,27,subject1_day1_setup06_hgcp,99.0062303601789,99.0062303601789,0.0,32,16
3,SingleTrain_WithBaseValsalva,1,SBP,train,1,postExerciseHgcp,3433,3434,3434,6,27,subject1_day1_setup06_hgcp,99.0915460397472,99.0915460397472,0.0,32,16
3,SingleTrain_WithBaseValsalva,1,SBP,train,1,postExerciseHgcp,3434,3435,3435,6,27,subject1_day1_setup06_hgcp,98.8750775910868,98.87507759108682,2.842170943040401e-14,32,16
3,SingleTrain_WithBaseValsalva,1,SBP,train,1,postExerciseHgcp,3435,3436,3436,6,27,subject1_day1_setup06_hgcp,98.7914576030011,98.7914576030011,0.0,32,16
3,SingleTrain_WithBaseValsalva,1,SBP,train,1,postExerciseHgcp,3436,3437,3437,6,27,subject1_day1_setup06_hgcp,99.1173556796028,99.1173556796028,0.0,32,16
3,SingleTrain_WithBaseValsalva,1,SBP,train,1,postExerciseHgcp,3437,3438,3438,6,27,subject1_day1_setup06_hgcp,99.341526957042,99.341526957042,0.0,32,16
3,SingleTrain_WithBaseValsalva,1,SBP,train,1,postExerciseHgcp,3438,3439,3439,6,27,subject1_day1_setup06_hgcp,99.4068093803314,99.4068093803314,0.0,32,16
3,SingleTrain_WithBaseValsalva,1,SBP,train,1,postExerciseHgcp,3439,3440,3440,6,27,subject1_day1_setup06_hgcp,99.7649448825856,99.7649448825856,0.0,32,16
3,SingleTrain_WithBaseValsalva,1,SBP,train,1,postExerciseHgcp,3440,3441,3441,6,27,subject1_day1_setup06_hgcp,100.182115220934,100.182115220934,0.0,32,16
3,SingleTrain_WithBaseValsalva,1,SBP,train,1,postExerciseHgcp,3441,3442,3442,6,27,subject1_day1_setup06_hgcp,100.470042472585,100.47004247258498,-2.842170943040401e-14,32,16
3,SingleTrain_WithBaseValsalva,1,SBP,train,1,postExerciseHgcp,3442,3443,3443,6,27,subject1_day1_setup06_hgcp,100.777916685247,100.777916685247,0.0,32,16
3,SingleTrain_WithBaseValsalva,1,SBP,train,1,postExerciseHgcp,3443,3444,3444,6,27,subject1_day1_setup06_hgcp,101.448970209343,101.448970209343,0.0,32,16
3,SingleTrain_WithBaseValsalva,1,SBP,train,1,postExerciseHgcp,3444,3445,3445,6,27,subject1_day1_setup06_hgcp,102.031911673076,102.031911673076,0.0,32,16
3,SingleTrain_WithBaseValsalva,1,SBP,train,1,postExerciseHgcp,3445,3446,3446,6,27,subject1_day1_setup06_hgcp,102.369025133487,102.369025133487,0.0,32,16
3,SingleTrain_WithBaseValsalva,1,SBP,train,1,postExerciseHgcp,3446,3447,3447,6,27,subject1_day1_setup06_hgcp,102.770878464009,102.770878464009,0.0,32,16
3,SingleTrain_WithBaseValsalva,1,SBP,train,1,postExerciseHgcp,3447,3448,3448,6,27,subject1_day1_setup06_hgcp,103.441129507241,103.441129507241,0.0,32,16
3,SingleTrain_WithBaseValsalva,1,SBP,train,1,postExerciseHgcp,3448,3449,3449,6,27,subject1_day1_setup06_hgcp,103.958105450599,103.958105450599,0.0,32,16
3,SingleTrain_WithBaseValsalva,1,SBP,train,1,postExerciseHgcp,3449,3450,3450,6,27,subject1_day1_setup06_hgcp,104.236234162444,104.236234162444,0.0,32,16
3,SingleTrain_WithBaseValsalva,1,SBP,train,1,postExerciseHgcp,3450,3451,3451,6,27,subject1_day1_setup06_hgcp,104.707913602342,104.707913602342,0.0,32,16
3,SingleTrain_WithBaseValsalva,1,SBP,train,1,postExerciseHgcp,3451,3452,3452,6,27,subject1_day1_setup06_hgcp,105.561747248116,105.561747248116,0.0,32,16
3,SingleTrain_WithBaseValsalva,1,SBP,train,1,postExerciseHgcp,3452,3453,3453,6,27,subject1_day1_setup06_hgcp,106.280360515292,106.280360515292,0.0,32,16
3,SingleTrain_WithBaseValsalva,1,SBP,train,1,postExerciseHgcp,3453,3454,3454,6,27,subject1_day1_setup06_hgcp,106.886942138501,106.886942138501,0.0,32,16
3,SingleTrain_WithBaseValsalva,1,SBP,train,1,postExerciseHgcp,3454,3455,3455,6,27,subject1_day1_setup06_hgcp,107.723560965514,107.723560965514,0.0,32,16
3,SingleTrain_WithBaseValsalva,1,SBP,train,1,postExerciseHgcp,3455,3456,3456,6,27,subject1_day1_setup06_hgcp,108.591907211493,108.591907211493,0.0,32,16
3,SingleTrain_WithBaseValsalva,1,SBP,train,1,postExerciseHgcp,3456,3457,3457,6,27,subject1_day1_setup06_hgcp,109.078289723621,109.078289723621,0.0,32,16
3,SingleTrain_WithBaseValsalva,1,SBP,train,1,postExerciseHgcp,3457,3458,3458,6,27,subject1_day1_setup06_hgcp,109.391460744816,109.391460744816,0.0,32,16
3,SingleTrain_WithBaseValsalva,1,SBP,train,1,postExerciseHgcp,3458,3459,3459,6,27,subject1_day1_setup06_hgcp,109.813530701923,109.391460744816,-0.4220699571069986,32,16
3,SingleTrain_WithBaseValsalva,1,SBP,train,1,postExerciseHgcp,3459,3460,3460,6,27,subject1_day1_setup06_hgcp,110.021057748494,110.00924597694602,-0.01181177154798263,32,16
3,SingleTrain_WithBaseValsalva,1,SBP,train,1,postExerciseHgcp,3460,3461,3461,6,27,subject1_day1_setup06_hgcp,110.009245976946,110.009245976946,0.0,32,16
3,SingleTrain_WithBaseValsalva,1,SBP,train,1,postExerciseHgcp,3461,3462,3462,6,27,subject1_day1_setup06_hgcp,110.002034263296,110.002034263296,0.0,32,16
3,SingleTrain_WithBaseValsalva,1,SBP,train,1,postExerciseHgcp,3462,3463,3463,6,27,subject1_day1_setup06_hgcp,110.264788952407,110.264788952407,0.0,32,16
3,SingleTrain_WithBaseValsalva,1,SBP,train,1,postExerciseHgcp,3463,3464,3464,6,27,subject1_day1_setup06_hgcp,110.414179664023,110.0145742578245,-0.3996054061984893,32,16
3,SingleTrain_WithBaseValsalva,1,SBP,train,1,postExerciseHgcp,3464,3465,3465,6,27,subject1_day1_setup06_hgcp,110.478020244412,110.478020244412,0.0,32,16
3,SingleTrain_WithBaseValsalva,1,SBP,train,1,postExerciseHgcp,3465,3466,3466,6,27,subject1_day1_setup06_hgcp,110.709051068033,110.709051068033,0.0,32,16
3,SingleTrain_WithBaseValsalva,1,SBP,train,1,postExerciseHgcp,3466,3467,3467,6,27,subject1_day1_setup06_hgcp,110.895235725599,110.754293099349,-0.14094262624999487,32,16
3,SingleTrain_WithBaseValsalva,1,SBP,train,1,postExerciseHgcp,3467,3468,3468,6,27,subject1_day1_setup06_hgcp,110.754293099349,110.754293099349,0.0,32,16
3,SingleTrain_WithBaseValsalva,1,SBP,train,1,postExerciseHgcp,3468,3469,3469,6,27,subject1_day1_setup06_hgcp,110.720436410247,110.720436410247,0.0,32,16
3,SingleTrain_WithBaseValsalva,1,SBP,train,1,postExerciseHgcp,3469,3470,3470,6,27,subject1_day1_setup06_hgcp,110.831513736296,110.831513736296,0.0,32,16
3,SingleTrain_WithBaseValsalva,1,SBP,train,1,postExerciseHgcp,3474,3475,3475,6,27,subject1_day1_setup06_hgcp,109.242359845644,109.242359845644,0.0,32,16
3,SingleTrain_WithBaseValsalva,1,SBP,train,1,postExerciseHgcp,3476,3477,3477,6,27,subject1_day1_setup06_hgcp,108.59667327575,108.59667327575,0.0,32,16
3,SingleTrain_WithBaseValsalva,1,SBP,train,1,postExerciseHgcp,3477,3478,3478,6,27,subject1_day1_setup06_hgcp,108.546904336498,108.546904336498,0.0,32,16
3,SingleTrain_WithBaseValsalva,1,SBP,train,1,postExerciseHgcp,3478,3479,3479,6,27,subject1_day1_setup06_hgcp,108.210474004106,108.210474004106,0.0,32,16
3,SingleTrain_WithBaseValsalva,1,SBP,train,1,postExerciseHgcp,3479,3480,3480,6,27,subject1_day1_setup06_hgcp,107.974830665552,107.974830665552,0.0,32,16
3,SingleTrain_WithBaseValsalva,1,SBP,train,1,postExerciseHgcp,3480,3481,3481,6,27,subject1_day1_setup06_hgcp,107.962667142063,107.962667142063,0.0,32,16
3,SingleTrain_WithBaseValsalva,1,SBP,train,1,postExerciseHgcp,3481,3482,3482,6,27,subject1_day1_setup06_hgcp,107.704546601872,107.704546601872,0.0,32,16
3,SingleTrain_WithBaseValsalva,1,SBP,train,1,postExerciseHgcp,3482,3483,3483,6,27,subject1_day1_setup06_hgcp,107.175834500087,107.175834500087,0.0,32,16
3,SingleTrain_WithBaseValsalva,1,SBP,train,1,postExerciseHgcp,3483,3484,3484,6,27,subject1_day1_setup06_hgcp,106.972748181035,106.972748181035,0.0,32,16
3,SingleTrain_WithBaseValsalva,1,SBP,train,1,postExerciseHgcp,3484,3485,3485,6,27,subject1_day1_setup06_hgcp,106.944721106912,106.944721106912,0.0,32,16
3,SingleTrain_WithBaseValsalva,1,SBP,train,1,postExerciseHgcp,3485,3486,3486,6,27,subject1_day1_setup06_hgcp,106.769255883943,106.769255883943,0.0,32,16
3,SingleTrain_WithBaseValsalva,1,SBP,train,1,postExerciseHgcp,3486,3487,3487,6,27,subject1_day1_setup06_hgcp,106.434809231148,106.434809231148,0.0,32,16
3,SingleTrain_WithBaseValsalva,1,SBP,train,1,postExerciseHgcp,3487,3488,3488,6,27,subject1_day1_setup06_hgcp,106.203116414963,106.203116414963,0.0,32,16
3,SingleTrain_WithBaseValsalva,1,SBP,train,1,postExerciseHgcp,3488,3489,3489,6,27,subject1_day1_setup06_hgcp,105.846682142708,105.846682142708,0.0,32,16
3,SingleTrain_WithBaseValsalva,1,SBP,train,1,postExerciseHgcp,3489,3490,3490,6,27,subject1_day1_setup06_hgcp,105.321272469076,105.321272469076,0.0,32,16
3,SingleTrain_WithBaseValsalva,1,SBP,train,1,postExerciseHgcp,3490,3491,3491,6,27,subject1_day1_setup06_hgcp,105.107159785488,105.321272469076,0.21411268358801294,32,16
3,SingleTrain_WithBaseValsalva,1,SBP,train,1,postExerciseHgcp,3491,3492,3492,6,27,subject1_day1_setup06_hgcp,104.998325370453,105.107159785488,0.10883441503499114,32,16
3,SingleTrain_WithBaseValsalva,1,SBP,train,1,postExerciseHgcp,3511,3512,3512,7,28,subject1_day1_setup07_hgcp,123.413189455359,123.413189455359,0.0,32,16
3,SingleTrain_WithBaseValsalva,1,SBP,train,1,postExerciseHgcp,3512,3513,3513,7,28,subject1_day1_setup07_hgcp,122.973600847848,122.973600847848,0.0,32,16
3,SingleTrain_WithBaseValsalva,1,SBP,train,1,postExerciseHgcp,3513,3514,3514,7,28,subject1_day1_setup07_hgcp,123.016848945499,123.016848945499,0.0,32,16
3,SingleTrain_WithBaseValsalva,1,SBP,train,1,postExerciseHgcp,3514,3515,3515,7,28,subject1_day1_setup07_hgcp,122.781855123426,122.781855123426,0.0,32,16
3,SingleTrain_WithBaseValsalva,1,SBP,train,1,postExerciseHgcp,3515,3516,3516,7,28,subject1_day1_setup07_hgcp,122.67858941371,122.67858941371001,1.4210854715202004e-14,32,16
3,SingleTrain_WithBaseValsalva,1,SBP,train,1,postExerciseHgcp,3516,3517,3517,7,28,subject1_day1_setup07_hgcp,122.818012541601,122.81801254160102,2.842170943040401e-14,32,16
3,SingleTrain_WithBaseValsalva,1,SBP,train,1,postExerciseHgcp,3517,3518,3518,7,28,subject1_day1_setup07_hgcp,122.959053002985,122.959053002985,0.0,32,16
3,SingleTrain_WithBaseValsalva,1,SBP,train,1,postExerciseHgcp,3518,3519,3519,7,28,subject1_day1_setup07_hgcp,123.006604386557,123.006604386557,0.0,32,16
3,SingleTrain_WithBaseValsalva,1,SBP,train,1,postExerciseHgcp,3519,3520,3520,7,28,subject1_day1_setup07_hgcp,123.090239502346,123.090239502346,0.0,32,16
3,SingleTrain_WithBaseValsalva,1,SBP,train,1,postExerciseHgcp,3523,3524,3524,7,28,subject1_day1_setup07_hgcp,125.192004213356,125.192004213356,0.0,32,16
3,SingleTrain_WithBaseValsalva,1,SBP,train,1,postExerciseHgcp,3538,3539,3539,7,28,subject1_day1_setup07_hgcp,135.682553641484,135.682553641484,0.0,32,16
3,SingleTrain_WithBaseValsalva,1,SBP,train,1,postExerciseHgcp,3616,3617,3617,7,28,subject1_day1_setup07_hgcp,142.20651948604,142.20651948604,0.0,32,16
3,SingleTrain_WithBaseValsalva,1,SBP,train,1,postExerciseHgcp,3659,3660,3660,7,29,subject1_day1_setup07_hgcp,148.852165504069,148.852165504069,0.0,32,16
3,SingleTrain_WithBaseValsalva,1,SBP,train,1,postExerciseHgcp,3660,3661,3661,7,29,subject1_day1_setup07_hgcp,148.579833773064,148.579833773064,0.0,32,16
3,SingleTrain_WithBaseValsalva,1,SBP,train,1,postExerciseHgcp,3661,3662,3662,7,29,subject1_day1_setup07_hgcp,148.142938354423,148.142938354423,0.0,32,16
3,SingleTrain_WithBaseValsalva,1,SBP,train,1,postExerciseHgcp,3662,3663,3663,7,29,subject1_day1_setup07_hgcp,147.909690668843,147.909690668843,0.0,32,16
3,SingleTrain_WithBaseValsalva,1,SBP,train,1,postExerciseHgcp,3663,3664,3664,7,29,subject1_day1_setup07_hgcp,147.309023365473,147.309023365473,0.0,32,16
3,SingleTrain_WithBaseValsalva,1,SBP,train,1,postExerciseHgcp,3664,3665,3665,7,29,subject1_day1_setup07_hgcp,146.326785347414,146.326785347414,0.0,32,16
3,SingleTrain_WithBaseValsalva,1,SBP,train,1,postExerciseHgcp,3665,3666,3666,7,29,subject1_day1_setup07_hgcp,145.426389429998,145.426389429998,0.0,32,16
3,SingleTrain_WithBaseValsalva,1,SBP,train,1,postExerciseHgcp,3666,3667,3667,7,29,subject1_day1_setup07_hgcp,145.193548796427,145.193548796427,0.0,32,16
3,SingleTrain_WithBaseValsalva,1,SBP,train,1,postExerciseHgcp,3667,3668,3668,7,29,subject1_day1_setup07_hgcp,144.538241202961,144.538241202961,0.0,32,16
3,SingleTrain_WithBaseValsalva,1,SBP,train,1,postExerciseHgcp,3668,3669,3669,7,29,subject1_day1_setup07_hgcp,143.623605895925,143.623605895925,0.0,32,16
3,SingleTrain_WithBaseValsalva,1,SBP,train,1,postExerciseHgcp,3669,3670,3670,7,29,subject1_day1_setup07_hgcp,142.72328745235,142.72328745235,0.0,32,16
3,SingleTrain_WithBaseValsalva,1,SBP,train,1,postExerciseHgcp,3670,3671,3671,7,29,subject1_day1_setup07_hgcp,142.654002048636,142.654002048636,0.0,32,16
3,SingleTrain_WithBaseValsalva,1,SBP,train,1,postExerciseHgcp,3671,3672,3672,7,29,subject1_day1_setup07_hgcp,142.1980580028,142.1980580028,0.0,32,16
3,SingleTrain_WithBaseValsalva,1,SBP,train,1,postExerciseHgcp,3672,3673,3673,7,29,subject1_day1_setup07_hgcp,141.711127483328,142.1980580028,0.48693051947199706,32,16
3,SingleTrain_WithBaseValsalva,1,SBP,train,1,postExerciseHgcp,3673,3674,3674,7,29,subject1_day1_setup07_hgcp,141.587191754714,141.711127483328,0.12393572861398638,32,16
3,SingleTrain_WithBaseValsalva,1,SBP,train,1,postExerciseHgcp,3674,3675,3675,7,29,subject1_day1_setup07_hgcp,141.531991783504,141.711127483328,0.1791356998240019,32,16
3,SingleTrain_WithBaseValsalva,1,SBP,train,1,postExerciseHgcp,3675,3676,3676,7,29,subject1_day1_setup07_hgcp,141.582123684543,141.587191754714,0.005068070171006411,32,16
3,SingleTrain_WithBaseValsalva,1,SBP,train,1,postExerciseHgcp,3676,3677,3677,7,29,subject1_day1_setup07_hgcp,141.824808525585,141.824808525585,0.0,32,16
3,SingleTrain_WithBaseValsalva,1,SBP,train,1,postExerciseHgcp,3677,3678,3678,7,29,subject1_day1_setup07_hgcp,142.344317878308,142.344317878308,0.0,32,16
3,SingleTrain_WithBaseValsalva,1,SBP,train,1,postExerciseHgcp,3678,3679,3679,7,29,subject1_day1_setup07_hgcp,142.812732792029,142.812732792029,0.0,32,16
3,SingleTrain_WithBaseValsalva,1,SBP,train,1,postExerciseHgcp,3679,3680,3680,7,29,subject1_day1_setup07_hgcp,143.305656921662,143.305656921662,0.0,32,16
3,SingleTrain_WithBaseValsalva,1,SBP,train,1,postExerciseHgcp,3680,3681,3681,7,29,subject1_day1_setup07_hgcp,143.745752384166,143.745752384166,0.0,32,16
3,SingleTrain_WithBaseValsalva,1,SBP,train,1,postExerciseHgcp,3681,3682,3682,7,29,subject1_day1_setup07_hgcp,144.216817302588,143.745752384166,-0.4710649184220017,32,16
3,SingleTrain_WithBaseValsalva,1,SBP,train,1,postExerciseHgcp,3682,3683,3683,7,29,subject1_day1_setup07_hgcp,144.679105297891,144.679105297891,0.0,32,16
3,SingleTrain_WithBaseValsalva,1,SBP,train,1,postExerciseHgcp,3683,3684,3684,7,29,subject1_day1_setup07_hgcp,145.073391066057,145.073391066057,0.0,32,16
3,SingleTrain_WithBaseValsalva,1,SBP,train,1,postExerciseHgcp,3684,3685,3685,7,29,subject1_day1_setup07_hgcp,145.438656778067,145.438656778067,0.0,32,16
3,SingleTrain_WithBaseValsalva,1,SBP,train,1,postExerciseHgcp,3685,3686,3686,7,29,subject1_day1_setup07_hgcp,145.628737119908,145.628737119908,0.0,32,16
3,SingleTrain_WithBaseValsalva,1,SBP,train,1,postExerciseHgcp,3686,3687,3687,7,29,subject1_day1_setup07_hgcp,145.586175083379,145.58617508337903,2.842170943040401e-14,32,16
3,SingleTrain_WithBaseValsalva,1,SBP,train,1,postExerciseHgcp,3691,3692,3692,7,29,subject1_day1_setup07_hgcp,147.417628107878,147.417628107878,0.0,32,16
3,SingleTrain_WithBaseValsalva,1,SBP,train,1,postExerciseHgcp,3711,3712,3712,7,29,subject1_day1_setup07_hgcp,143.306356585286,143.306356585286,0.0,32,16
3,SingleTrain_WithBaseValsalva,1,SBP,train,1,postExerciseHgcp,3763,3764,3764,7,30,subject1_day1_setup07_hgcp,136.128013802204,136.128013802204,0.0,32,16
3,SingleTrain_WithBaseValsalva,1,SBP,train,1,postExerciseHgcp,3764,3765,3765,7,30,subject1_day1_setup07_hgcp,135.189237140687,135.189237140687,0.0,32,16
3,SingleTrain_WithBaseValsalva,1,SBP,train,1,postExerciseHgcp,3765,3766,3766,7,30,subject1_day1_setup07_hgcp,134.247807527437,134.247807527437,0.0,32,16
3,SingleTrain_WithBaseValsalva,1,SBP,train,1,postExerciseHgcp,3766,3767,3767,7,30,subject1_day1_setup07_hgcp,133.244486617028,133.244486617028,0.0,32,16
3,SingleTrain_WithBaseValsalva,1,SBP,train,1,postExerciseHgcp,3767,3768,3768,7,30,subject1_day1_setup07_hgcp,132.857857456595,132.857857456595,0.0,32,16
3,SingleTrain_WithBaseValsalva,1,SBP,train,1,postExerciseHgcp,3768,3769,3769,7,30,subject1_day1_setup07_hgcp,132.821113988797,132.821113988797,0.0,32,16
3,SingleTrain_WithBaseValsalva,1,SBP,train,1,postExerciseHgcp,3769,3770,3770,7,30,subject1_day1_setup07_hgcp,132.773218867556,132.773218867556,0.0,32,16
3,SingleTrain_WithBaseValsalva,1,SBP,train,1,postExerciseHgcp,3770,3771,3771,7,30,subject1_day1_setup07_hgcp,132.415616334249,132.415616334249,0.0,32,16
3,SingleTrain_WithBaseValsalva,1,SBP,train,1,postExerciseHgcp,3771,3772,3772,7,30,subject1_day1_setup07_hgcp,131.96502069229,131.96502069229,0.0,32,16
3,SingleTrain_WithBaseValsalva,1,SBP,train,1,postExerciseHgcp,3772,3773,3773,7,30,subject1_day1_setup07_hgcp,131.807724990707,131.94027623887,0.13255124816302555,32,16
3,SingleTrain_WithBaseValsalva,1,SBP,train,1,postExerciseHgcp,3773,3774,3774,7,30,subject1_day1_setup07_hgcp,131.94027623887,131.94027623887,0.0,32,16
3,SingleTrain_WithBaseValsalva,1,SBP,train,1,postExerciseHgcp,3774,3775,3775,7,30,subject1_day1_setup07_hgcp,131.54455413399,131.54455413399,0.0,32,16
3,SingleTrain_WithBaseValsalva,1,SBP,train,1,postExerciseHgcp,3775,3776,3776,7,30,subject1_day1_setup07_hgcp,130.952397725295,130.952397725295,0.0,32,16
3,SingleTrain_WithBaseValsalva,1,SBP,train,1,postExerciseHgcp,3776,3777,3777,7,30,subject1_day1_setup07_hgcp,129.884492741755,129.884492741755,0.0,32,16
3,SingleTrain_WithBaseValsalva,1,SBP,train,1,postExerciseHgcp,3777,3778,3778,7,30,subject1_day1_setup07_hgcp,129.146411907327,129.146411907327,0.0,32,16
3,SingleTrain_WithBaseValsalva,1,SBP,train,1,postExerciseHgcp,3778,3779,3779,7,30,subject1_day1_setup07_hgcp,129.050896704863,129.050896704863,0.0,32,16
3,SingleTrain_WithBaseValsalva,1,SBP,train,1,postExerciseHgcp,3779,3780,3780,7,30,subject1_day1_setup07_hgcp,129.084640426933,129.084640426933,0.0,32,16
3,SingleTrain_WithBaseValsalva,1,SBP,train,1,postExerciseHgcp,3780,3781,3781,7,30,subject1_day1_setup07_hgcp,128.616975494841,128.616975494841,0.0,32,16
3,SingleTrain_WithBaseValsalva,1,SBP,train,1,postExerciseHgcp,3781,3782,3782,7,30,subject1_day1_setup07_hgcp,128.000685751524,128.000685751524,0.0,32,16
3,SingleTrain_WithBaseValsalva,1,SBP,train,1,postExerciseHgcp,3782,3783,3783,7,30,subject1_day1_setup07_hgcp,127.896710563872,128.000685751524,0.1039751876519972,32,16
3,SingleTrain_WithBaseValsalva,1,SBP,train,1,postExerciseHgcp,3783,3784,3784,7,30,subject1_day1_setup07_hgcp,127.823621309118,128.000685751524,0.1770644424060066,32,16
3,SingleTrain_WithBaseValsalva,1,SBP,train,1,postExerciseHgcp,3784,3785,3785,7,30,subject1_day1_setup07_hgcp,127.870766881711,128.013381891496,0.14261500978500408,32,16
3,SingleTrain_WithBaseValsalva,1,SBP,train,1,postExerciseHgcp,3785,3786,3786,7,30,subject1_day1_setup07_hgcp,128.013381891496,128.288432258754,0.2750503672579896,32,16
3,SingleTrain_WithBaseValsalva,1,SBP,train,1,postExerciseHgcp,3786,3787,3787,7,30,subject1_day1_setup07_hgcp,128.556269874826,128.556269874826,0.0,32,16
3,SingleTrain_WithBaseValsalva,1,SBP,train,1,postExerciseHgcp,3787,3788,3788,7,30,subject1_day1_setup07_hgcp,128.471924126917,128.471924126917,0.0,32,16
3,SingleTrain_WithBaseValsalva,1,SBP,train,1,postExerciseHgcp,3788,3789,3789,7,30,subject1_day1_setup07_hgcp,128.288432258754,128.342539544471,0.05410728571700929,32,16
3,SingleTrain_WithBaseValsalva,1,SBP,train,1,postExerciseHgcp,3789,3790,3790,7,30,subject1_day1_setup07_hgcp,128.342539544471,128.342539544471,0.0,32,16
3,SingleTrain_WithBaseValsalva,1,SBP,train,1,postExerciseHgcp,3790,3791,3791,7,30,subject1_day1_setup07_hgcp,128.693175223541,128.693175223541,0.0,32,16
3,SingleTrain_WithBaseValsalva,1,SBP,train,1,postExerciseHgcp,3791,3792,3792,7,30,subject1_day1_setup07_hgcp,129.005546038923,128.897116146581,-0.10842989234200218,32,16
3,SingleTrain_WithBaseValsalva,1,SBP,train,1,postExerciseHgcp,3792,3793,3793,7,30,subject1_day1_setup07_hgcp,128.897116146581,128.897116146581,0.0,32,16
3,SingleTrain_WithBaseValsalva,1,SBP,train,1,postExerciseHgcp,3793,3794,3794,7,30,subject1_day1_setup07_hgcp,128.685840558905,128.897116146581,0.21127558767599908,32,16
3,SingleTrain_WithBaseValsalva,1,SBP,train,1,postExerciseHgcp,3794,3795,3795,7,30,subject1_day1_setup07_hgcp,128.730770432169,128.897116146581,0.16634571441198887,32,16
3,SingleTrain_WithBaseValsalva,1,SBP,train,1,postExerciseHgcp,3795,3796,3796,7,30,subject1_day1_setup07_hgcp,129.064374276923,129.064374276923,0.0,32,16
3,SingleTrain_WithBaseValsalva,1,SBP,train,1,postExerciseHgcp,3796,3797,3797,7,30,subject1_day1_setup07_hgcp,129.291103586261,129.214835919894,-0.0762676663669879,32,16
3,SingleTrain_WithBaseValsalva,1,SBP,train,1,postExerciseHgcp,3797,3798,3798,7,30,subject1_day1_setup07_hgcp,129.214835919894,129.214835919894,0.0,32,16
3,SingleTrain_WithBaseValsalva,1,SBP,train,1,postExerciseHgcp,3798,3799,3799,7,30,subject1_day1_setup07_hgcp,129.065777799016,129.065777799016,0.0,32,16
3,SingleTrain_WithBaseValsalva,1,SBP,train,1,postExerciseHgcp,3799,3800,3800,7,30,subject1_day1_setup07_hgcp,129.128138651793,129.128138651793,0.0,32,16
3,SingleTrain_WithBaseValsalva,1,SBP,train,1,postExerciseHgcp,3800,3801,3801,7,30,subject1_day1_setup07_hgcp,129.462908982408,129.462908982408,0.0,32,16
3,SingleTrain_WithBaseValsalva,1,SBP,train,1,postExerciseHgcp,3801,3802,3802,7,30,subject1_day1_setup07_hgcp,129.876755312667,129.876755312667,0.0,32,16
3,SingleTrain_WithBaseValsalva,1,SBP,train,1,postExerciseHgcp,3802,3803,3803,7,30,subject1_day1_setup07_hgcp,130.166281647903,130.166281647903,0.0,32,16
3,SingleTrain_WithBaseValsalva,1,SBP,train,1,postExerciseHgcp,3803,3804,3804,7,30,subject1_day1_setup07_hgcp,130.951597105624,130.951597105624,0.0,32,16
3,SingleTrain_WithBaseValsalva,1,SBP,train,1,postExerciseHgcp,3804,3805,3805,7,30,subject1_day1_setup07_hgcp,131.840866164817,131.840866164817,0.0,32,16
3,SingleTrain_WithBaseValsalva,1,SBP,train,1,postExerciseHgcp,3805,3806,3806,7,30,subject1_day1_setup07_hgcp,132.400518455762,132.400518455762,0.0,32,16
3,SingleTrain_WithBaseValsalva,1,SBP,train,1,postExerciseHgcp,3806,3807,3807,7,30,subject1_day1_setup07_hgcp,132.462478233159,132.462478233159,0.0,32,16
3,SingleTrain_WithBaseValsalva,1,SBP,train,1,postExerciseHgcp,3807,3808,3808,7,30,subject1_day1_setup07_hgcp,133.004539471685,133.004539471685,0.0,32,16
3,SingleTrain_WithBaseValsalva,1,SBP,train,1,postExerciseHgcp,3808,3809,3809,7,30,subject1_day1_setup07_hgcp,133.7858249654,133.7858249654,0.0,32,16
3,SingleTrain_WithBaseValsalva,1,SBP,train,1,postExerciseHgcp,3809,3810,3810,7,30,subject1_day1_setup07_hgcp,134.304783434708,134.304783434708,0.0,32,16
3,SingleTrain_WithBaseValsalva,1,SBP,train,1,postExerciseHgcp,3810,3811,3811,7,30,subject1_day1_setup07_hgcp,134.495160888032,134.495160888032,0.0,32,16
3,SingleTrain_WithBaseValsalva,1,SBP,train,1,postExerciseHgcp,3811,3812,3812,7,30,subject1_day1_setup07_hgcp,134.826735398896,134.826735398896,0.0,32,16
3,SingleTrain_WithBaseValsalva,1,SBP,train,1,postExerciseHgcp,3812,3813,3813,7,30,subject1_day1_setup07_hgcp,135.575104667651,135.575104667651,0.0,32,16
3,SingleTrain_WithBaseValsalva,1,SBP,train,1,postExerciseHgcp,3813,3814,3814,7,30,subject1_day1_setup07_hgcp,135.986571947506,135.986571947506,0.0,32,16
3,SingleTrain_WithBaseValsalva,1,SBP,train,1,postExerciseHgcp,3814,3815,3815,7,30,subject1_day1_setup07_hgcp,135.89747154683,135.89747154683,0.0,32,16
3,SingleTrain_WithBaseValsalva,1,SBP,train,1,postExerciseHgcp,3815,3816,3816,7,30,subject1_day1_setup07_hgcp,135.885731537219,135.885731537219,0.0,32,16
3,SingleTrain_WithBaseValsalva,1,SBP,train,1,postExerciseHgcp,3816,3817,3817,7,30,subject1_day1_setup07_hgcp,136.411310079048,136.411310079048,0.0,32,16
3,SingleTrain_WithBaseValsalva,1,SBP,train,1,postExerciseHgcp,3817,3818,3818,7,30,subject1_day1_setup07_hgcp,136.981074873748,137.145722537574,0.16464766382597418,32,16
3,SingleTrain_WithBaseValsalva,1,SBP,train,1,postExerciseHgcp,3818,3819,3819,7,30,subject1_day1_setup07_hgcp,137.214575439805,137.214575439805,0.0,32,16
3,SingleTrain_WithBaseValsalva,1,SBP,train,1,postExerciseHgcp,3819,3820,3820,7,30,subject1_day1_setup07_hgcp,137.280968929113,137.280968929113,0.0,32,16
3,SingleTrain_WithBaseValsalva,1,SBP,train,1,postExerciseHgcp,3820,3821,3821,7,30,subject1_day1_setup07_hgcp,137.748727773019,137.748727773019,0.0,32,16
3,SingleTrain_WithBaseValsalva,1,SBP,train,1,postExerciseHgcp,3821,3822,3822,7,30,subject1_day1_setup07_hgcp,138.6779683308,138.6779683308,0.0,32,16
3,SingleTrain_WithBaseValsalva,1,SBP,train,1,postExerciseHgcp,3822,3823,3823,7,30,subject1_day1_setup07_hgcp,139.555904446189,139.555904446189,0.0,32,16
3,SingleTrain_WithBaseValsalva,1,SBP,train,1,postExerciseHgcp,3823,3824,3824,7,30,subject1_day1_setup07_hgcp,139.576965734918,139.576965734918,0.0,32,16
3,SingleTrain_WithBaseValsalva,1,SBP,train,1,postExerciseHgcp,3824,3825,3825,7,30,subject1_day1_setup07_hgcp,139.553353090956,139.553353090956,0.0,32,16
3,SingleTrain_WithBaseValsalva,1,SBP,train,1,postExerciseHgcp,3825,3826,3826,7,30,subject1_day1_setup07_hgcp,140.138463508358,140.138463508358,0.0,32,16
3,SingleTrain_WithBaseValsalva,1,SBP,train,1,postExerciseHgcp,3826,3827,3827,7,30,subject1_day1_setup07_hgcp,140.795338047014,140.795338047014,0.0,32,16
3,SingleTrain_WithBaseValsalva,1,SBP,train,1,postExerciseHgcp,3827,3828,3828,7,30,subject1_day1_setup07_hgcp,141.113918524692,140.99256137661604,-0.12135714807595832,32,16
3,SingleTrain_WithBaseValsalva,1,SBP,train,1,postExerciseHgcp,3828,3829,3829,7,30,subject1_day1_setup07_hgcp,140.992561376616,140.992561376616,0.0,32,16
3,SingleTrain_WithBaseValsalva,1,SBP,train,1,postExerciseHgcp,3829,3830,3830,7,30,subject1_day1_setup07_hgcp,140.78555948962,140.99256137661604,0.20700188699603927,32,16
3,SingleTrain_WithBaseValsalva,1,SBP,train,1,postExerciseHgcp,3830,3831,3831,7,30,subject1_day1_setup07_hgcp,141.141373032105,141.829706457699,0.6883334255939815,32,16
3,SingleTrain_WithBaseValsalva,1,SBP,train,1,postExerciseHgcp,3831,3832,3832,7,30,subject1_day1_setup07_hgcp,141.829706457699,141.829706457699,0.0,32,16
3,SingleTrain_WithBaseValsalva,1,SBP,train,1,postExerciseHgcp,3832,3833,3833,7,30,subject1_day1_setup07_hgcp,142.305928457489,142.305928457489,0.0,32,16
3,SingleTrain_WithBaseValsalva,1,SBP,train,1,postExerciseHgcp,3833,3834,3834,7,30,subject1_day1_setup07_hgcp,142.601036928302,142.601036928302,0.0,32,16
3,SingleTrain_WithBaseValsalva,1,SBP,train,1,postExerciseHgcp,3834,3835,3835,7,30,subject1_day1_setup07_hgcp,142.804619986691,142.804619986691,0.0,32,16
3,SingleTrain_WithBaseValsalva,1,SBP,train,1,postExerciseHgcp,3835,3836,3836,7,30,subject1_day1_setup07_hgcp,143.014336313003,143.014336313003,0.0,32,16
3,SingleTrain_WithBaseValsalva,1,SBP,train,1,postExerciseHgcp,3836,3837,3837,7,30,subject1_day1_setup07_hgcp,143.314179512378,143.314179512378,0.0,32,16
3,SingleTrain_WithBaseValsalva,1,SBP,train,1,postExerciseHgcp,3837,3838,3838,7,30,subject1_day1_setup07_hgcp,143.686674955578,143.686674955578,0.0,32,16
3,SingleTrain_WithBaseValsalva,1,SBP,train,1,postExerciseHgcp,3838,3839,3839,7,30,subject1_day1_setup07_hgcp,144.134690519372,144.0272684647975,-0.10742205457449927,32,16
3,SingleTrain_WithBaseValsalva,1,SBP,train,1,postExerciseHgcp,3839,3840,3840,7,30,subject1_day1_setup07_hgcp,144.66813353564,144.486223277269,-0.18191025837100483,32,16
3,SingleTrain_WithBaseValsalva,1,SBP,train,1,postExerciseHgcp,3840,3841,3841,7,30,subject1_day1_setup07_hgcp,144.872776628843,144.872776628843,0.0,32,16
3,SingleTrain_WithBaseValsalva,1,SBP,train,1,postExerciseHgcp,3841,3842,3842,7,30,subject1_day1_setup07_hgcp,144.486223277269,144.486223277269,0.0,32,16
3,SingleTrain_WithBaseValsalva,1,SBP,train,1,postExerciseHgcp,3842,3843,3843,7,30,subject1_day1_setup07_hgcp,143.927402891081,143.927402891081,0.0,32,16
3,SingleTrain_WithBaseValsalva,1,SBP,train,1,postExerciseHgcp,3843,3844,3844,7,30,subject1_day1_setup07_hgcp,143.896765246306,143.896765246306,0.0,32,16
3,SingleTrain_WithBaseValsalva,1,SBP,train,1,postExerciseHgcp,3844,3845,3845,7,30,subject1_day1_setup07_hgcp,143.822006076011,143.822006076011,0.0,32,16
3,SingleTrain_WithBaseValsalva,1,SBP,train,1,postExerciseHgcp,3845,3846,3846,7,30,subject1_day1_setup07_hgcp,143.0350030882,143.0350030882,0.0,32,16
3,SingleTrain_WithBaseValsalva,1,SBP,train,1,postExerciseHgcp,3846,3847,3847,7,30,subject1_day1_setup07_hgcp,142.271921400155,142.271921400155,0.0,32,16
3,SingleTrain_WithBaseValsalva,1,SBP,train,1,postExerciseHgcp,3847,3848,3848,7,30,subject1_day1_setup07_hgcp,141.828734983655,141.828734983655,0.0,32,16
3,SingleTrain_WithBaseValsalva,1,SBP,train,1,postExerciseHgcp,3848,3849,3849,7,30,subject1_day1_setup07_hgcp,141.49265297541,141.49265297541,0.0,32,16
3,SingleTrain_WithBaseValsalva,1,SBP,train,1,postExerciseHgcp,3849,3850,3850,7,30,subject1_day1_setup07_hgcp,141.010090161163,141.010090161163,0.0,32,16
3,SingleTrain_WithBaseValsalva,1,SBP,train,1,postExerciseHgcp,3850,3851,3851,7,30,subject1_day1_setup07_hgcp,140.286942358413,139.61001892457,-0.676923433843001,32,16
3,SingleTrain_WithBaseValsalva,1,SBP,train,1,postExerciseHgcp,3851,3852,3852,7,30,subject1_day1_setup07_hgcp,139.532551605994,139.532551605994,0.0,32,16
3,SingleTrain_WithBaseValsalva,1,SBP,train,1,postExerciseHgcp,3852,3853,3853,7,30,subject1_day1_setup07_hgcp,138.595255681069,138.595255681069,0.0,32,16
3,SingleTrain_WithBaseValsalva,1,SBP,train,1,postExerciseHgcp,3853,3854,3854,7,30,subject1_day1_setup07_hgcp,137.64573714237,137.64573714237,0.0,32,16
3,SingleTrain_WithBaseValsalva,1,SBP,train,1,postExerciseHgcp,3854,3855,3855,7,30,subject1_day1_setup07_hgcp,137.141414492383,137.141414492383,0.0,32,16
3,SingleTrain_WithBaseValsalva,1,SBP,train,1,postExerciseHgcp,3855,3856,3856,7,30,subject1_day1_setup07_hgcp,136.804988045586,136.804988045586,0.0,32,16
3,SingleTrain_WithBaseValsalva,1,SBP,train,1,postExerciseHgcp,3856,3857,3857,7,30,subject1_day1_setup07_hgcp,136.201698143316,136.201698143316,0.0,32,16
3,SingleTrain_WithBaseValsalva,1,SBP,train,1,postExerciseHgcp,3857,3858,3858,7,30,subject1_day1_setup07_hgcp,135.717352627812,135.717352627812,0.0,32,16
3,SingleTrain_WithBaseValsalva,1,SBP,train,1,postExerciseHgcp,3858,3859,3859,7,30,subject1_day1_setup07_hgcp,134.865935712388,134.865935712388,0.0,32,16
3,SingleTrain_WithBaseValsalva,1,SBP,train,1,postExerciseHgcp,3859,3860,3860,7,30,subject1_day1_setup07_hgcp,133.987913625539,133.987913625539,0.0,32,16
3,SingleTrain_WithBaseValsalva,1,SBP,train,1,postExerciseHgcp,3860,3861,3861,7,30,subject1_day1_setup07_hgcp,133.233253050842,133.233253050842,0.0,32,16
3,SingleTrain_WithBaseValsalva,1,SBP,train,1,postExerciseHgcp,3861,3862,3862,7,30,subject1_day1_setup07_hgcp,132.616524394819,132.616524394819,0.0,32,16
3,SingleTrain_WithBaseValsalva,1,SBP,train,1,postExerciseHgcp,3862,3863,3863,7,30,subject1_day1_setup07_hgcp,132.073545903081,132.073545903081,0.0,32,16
3,SingleTrain_WithBaseValsalva,1,SBP,train,1,postExerciseHgcp,3863,3864,3864,7,30,subject1_day1_setup07_hgcp,131.662886632271,131.662886632271,0.0,32,16
3,SingleTrain_WithBaseValsalva,1,SBP,train,1,postExerciseHgcp,3864,3865,3865,7,30,subject1_day1_setup07_hgcp,131.117927428624,131.117927428624,0.0,32,16
3,SingleTrain_WithBaseValsalva,1,SBP,train,1,postExerciseHgcp,3865,3866,3866,7,30,subject1_day1_setup07_hgcp,130.713583789941,130.713583789941,0.0,32,16
3,SingleTrain_WithBaseValsalva,1,SBP,train,1,postExerciseHgcp,3866,3867,3867,7,30,subject1_day1_setup07_hgcp,130.623054828952,130.623054828952,0.0,32,16
3,SingleTrain_WithBaseValsalva,1,SBP,train,1,postExerciseHgcp,3867,3868,3868,7,30,subject1_day1_setup07_hgcp,130.542906302313,130.542906302313,0.0,32,16
3,SingleTrain_WithBaseValsalva,1,SBP,train,1,postExerciseHgcp,3868,3869,3869,7,30,subject1_day1_setup07_hgcp,130.212218588476,130.212218588476,0.0,32,16
3,SingleTrain_WithBaseValsalva,1,SBP,train,1,postExerciseHgcp,3869,3870,3870,7,30,subject1_day1_setup07_hgcp,130.210660459696,130.210660459696,0.0,32,16
3,SingleTrain_WithBaseValsalva,1,SBP,train,1,postExerciseHgcp,3870,3871,3871,7,30,subject1_day1_setup07_hgcp,130.575859895896,130.575859895896,0.0,32,16
3,SingleTrain_WithBaseValsalva,1,SBP,train,1,postExerciseHgcp,3871,3872,3872,7,30,subject1_day1_setup07_hgcp,130.491811947978,130.491811947978,0.0,32,16
3,SingleTrain_WithBaseValsalva,1,SBP,train,1,postExerciseHgcp,3872,3873,3873,7,30,subject1_day1_setup07_hgcp,130.260576562948,130.260576562948,0.0,32,16
3,SingleTrain_WithBaseValsalva,1,SBP,train,1,postExerciseHgcp,3873,3874,3874,7,30,subject1_day1_setup07_hgcp,130.532051915207,130.532051915207,0.0,32,16
3,SingleTrain_WithBaseValsalva,1,SBP,train,1,postExerciseHgcp,3874,3875,3875,7,30,subject1_day1_setup07_hgcp,130.950439661852,130.575859895896,-0.3745797659559855,32,16
3,SingleTrain_WithBaseValsalva,1,SBP,train,1,postExerciseHgcp,3875,3876,3876,7,30,subject1_day1_setup07_hgcp,130.82061512776,130.82061512776,0.0,32,16
3,SingleTrain_WithBaseValsalva,1,SBP,train,1,postExerciseHgcp,3876,3877,3877,7,30,subject1_day1_setup07_hgcp,130.414410214189,130.414410214189,0.0,32,16
3,SingleTrain_WithBaseValsalva,1,SBP,train,1,postExerciseHgcp,3877,3878,3878,7,30,subject1_day1_setup07_hgcp,130.269157872105,130.269157872105,0.0,32,16
3,SingleTrain_WithBaseValsalva,1,SBP,train,1,postExerciseHgcp,3878,3879,3879,7,30,subject1_day1_setup07_hgcp,130.629076847749,130.629076847749,0.0,32,16
3,SingleTrain_WithBaseValsalva,1,SBP,train,1,postExerciseHgcp,3879,3880,3880,7,30,subject1_day1_setup07_hgcp,130.490677091507,130.490677091507,0.0,32,16
3,SingleTrain_WithBaseValsalva,1,SBP,train,1,postExerciseHgcp,3880,3881,3881,7,30,subject1_day1_setup07_hgcp,130.406406165863,130.406406165863,0.0,32,16
3,SingleTrain_WithBaseValsalva,1,SBP,train,1,postExerciseHgcp,3881,3882,3882,7,30,subject1_day1_setup07_hgcp,130.482194589199,130.482194589199,0.0,32,16
3,SingleTrain_WithBaseValsalva,1,SBP,train,1,postExerciseHgcp,3882,3883,3883,7,30,subject1_day1_setup07_hgcp,130.624814657308,130.490677091507,-0.13413756580101222,32,16
3,SingleTrain_WithBaseValsalva,1,SBP,train,1,postExerciseHgcp,3883,3884,3884,7,30,subject1_day1_setup07_hgcp,130.410991911221,130.41099191122106,5.684341886080802e-14,32,16
3,SingleTrain_WithBaseValsalva,1,SBP,train,1,postExerciseHgcp,3884,3885,3885,7,30,subject1_day1_setup07_hgcp,130.327515185093,130.410991911221,0.08347672612799784,32,16
3,SingleTrain_WithBaseValsalva,1,SBP,train,1,postExerciseHgcp,3885,3886,3886,7,30,subject1_day1_setup07_hgcp,130.650001725853,130.650001725853,0.0,32,16
3,SingleTrain_WithBaseValsalva,1,SBP,train,1,postExerciseHgcp,3886,3887,3887,7,30,subject1_day1_setup07_hgcp,130.748704266372,130.748704266372,0.0,32,16
3,SingleTrain_WithBaseValsalva,1,SBP,train,1,postExerciseHgcp,3887,3888,3888,7,30,subject1_day1_setup07_hgcp,130.570188049062,130.650001725853,0.07981367679099094,32,16
3,SingleTrain_WithBaseValsalva,1,SBP,train,1,postExerciseHgcp,3888,3889,3889,7,30,subject1_day1_setup07_hgcp,130.758383276476,130.758383276476,0.0,32,16
3,SingleTrain_WithBaseValsalva,1,SBP,train,1,postExerciseHgcp,3892,3893,3893,7,31,subject1_day1_setup07_hgcp,125.49529945198,125.49529945198,0.0,32,16
3,SingleTrain_WithBaseValsalva,1,SBP,train,1,postExerciseHgcp,3893,3894,3894,7,31,subject1_day1_setup07_hgcp,125.357201708265,125.49529945198,0.13809774371500794,32,16
3,SingleTrain_WithBaseValsalva,1,SBP,train,1,postExerciseHgcp,3894,3895,3895,7,31,subject1_day1_setup07_hgcp,124.932475018286,124.932475018286,0.0,32,16
3,SingleTrain_WithBaseValsalva,1,SBP,train,1,postExerciseHgcp,3895,3896,3896,7,31,subject1_day1_setup07_hgcp,124.228783717148,124.228783717148,0.0,32,16
3,SingleTrain_WithBaseValsalva,1,SBP,train,1,postExerciseHgcp,3896,3897,3897,7,31,subject1_day1_setup07_hgcp,123.769648551183,123.769648551183,0.0,32,16
3,SingleTrain_WithBaseValsalva,1,SBP,train,1,postExerciseHgcp,3897,3898,3898,7,31,subject1_day1_setup07_hgcp,123.45415884703,123.45415884703,0.0,32,16
3,SingleTrain_WithBaseValsalva,1,SBP,train,1,postExerciseHgcp,3898,3899,3899,7,31,subject1_day1_setup07_hgcp,123.001405000422,123.001405000422,0.0,32,16
3,SingleTrain_WithBaseValsalva,1,SBP,train,1,postExerciseHgcp,3899,3900,3900,7,31,subject1_day1_setup07_hgcp,122.56718978267,122.56718978267,0.0,32,16
3,SingleTrain_WithBaseValsalva,1,SBP,train,1,postExerciseHgcp,3900,3901,3901,7,31,subject1_day1_setup07_hgcp,122.234424099774,122.234424099774,0.0,32,16
3,SingleTrain_WithBaseValsalva,1,SBP,train,1,postExerciseHgcp,3901,3902,3902,7,31,subject1_day1_setup07_hgcp,121.654130871418,121.654130871418,0.0,32,16
3,SingleTrain_WithBaseValsalva,1,SBP,train,1,postExerciseHgcp,3902,3903,3903,7,31,subject1_day1_setup07_hgcp,120.987351562753,120.987351562753,0.0,32,16
3,SingleTrain_WithBaseValsalva,1,SBP,train,1,postExerciseHgcp,3903,3904,3904,7,31,subject1_day1_setup07_hgcp,120.672600804141,120.672600804141,0.0,32,16
3,SingleTrain_WithBaseValsalva,1,SBP,train,1,postExerciseHgcp,3904,3905,3905,7,31,subject1_day1_setup07_hgcp,120.583775881658,120.583775881658,0.0,32,16
3,SingleTrain_WithBaseValsalva,1,SBP,train,1,postExerciseHgcp,3905,3906,3906,7,31,subject1_day1_setup07_hgcp,120.046572731602,120.046572731602,0.0,32,16
3,SingleTrain_WithBaseValsalva,1,SBP,train,1,postExerciseHgcp,3906,3907,3907,7,31,subject1_day1_setup07_hgcp,119.166532418578,119.166532418578,0.0,32,16
3,SingleTrain_WithBaseValsalva,1,SBP,train,1,postExerciseHgcp,3907,3908,3908,7,31,subject1_day1_setup07_hgcp,118.76066844911,118.76066844911,0.0,32,16
3,SingleTrain_WithBaseValsalva,1,SBP,train,1,postExerciseHgcp,3908,3909,3909,7,31,subject1_day1_setup07_hgcp,118.628075061098,118.628075061098,0.0,32,16
3,SingleTrain_WithBaseValsalva,1,SBP,train,1,postExerciseHgcp,3909,3910,3910,7,31,subject1_day1_setup07_hgcp,118.11070159685,118.11070159685,0.0,32,16
3,SingleTrain_WithBaseValsalva,1,SBP,train,1,postExerciseHgcp,3910,3911,3911,7,31,subject1_day1_setup07_hgcp,117.603850241821,117.603850241821,0.0,32,16
3,SingleTrain_WithBaseValsalva,1,SBP,train,1,postExerciseHgcp,3911,3912,3912,7,31,subject1_day1_setup07_hgcp,117.50989975366,117.50989975366,0.0,32,16
3,SingleTrain_WithBaseValsalva,1,SBP,train,1,postExerciseHgcp,3912,3913,3913,7,31,subject1_day1_setup07_hgcp,117.331805540302,117.331805540302,0.0,32,16
3,SingleTrain_WithBaseValsalva,1,SBP,train,1,postExerciseHgcp,3913,3914,3914,7,31,subject1_day1_setup07_hgcp,116.981025057433,116.981025057433,0.0,32,16
3,SingleTrain_WithBaseValsalva,1,SBP,train,1,postExerciseHgcp,3914,3915,3915,7,31,subject1_day1_setup07_hgcp,117.172379308739,117.172379308739,0.0,32,16
3,SingleTrain_WithBaseValsalva,1,SBP,train,1,postExerciseHgcp,3915,3916,3916,7,31,subject1_day1_setup07_hgcp,117.811882581506,118.181388830706,0.3695062492000005,32,16
3,SingleTrain_WithBaseValsalva,1,SBP,train,1,postExerciseHgcp,3916,3917,3917,7,31,subject1_day1_setup07_hgcp,118.181388830706,118.181388830706,0.0,32,16
3,SingleTrain_WithBaseValsalva,1,SBP,train,1,postExerciseHgcp,3917,3918,3918,7,31,subject1_day1_setup07_hgcp,118.335606871728,118.335606871728,0.0,32,16
3,SingleTrain_WithBaseValsalva,1,SBP,train,1,postExerciseHgcp,3918,3919,3919,7,31,subject1_day1_setup07_hgcp,118.832449963988,118.832449963988,0.0,32,16
3,SingleTrain_WithBaseValsalva,1,SBP,train,1,postExerciseHgcp,3919,3920,3920,7,31,subject1_day1_setup07_hgcp,119.355680503787,119.355680503787,0.0,32,16
3,SingleTrain_WithBaseValsalva,1,SBP,train,1,postExerciseHgcp,3920,3921,3921,7,31,subject1_day1_setup07_hgcp,119.333461336747,119.355680503787,0.02221916703999227,32,16
3,SingleTrain_WithBaseValsalva,1,SBP,train,1,postExerciseHgcp,3921,3922,3922,7,31,subject1_day1_setup07_hgcp,119.288474014386,119.288474014386,0.0,32,16
3,SingleTrain_WithBaseValsalva,1,SBP,train,1,postExerciseHgcp,3922,3923,3923,7,31,subject1_day1_setup07_hgcp,119.402100805006,119.402100805006,0.0,32,16
3,SingleTrain_WithBaseValsalva,1,SBP,train,1,postExerciseHgcp,3923,3924,3924,7,31,subject1_day1_setup07_hgcp,118.996156370208,118.996156370208,0.0,32,16
3,SingleTrain_WithBaseValsalva,1,SBP,train,1,postExerciseHgcp,3924,3925,3925,7,31,subject1_day1_setup07_hgcp,118.486311894135,118.486311894135,0.0,32,16
3,SingleTrain_WithBaseValsalva,1,SBP,train,1,postExerciseHgcp,3925,3926,3926,7,31,subject1_day1_setup07_hgcp,118.471005125365,118.471005125365,0.0,32,16
3,SingleTrain_WithBaseValsalva,1,SBP,train,1,postExerciseHgcp,3926,3927,3927,7,31,subject1_day1_setup07_hgcp,118.565191348927,118.47986895122882,-0.08532239769817807,32,16
3,SingleTrain_WithBaseValsalva,1,SBP,train,1,postExerciseHgcp,3927,3928,3928,7,31,subject1_day1_setup07_hgcp,118.363566355466,118.363566355466,0.0,32,16
3,SingleTrain_WithBaseValsalva,1,SBP,train,1,postExerciseHgcp,3928,3929,3929,7,31,subject1_day1_setup07_hgcp,118.098775753551,118.363566355466,0.2647906019150099,32,16
3,SingleTrain_WithBaseValsalva,1,SBP,train,1,postExerciseHgcp,3929,3930,3930,7,31,subject1_day1_setup07_hgcp,118.125702151185,118.314894335753,0.18919218456800024,32,16
3,SingleTrain_WithBaseValsalva,1,SBP,train,1,postExerciseHgcp,3930,3931,3931,7,31,subject1_day1_setup07_hgcp,118.314894335753,118.314894335753,0.0,32,16
3,SingleTrain_WithBaseValsalva,1,SBP,train,1,postExerciseHgcp,3931,3932,3932,7,31,subject1_day1_setup07_hgcp,118.433791971014,118.363566355466,-0.07022561554799722,32,16
3,SingleTrain_WithBaseValsalva,1,SBP,train,1,postExerciseHgcp,3932,3933,3933,7,31,subject1_day1_setup07_hgcp,118.535098351435,118.363566355466,-0.1715319959689907,32,16
3,SingleTrain_WithBaseValsalva,1,SBP,train,1,postExerciseHgcp,3933,3934,3934,7,31,subject1_day1_setup07_hgcp,118.507997339477,118.319238442896,-0.18875889658100675,32,16
3,SingleTrain_WithBaseValsalva,1,SBP,train,1,postExerciseHgcp,3934,3935,3935,7,31,subject1_day1_setup07_hgcp,118.319238442896,118.319238442896,0.0,32,16
3,SingleTrain_WithBaseValsalva,1,SBP,train,1,postExerciseHgcp,3935,3936,3936,7,31,subject1_day1_setup07_hgcp,117.918385879904,117.398780180243,-0.5196056996609997,32,16
3,SingleTrain_WithBaseValsalva,1,SBP,train,1,postExerciseHgcp,3936,3937,3937,7,31,subject1_day1_setup07_hgcp,117.398780180243,117.398780180243,0.0,32,16
3,SingleTrain_WithBaseValsalva,1,SBP,train,1,postExerciseHgcp,3937,3938,3938,7,31,subject1_day1_setup07_hgcp,116.88924783469,116.88924783469,0.0,32,16
3,SingleTrain_WithBaseValsalva,1,SBP,train,1,postExerciseHgcp,3938,3939,3939,7,31,subject1_day1_setup07_hgcp,116.3543494452,116.3543494452,0.0,32,16
3,SingleTrain_WithBaseValsalva,1,SBP,train,1,postExerciseHgcp,3939,3940,3940,7,31,subject1_day1_setup07_hgcp,115.767957108405,115.767957108405,0.0,32,16
3,SingleTrain_WithBaseValsalva,1,SBP,train,1,postExerciseHgcp,3940,3941,3941,7,31,subject1_day1_setup07_hgcp,115.262764220917,115.262764220917,0.0,32,16
3,SingleTrain_WithBaseValsalva,1,SBP,train,1,postExerciseHgcp,3941,3942,3942,7,31,subject1_day1_setup07_hgcp,114.77682094224,115.262764220917,0.4859432786770128,32,16
3,SingleTrain_WithBaseValsalva,1,SBP,train,1,postExerciseHgcp,3942,3943,3943,7,31,subject1_day1_setup07_hgcp,114.461109125057,114.77682094224001,0.3157118171830007,32,16
3,SingleTrain_WithBaseValsalva,1,SBP,train,1,postExerciseHgcp,3943,3944,3944,7,31,subject1_day1_setup07_hgcp,114.479419407034,114.479419407034,0.0,32,16
3,SingleTrain_WithBaseValsalva,1,SBP,train,1,postExerciseHgcp,3944,3945,3945,7,31,subject1_day1_setup07_hgcp,114.316017068172,114.316017068172,0.0,32,16
3,SingleTrain_WithBaseValsalva,1,SBP,train,1,postExerciseHgcp,3945,3946,3946,7,31,subject1_day1_setup07_hgcp,114.025845572302,114.025845572302,0.0,32,16
3,SingleTrain_WithBaseValsalva,1,SBP,train,1,postExerciseHgcp,3946,3947,3947,7,31,subject1_day1_setup07_hgcp,113.926008009635,113.926008009635,0.0,32,16
3,SingleTrain_WithBaseValsalva,1,SBP,train,1,postExerciseHgcp,3947,3948,3948,7,31,subject1_day1_setup07_hgcp,113.811285246011,113.811285246011,0.0,32,16
3,SingleTrain_WithBaseValsalva,1,SBP,train,1,postExerciseHgcp,3948,3949,3949,7,31,subject1_day1_setup07_hgcp,113.617066349688,113.617066349688,0.0,32,16
3,SingleTrain_WithBaseValsalva,1,SBP,train,1,postExerciseHgcp,3949,3950,3950,7,31,subject1_day1_setup07_hgcp,113.514535823435,113.514535823435,0.0,32,16
3,SingleTrain_WithBaseValsalva,1,SBP,train,1,postExerciseHgcp,3950,3951,3951,7,31,subject1_day1_setup07_hgcp,113.17670856322,113.17670856322,0.0,32,16
3,SingleTrain_WithBaseValsalva,1,SBP,train,1,postExerciseHgcp,3951,3952,3952,7,31,subject1_day1_setup07_hgcp,112.585192689339,112.585192689339,0.0,32,16
3,SingleTrain_WithBaseValsalva,1,SBP,train,1,postExerciseHgcp,3952,3953,3953,7,31,subject1_day1_setup07_hgcp,112.046010045404,112.277628279214,0.23161823380999635,32,16
3,SingleTrain_WithBaseValsalva,1,SBP,train,1,postExerciseHgcp,3953,3954,3954,7,31,subject1_day1_setup07_hgcp,111.761199998041,111.761199998041,0.0,32,16
3,SingleTrain_WithBaseValsalva,1,SBP,train,1,postExerciseHgcp,3954,3955,3955,7,31,subject1_day1_setup07_hgcp,111.240673876328,111.240673876328,0.0,32,16
3,SingleTrain_WithBaseValsalva,1,SBP,train,1,postExerciseHgcp,3955,3956,3956,7,31,subject1_day1_setup07_hgcp,110.582668990545,110.582668990545,0.0,32,16
3,SingleTrain_WithBaseValsalva,1,SBP,train,1,postExerciseHgcp,3956,3957,3957,7,31,subject1_day1_setup07_hgcp,110.390031555108,110.390031555108,0.0,32,16
3,SingleTrain_WithBaseValsalva,1,SBP,train,1,postExerciseHgcp,3957,3958,3958,7,31,subject1_day1_setup07_hgcp,110.445082902118,110.445082902118,0.0,32,16
3,SingleTrain_WithBaseValsalva,1,SBP,train,1,postExerciseHgcp,3958,3959,3959,7,31,subject1_day1_setup07_hgcp,110.182186751411,110.182186751411,0.0,32,16
3,SingleTrain_WithBaseValsalva,1,SBP,train,1,postExerciseHgcp,3959,3960,3960,7,31,subject1_day1_setup07_hgcp,109.937338812207,110.103986655701,0.16664784349399042,32,16
3,SingleTrain_WithBaseValsalva,1,SBP,train,1,postExerciseHgcp,3960,3961,3961,7,31,subject1_day1_setup07_hgcp,110.103986655701,110.103986655701,0.0,32,16
3,SingleTrain_WithBaseValsalva,1,SBP,train,1,postExerciseHgcp,3961,3962,3962,7,31,subject1_day1_setup07_hgcp,110.177403312945,110.177403312945,0.0,32,16
3,SingleTrain_WithBaseValsalva,1,SBP,train,1,postExerciseHgcp,3962,3963,3963,7,31,subject1_day1_setup07_hgcp,109.893885946979,109.893885946979,0.0,32,16
3,SingleTrain_WithBaseValsalva,1,SBP,train,1,postExerciseHgcp,3963,3964,3964,7,31,subject1_day1_setup07_hgcp,109.836388813452,110.036222521681,0.1998337082289936,32,16
3,SingleTrain_WithBaseValsalva,1,SBP,train,1,postExerciseHgcp,3964,3965,3965,7,31,subject1_day1_setup07_hgcp,110.070302299613,110.070302299613,0.0,32,16
3,SingleTrain_WithBaseValsalva,1,SBP,train,1,postExerciseHgcp,3965,3966,3966,7,31,subject1_day1_setup07_hgcp,110.083379967237,110.083379967237,0.0,32,16
3,SingleTrain_WithBaseValsalva,1,SBP,train,1,postExerciseHgcp,3966,3967,3967,7,31,subject1_day1_setup07_hgcp,109.922578211936,109.922578211936,0.0,32,16
3,SingleTrain_WithBaseValsalva,1,SBP,train,1,postExerciseHgcp,3967,3968,3968,7,31,subject1_day1_setup07_hgcp,110.036222521681,110.036222521681,0.0,32,16
3,SingleTrain_WithBaseValsalva,1,SBP,train,1,postExerciseHgcp,3968,3969,3969,7,31,subject1_day1_setup07_hgcp,110.256867590248,110.256867590248,0.0,32,16
3,SingleTrain_WithBaseValsalva,1,SBP,train,1,postExerciseHgcp,3969,3970,3970,7,31,subject1_day1_setup07_hgcp,110.065499638034,110.065499638034,0.0,32,16
3,SingleTrain_WithBaseValsalva,1,SBP,train,1,postExerciseHgcp,3970,3971,3971,7,31,subject1_day1_setup07_hgcp,109.951113825458,110.13948432673,0.18837050127200428,32,16
3,SingleTrain_WithBaseValsalva,1,SBP,train,1,postExerciseHgcp,3971,3972,3972,7,31,subject1_day1_setup07_hgcp,110.13948432673,110.13948432673,0.0,32,16
3,SingleTrain_WithBaseValsalva,1,SBP,train,1,postExerciseHgcp,3972,3973,3973,7,31,subject1_day1_setup07_hgcp,110.283377433485,110.25101960304,-0.03235783044499385,32,16
3,SingleTrain_WithBaseValsalva,1,SBP,train,1,postExerciseHgcp,3973,3974,3974,7,31,subject1_day1_setup07_hgcp,110.194726248048,110.194726248048,0.0,32,16
3,SingleTrain_WithBaseValsalva,1,SBP,train,1,postExerciseHgcp,3974,3975,3975,7,31,subject1_day1_setup07_hgcp,110.25101960304,110.25101960304,0.0,32,16
3,SingleTrain_WithBaseValsalva,1,SBP,train,1,postExerciseHgcp,3975,3976,3976,7,31,subject1_day1_setup07_hgcp,110.578275895218,110.256867590248,-0.3214083049699923,32,16
3,SingleTrain_WithBaseValsalva,1,SBP,train,1,postExerciseHgcp,3976,3977,3977,7,31,subject1_day1_setup07_hgcp,110.511719991216,110.256867590248,-0.2548524009679909,32,16
3,SingleTrain_WithBaseValsalva,1,SBP,train,1,postExerciseHgcp,3977,3978,3978,7,31,subject1_day1_setup07_hgcp,110.189676279303,110.189676279303,0.0,32,16
3,SingleTrain_WithBaseValsalva,1,SBP,train,1,postExerciseHgcp,3980,3981,3981,7,31,subject1_day1_setup07_hgcp,109.985410836458,109.985410836458,0.0,32,16
3,SingleTrain_WithBaseValsalva,1,SBP,train,1,postExerciseHgcp,3981,3982,3982,7,31,subject1_day1_setup07_hgcp,109.59538619827,109.59538619827,0.0,32,16
3,SingleTrain_WithBaseValsalva,1,SBP,train,1,postExerciseHgcp,3983,3984,3984,7,31,subject1_day1_setup07_hgcp,109.406530278683,109.406530278683,0.0,32,16
3,SingleTrain_WithBaseValsalva,1,SBP,train,1,postExerciseHgcp,3984,3985,3985,7,31,subject1_day1_setup07_hgcp,108.923857577731,108.923857577731,0.0,32,16
3,SingleTrain_WithBaseValsalva,1,SBP,train,1,postExerciseHgcp,3985,3986,3986,7,31,subject1_day1_setup07_hgcp,108.686500333249,108.686500333249,0.0,32,16
3,SingleTrain_WithBaseValsalva,1,SBP,train,1,postExerciseHgcp,3986,3987,3987,7,31,subject1_day1_setup07_hgcp,108.583278318743,108.583278318743,0.0,32,16
3,SingleTrain_WithBaseValsalva,1,SBP,train,1,postExerciseHgcp,3987,3988,3988,7,31,subject1_day1_setup07_hgcp,108.238835514213,108.238835514213,0.0,32,16
3,SingleTrain_WithBaseValsalva,1,SBP,train,1,postExerciseHgcp,3988,3989,3989,7,31,subject1_day1_setup07_hgcp,107.959992343751,108.190091483173,0.2300991394220091,32,16
3,SingleTrain_WithBaseValsalva,1,SBP,train,1,postExerciseHgcp,3989,3990,3990,7,31,subject1_day1_setup07_hgcp,108.190091483173,108.190091483173,0.0,32,16
3,SingleTrain_WithBaseValsalva,1,SBP,train,1,postExerciseHgcp,3990,3991,3991,7,31,subject1_day1_setup07_hgcp,108.097800084494,108.097800084494,0.0,32,16
3,SingleTrain_WithBaseValsalva,1,SBP,train,1,postExerciseHgcp,3991,3992,3992,7,31,subject1_day1_setup07_hgcp,107.835947795146,107.959992343751,0.12404454860499925,32,16
3,SingleTrain_WithBaseValsalva,1,SBP,train,1,postExerciseHgcp,3992,3993,3993,7,31,subject1_day1_setup07_hgcp,107.647612387648,107.647612387648,0.0,32,16
3,SingleTrain_WithBaseValsalva,1,SBP,train,1,postExerciseHgcp,3993,3994,3994,7,31,subject1_day1_setup07_hgcp,107.592145881412,107.592145881412,0.0,32,16
3,SingleTrain_WithBaseValsalva,1,SBP,train,1,postExerciseHgcp,3994,3995,3995,7,31,subject1_day1_setup07_hgcp,107.448052065595,107.448052065595,0.0,32,16
3,SingleTrain_WithBaseValsalva,1,SBP,train,1,postExerciseHgcp,3995,3996,3996,7,31,subject1_day1_setup07_hgcp,107.134951747174,107.592145881412,0.4571941342379944,32,16
3,SingleTrain_WithBaseValsalva,1,SBP,train,1,postExerciseHgcp,3996,3997,3997,7,31,subject1_day1_setup07_hgcp,107.050130335592,107.167249489577,0.11711915398500139,32,16
3,SingleTrain_WithBaseValsalva,1,SBP,train,1,postExerciseHgcp,3997,3998,3998,7,31,subject1_day1_setup07_hgcp,107.167249489577,107.167249489577,0.0,32,16
3,SingleTrain_WithBaseValsalva,1,SBP,train,1,postExerciseHgcp,3998,3999,3999,7,31,subject1_day1_setup07_hgcp,106.90541719612,106.90541719612,0.0,32,16
3,SingleTrain_WithBaseValsalva,1,SBP,train,1,postExerciseHgcp,4000,4001,4001,7,32,subject1_day1_setup07_hgcp,108.666022623006,108.666022623006,0.0,32,16
3,SingleTrain_WithBaseValsalva,1,SBP,train,1,postExerciseHgcp,4001,4002,4002,7,32,subject1_day1_setup07_hgcp,108.995666787494,108.995666787494,0.0,32,16
3,SingleTrain_WithBaseValsalva,1,SBP,train,1,postExerciseHgcp,4002,4003,4003,7,32,subject1_day1_setup07_hgcp,109.911303492723,109.911303492723,0.0,32,16
3,SingleTrain_WithBaseValsalva,1,SBP,train,1,postExerciseHgcp,4003,4004,4004,7,32,subject1_day1_setup07_hgcp,110.932701781535,110.932701781535,0.0,32,16
3,SingleTrain_WithBaseValsalva,1,SBP,train,1,postExerciseHgcp,4004,4005,4005,7,32,subject1_day1_setup07_hgcp,111.605738000471,111.605738000471,0.0,32,16
3,SingleTrain_WithBaseValsalva,1,SBP,train,1,postExerciseHgcp,4005,4006,4006,7,32,subject1_day1_setup07_hgcp,112.112252185456,112.112252185456,0.0,32,16
3,SingleTrain_WithBaseValsalva,1,SBP,train,1,postExerciseHgcp,4006,4007,4007,7,32,subject1_day1_setup07_hgcp,112.857673606934,112.112252185456,-0.7454214214779995,32,16
3,SingleTrain_WithBaseValsalva,1,SBP,train,1,postExerciseHgcp,4007,4008,4008,7,32,subject1_day1_setup07_hgcp,113.413056372983,112.857673606934,-0.555382766048993,32,16
3,SingleTrain_WithBaseValsalva,1,SBP,train,1,postExerciseHgcp,4008,4009,4009,7,32,subject1_day1_setup07_hgcp,113.493075998089,113.493075998089,0.0,32,16
3,SingleTrain_WithBaseValsalva,1,SBP,train,1,postExerciseHgcp,4009,4010,4010,7,32,subject1_day1_setup07_hgcp,113.61675028172,113.61675028172,0.0,32,16
3,SingleTrain_WithBaseValsalva,1,SBP,train,1,postExerciseHgcp,4011,4012,4012,7,32,subject1_day1_setup07_hgcp,114.320935675048,114.320935675048,0.0,32,16
3,SingleTrain_WithBaseValsalva,1,SBP,train,1,postExerciseHgcp,4012,4013,4013,7,32,subject1_day1_setup07_hgcp,114.522464954342,114.522464954342,0.0,32,16
3,SingleTrain_WithBaseValsalva,1,SBP,train,1,postExerciseHgcp,4013,4014,4014,7,32,subject1_day1_setup07_hgcp,115.105105264786,115.105105264786,0.0,32,16
3,SingleTrain_WithBaseValsalva,1,SBP,train,1,postExerciseHgcp,4014,4015,4015,7,32,subject1_day1_setup07_hgcp,115.528840013805,115.528840013805,0.0,32,16
3,SingleTrain_WithBaseValsalva,1,SBP,train,1,postExerciseHgcp,4015,4016,4016,7,32,subject1_day1_setup07_hgcp,115.709735653557,115.709735653557,0.0,32,16
3,SingleTrain_WithBaseValsalva,1,SBP,train,1,postExerciseHgcp,4016,4017,4017,7,32,subject1_day1_setup07_hgcp,116.130815789639,116.130815789639,0.0,32,16
3,SingleTrain_WithBaseValsalva,1,SBP,train,1,postExerciseHgcp,4017,4018,4018,7,32,subject1_day1_setup07_hgcp,116.715353771993,116.715353771993,0.0,32,16
3,SingleTrain_WithBaseValsalva,1,SBP,train,1,postExerciseHgcp,4018,4019,4019,7,32,subject1_day1_setup07_hgcp,117.218005388693,117.218005388693,0.0,32,16
3,SingleTrain_WithBaseValsalva,1,SBP,train,1,postExerciseHgcp,4019,4020,4020,7,32,subject1_day1_setup07_hgcp,117.572584041843,117.572584041843,0.0,32,16
3,SingleTrain_WithBaseValsalva,1,SBP,train,1,postExerciseHgcp,4020,4021,4021,7,32,subject1_day1_setup07_hgcp,118.041727836868,118.041727836868,0.0,32,16
3,SingleTrain_WithBaseValsalva,1,SBP,train,1,postExerciseHgcp,4021,4022,4022,7,32,subject1_day1_setup07_hgcp,118.505237222256,118.041727836868,-0.4635093853879937,32,16
3,SingleTrain_WithBaseValsalva,1,SBP,train,1,postExerciseHgcp,4022,4023,4023,7,32,subject1_day1_setup07_hgcp,118.312576655428,118.040956283365,-0.2716203720629977,32,16
3,SingleTrain_WithBaseValsalva,1,SBP,train,1,postExerciseHgcp,4023,4024,4024,7,32,subject1_day1_setup07_hgcp,117.769335911302,117.769335911302,0.0,32,16
3,SingleTrain_WithBaseValsalva,1,SBP,train,1,postExerciseHgcp,4024,4025,4025,7,32,subject1_day1_setup07_hgcp,117.490783624517,117.373970373007,-0.11681325150999555,32,16
3,SingleTrain_WithBaseValsalva,1,SBP,train,1,postExerciseHgcp,4025,4026,4026,7,32,subject1_day1_setup07_hgcp,117.373970373007,117.373970373007,0.0,32,16
3,SingleTrain_WithBaseValsalva,1,SBP,train,1,postExerciseHgcp,4026,4027,4027,7,32,subject1_day1_setup07_hgcp,116.797222500827,116.797222500827,0.0,32,16
3,SingleTrain_WithBaseValsalva,1,SBP,train,1,postExerciseHgcp,4027,4028,4028,7,32,subject1_day1_setup07_hgcp,116.098642285117,116.098642285117,0.0,32,16
3,SingleTrain_WithBaseValsalva,1,SBP,train,1,postExerciseHgcp,4028,4029,4029,7,32,subject1_day1_setup07_hgcp,115.913670474692,116.098642285117,0.18497181042499733,32,16
3,SingleTrain_WithBaseValsalva,1,SBP,train,1,postExerciseHgcp,4029,4030,4030,7,32,subject1_day1_setup07_hgcp,115.695328855399,115.913670474692,0.21834161929299967,32,16
3,SingleTrain_WithBaseValsalva,1,SBP,train,1,postExerciseHgcp,4030,4031,4031,7,32,subject1_day1_setup07_hgcp,115.337192711739,115.620524069933,0.2833313581940047,32,16
3,SingleTrain_WithBaseValsalva,1,SBP,train,1,postExerciseHgcp,4031,4032,4032,7,32,subject1_day1_setup07_hgcp,115.290685793849,115.620524069933,0.3298382760840042,32,16
3,SingleTrain_WithBaseValsalva,1,SBP,train,1,postExerciseHgcp,4032,4033,4033,7,32,subject1_day1_setup07_hgcp,115.620524069933,115.620524069933,0.0,32,16
3,SingleTrain_WithBaseValsalva,1,SBP,train,1,postExerciseHgcp,4033,4034,4034,7,32,subject1_day1_setup07_hgcp,115.925531249588,115.925531249588,0.0,32,16
3,SingleTrain_WithBaseValsalva,1,SBP,train,1,postExerciseHgcp,4034,4035,4035,7,32,subject1_day1_setup07_hgcp,115.972948286611,115.972948286611,0.0,32,16
3,SingleTrain_WithBaseValsalva,1,SBP,train,1,postExerciseHgcp,4035,4036,4036,7,32,subject1_day1_setup07_hgcp,116.110539917462,116.10657404001365,-0.003965877448351307,32,16
3,SingleTrain_WithBaseValsalva,1,SBP,train,1,postExerciseHgcp,4036,4037,4037,7,32,subject1_day1_setup07_hgcp,116.342735450163,116.073463098649,-0.2692723515140045,32,16
3,SingleTrain_WithBaseValsalva,1,SBP,train,1,postExerciseHgcp,4037,4038,4038,7,32,subject1_day1_setup07_hgcp,116.3032258549,116.3032258549,0.0,32,16
3,SingleTrain_WithBaseValsalva,1,SBP,train,1,postExerciseHgcp,4038,4039,4039,7,32,subject1_day1_setup07_hgcp,116.022018248806,116.022018248806,0.0,32,16
3,SingleTrain_WithBaseValsalva,1,SBP,train,1,postExerciseHgcp,4039,4040,4040,7,32,subject1_day1_setup07_hgcp,115.947615358253,115.947615358253,0.0,32,16
3,SingleTrain_WithBaseValsalva,1,SBP,train,1,postExerciseHgcp,4040,4041,4041,7,32,subject1_day1_setup07_hgcp,116.073463098649,116.073463098649,0.0,32,16
3,SingleTrain_WithBaseValsalva,1,SBP,train,1,postExerciseHgcp,4043,4044,4044,7,32,subject1_day1_setup07_hgcp,116.37578358558,116.37578358558,0.0,32,16
3,SingleTrain_WithBaseValsalva,1,SBP,train,1,postExerciseHgcp,4044,4045,4045,7,32,subject1_day1_setup07_hgcp,116.702945287898,116.702945287898,0.0,32,16
3,SingleTrain_WithBaseValsalva,1,SBP,train,1,postExerciseHgcp,4045,4046,4046,7,32,subject1_day1_setup07_hgcp,116.68430070429,116.702945287898,0.018644583608008247,32,16
3,SingleTrain_WithBaseValsalva,1,SBP,train,1,postExerciseHgcp,4046,4047,4047,7,32,subject1_day1_setup07_hgcp,116.792631418928,116.792631418928,0.0,32,16
3,SingleTrain_WithBaseValsalva,1,SBP,train,1,postExerciseHgcp,4049,4050,4050,7,32,subject1_day1_setup07_hgcp,118.265220949332,118.265220949332,0.0,32,16
3,SingleTrain_WithBaseValsalva,1,SBP,train,1,postExerciseHgcp,4050,4051,4051,7,32,subject1_day1_setup07_hgcp,118.602197038191,118.598753531164,-0.0034435070270006918,32,16
3,SingleTrain_WithBaseValsalva,1,SBP,train,1,postExerciseHgcp,4051,4052,4052,7,32,subject1_day1_setup07_hgcp,118.996775009442,118.602197038191,-0.39457797125101024,32,16
3,SingleTrain_WithBaseValsalva,1,SBP,train,1,postExerciseHgcp,4052,4053,4053,7,32,subject1_day1_setup07_hgcp,119.006371355439,118.602197038191,-0.4041743172480068,32,16
3,SingleTrain_WithBaseValsalva,1,SBP,train,1,postExerciseHgcp,4053,4054,4054,7,32,subject1_day1_setup07_hgcp,118.532268878389,118.265220949332,-0.26704792905700003,32,16
3,SingleTrain_WithBaseValsalva,1,SBP,train,1,postExerciseHgcp,4054,4055,4055,7,32,subject1_day1_setup07_hgcp,118.332992004806,118.28684613402466,-0.04614587078134491,32,16
3,SingleTrain_WithBaseValsalva,1,SBP,train,1,postExerciseHgcp,4055,4056,4056,7,32,subject1_day1_setup07_hgcp,118.452085196502,118.263773198634,-0.18831199786799857,32,16
3,SingleTrain_WithBaseValsalva,1,SBP,train,1,postExerciseHgcp,4056,4057,4057,7,32,subject1_day1_setup07_hgcp,118.263773198634,117.778412451522,-0.48536074711199717,32,16
3,SingleTrain_WithBaseValsalva,1,SBP,train,1,postExerciseHgcp,4057,4058,4058,7,32,subject1_day1_setup07_hgcp,117.778412451522,117.778412451522,0.0,32,16
3,SingleTrain_WithBaseValsalva,1,SBP,train,1,postExerciseHgcp,4058,4059,4059,7,32,subject1_day1_setup07_hgcp,117.61961559475,117.61961559475,0.0,32,16
3,SingleTrain_WithBaseValsalva,1,SBP,train,1,postExerciseHgcp,4059,4060,4060,7,32,subject1_day1_setup07_hgcp,117.444674595834,117.444674595834,0.0,32,16
3,SingleTrain_WithBaseValsalva,1,SBP,train,1,postExerciseHgcp,4060,4061,4061,7,32,subject1_day1_setup07_hgcp,117.025276852577,117.025276852577,0.0,32,16
3,SingleTrain_WithBaseValsalva,1,SBP,train,1,postExerciseHgcp,4061,4062,4062,7,32,subject1_day1_setup07_hgcp,116.564840466142,116.564840466142,0.0,32,16
3,SingleTrain_WithBaseValsalva,1,SBP,train,1,postExerciseHgcp,4062,4063,4063,7,32,subject1_day1_setup07_hgcp,116.415830017676,116.415830017676,0.0,32,16
3,SingleTrain_WithBaseValsalva,1,SBP,train,1,postExerciseHgcp,4063,4064,4064,7,32,subject1_day1_setup07_hgcp,116.390713318996,116.390713318996,0.0,32,16
3,SingleTrain_WithBaseValsalva,1,SBP,train,1,postExerciseHgcp,4064,4065,4065,7,32,subject1_day1_setup07_hgcp,116.184716184719,116.184716184719,0.0,32,16
3,SingleTrain_WithBaseValsalva,1,SBP,train,1,postExerciseHgcp,4065,4066,4066,7,32,subject1_day1_setup07_hgcp,116.002727228319,116.002727228319,0.0,32,16
3,SingleTrain_WithBaseValsalva,1,SBP,train,1,postExerciseHgcp,4066,4067,4067,7,32,subject1_day1_setup07_hgcp,115.860967997937,115.860967997937,0.0,32,16
3,SingleTrain_WithBaseValsalva,1,SBP,train,1,postExerciseHgcp,4067,4068,4068,7,32,subject1_day1_setup07_hgcp,115.598585909405,115.860967997937,0.26238208853199296,32,16
3,SingleTrain_WithBaseValsalva,1,SBP,train,1,postExerciseHgcp,4068,4069,4069,7,32,subject1_day1_setup07_hgcp,115.349748410817,115.349748410817,0.0,32,16
3,SingleTrain_WithBaseValsalva,1,SBP,train,1,postExerciseHgcp,4069,4070,4070,7,32,subject1_day1_setup07_hgcp,115.084756848019,115.084756848019,0.0,32,16
3,SingleTrain_WithBaseValsalva,1,SBP,train,1,postExerciseHgcp,4070,4071,4071,7,32,subject1_day1_setup07_hgcp,114.695408325837,114.695408325837,0.0,32,16
3,SingleTrain_WithBaseValsalva,1,SBP,train,1,postExerciseHgcp,4071,4072,4072,7,32,subject1_day1_setup07_hgcp,114.321395240728,114.326098202,0.004702961272002426,32,16
3,SingleTrain_WithBaseValsalva,1,SBP,train,1,postExerciseHgcp,4072,4073,4073,7,32,subject1_day1_setup07_hgcp,114.326098202,114.326098202,0.0,32,16
3,SingleTrain_WithBaseValsalva,1,SBP,train,1,postExerciseHgcp,4073,4074,4074,7,32,subject1_day1_setup07_hgcp,114.608325556654,114.608325556654,0.0,32,16
3,SingleTrain_WithBaseValsalva,1,SBP,train,1,postExerciseHgcp,4074,4075,4075,7,32,subject1_day1_setup07_hgcp,114.626315125861,114.626315125861,0.0,32,16
3,SingleTrain_WithBaseValsalva,1,SBP,train,1,postExerciseHgcp,4075,4076,4076,7,32,subject1_day1_setup07_hgcp,114.428692360609,114.608325556654,0.17963319604498906,32,16
3,SingleTrain_WithBaseValsalva,1,SBP,train,1,postExerciseHgcp,4076,4077,4077,7,32,subject1_day1_setup07_hgcp,114.449775370199,114.608325556654,0.1585501864549883,32,16
3,SingleTrain_WithBaseValsalva,1,SBP,train,1,postExerciseHgcp,4077,4078,4078,7,32,subject1_day1_setup07_hgcp,114.464460260047,114.449775370199,-0.014684889847998761,32,16
3,SingleTrain_WithBaseValsalva,1,SBP,train,1,postExerciseHgcp,4078,4079,4079,7,32,subject1_day1_setup07_hgcp,114.099160441786,114.099160441786,0.0,32,16
3,SingleTrain_WithBaseValsalva,1,SBP,train,1,postExerciseHgcp,4079,4080,4080,7,32,subject1_day1_setup07_hgcp,113.806006818442,113.806006818442,0.0,32,16
3,SingleTrain_WithBaseValsalva,1,SBP,train,1,postExerciseHgcp,4080,4081,4081,7,32,subject1_day1_setup07_hgcp,113.536986572227,113.536986572227,0.0,32,16
3,SingleTrain_WithBaseValsalva,1,SBP,train,1,postExerciseHgcp,4081,4082,4082,7,32,subject1_day1_setup07_hgcp,113.170910939094,113.170910939094,0.0,32,16
3,SingleTrain_WithBaseValsalva,1,SBP,train,1,postExerciseHgcp,4082,4083,4083,7,32,subject1_day1_setup07_hgcp,112.562055837703,112.562055837703,0.0,32,16
3,SingleTrain_WithBaseValsalva,1,SBP,train,1,postExerciseHgcp,4083,4084,4084,7,32,subject1_day1_setup07_hgcp,111.980851022786,111.980851022786,0.0,32,16
3,SingleTrain_WithBaseValsalva,1,SBP,train,1,postExerciseHgcp,4084,4085,4085,7,32,subject1_day1_setup07_hgcp,111.609385114153,111.609385114153,0.0,32,16
3,SingleTrain_WithBaseValsalva,1,SBP,train,1,postExerciseHgcp,4085,4086,4086,7,32,subject1_day1_setup07_hgcp,111.33260358436,111.034254269202,-0.29834931515800633,32,16
3,SingleTrain_WithBaseValsalva,1,SBP,train,1,postExerciseHgcp,4086,4087,4087,7,32,subject1_day1_setup07_hgcp,111.034254269202,111.034254269202,0.0,32,16
3,SingleTrain_WithBaseValsalva,1,SBP,train,1,postExerciseHgcp,4087,4088,4088,7,32,subject1_day1_setup07_hgcp,110.794992045444,110.794992045444,0.0,32,16
3,SingleTrain_WithBaseValsalva,1,SBP,train,1,postExerciseHgcp,4088,4089,4089,7,32,subject1_day1_setup07_hgcp,110.653848157896,110.653848157896,0.0,32,16
3,SingleTrain_WithBaseValsalva,1,SBP,train,1,postExerciseHgcp,4089,4090,4090,7,32,subject1_day1_setup07_hgcp,110.595375278318,110.60417821328349,0.008802934965487452,32,16
3,SingleTrain_WithBaseValsalva,1,SBP,train,1,postExerciseHgcp,4090,4091,4091,7,32,subject1_day1_setup07_hgcp,110.62139623147,110.62139623147,0.0,32,16
3,SingleTrain_WithBaseValsalva,1,SBP,train,1,postExerciseHgcp,4091,4092,4092,7,32,subject1_day1_setup07_hgcp,110.643733671677,110.643733671677,0.0,32,16
3,SingleTrain_WithBaseValsalva,1,SBP,train,1,postExerciseHgcp,4092,4093,4093,7,32,subject1_day1_setup07_hgcp,110.52132125915,110.52132125915,0.0,32,16
3,SingleTrain_WithBaseValsalva,1,SBP,train,1,postExerciseHgcp,4093,4094,4094,7,32,subject1_day1_setup07_hgcp,110.163874497989,110.163874497989,0.0,32,16
3,SingleTrain_WithBaseValsalva,1,SBP,train,1,postExerciseHgcp,4094,4095,4095,7,32,subject1_day1_setup07_hgcp,109.766227226619,109.766227226619,0.0,32,16
3,SingleTrain_WithBaseValsalva,1,SBP,train,1,postExerciseHgcp,4095,4096,4096,7,32,subject1_day1_setup07_hgcp,109.538418898053,109.538418898053,0.0,32,16
3,SingleTrain_WithBaseValsalva,1,SBP,train,1,postExerciseHgcp,4096,4097,4097,7,32,subject1_day1_setup07_hgcp,109.343915588696,109.343915588696,0.0,32,16
3,SingleTrain_WithBaseValsalva,1,SBP,train,1,postExerciseHgcp,4097,4098,4098,7,32,subject1_day1_setup07_hgcp,109.15254553216,109.15254553216,0.0,32,16
3,SingleTrain_WithBaseValsalva,1,SBP,train,1,postExerciseHgcp,4098,4099,4099,7,32,subject1_day1_setup07_hgcp,109.136840720024,109.343915588696,0.20707486867200942,32,16
3,SingleTrain_WithBaseValsalva,1,SBP,train,1,postExerciseHgcp,4099,4100,4100,7,32,subject1_day1_setup07_hgcp,109.263628486663,109.724307388764,0.4606789021010087,32,16
3,SingleTrain_WithBaseValsalva,1,SBP,train,1,postExerciseHgcp,4100,4101,4101,7,32,subject1_day1_setup07_hgcp,109.364112593665,109.486535166862,0.12242257319699945,32,16
3,SingleTrain_WithBaseValsalva,1,SBP,train,1,postExerciseHgcp,4101,4102,4102,7,32,subject1_day1_setup07_hgcp,109.486535166862,109.806116028139,0.3195808612770037,32,16
3,SingleTrain_WithBaseValsalva,1,SBP,train,1,postExerciseHgcp,4102,4103,4103,7,32,subject1_day1_setup07_hgcp,109.826543706771,110.072476789946,0.24593308317498952,32,16
3,SingleTrain_WithBaseValsalva,1,SBP,train,1,postExerciseHgcp,4103,4104,4104,7,32,subject1_day1_setup07_hgcp,110.072476789946,110.072476789946,0.0,32,16
3,SingleTrain_WithBaseValsalva,1,SBP,train,1,postExerciseHgcp,4104,4105,4105,7,32,subject1_day1_setup07_hgcp,109.995935113165,109.995935113165,0.0,32,16
3,SingleTrain_WithBaseValsalva,1,SBP,train,1,postExerciseHgcp,4105,4106,4106,7,32,subject1_day1_setup07_hgcp,110.016860082805,110.192775921879,0.17591583907400832,32,16
3,SingleTrain_WithBaseValsalva,1,SBP,train,1,postExerciseHgcp,4106,4107,4107,7,32,subject1_day1_setup07_hgcp,110.30861817565,110.30861817565,0.0,32,16
3,SingleTrain_WithBaseValsalva,1,SBP,train,1,postExerciseHgcp,4107,4108,4108,7,32,subject1_day1_setup07_hgcp,110.441158092953,110.441158092953,0.0,32,16
3,SingleTrain_WithBaseValsalva,1,SBP,train,1,postExerciseHgcp,4108,4109,4109,7,32,subject1_day1_setup07_hgcp,110.210605012401,110.210605012401,0.0,32,16
3,SingleTrain_WithBaseValsalva,1,SBP,train,1,postExerciseHgcp,4109,4110,4110,7,32,subject1_day1_setup07_hgcp,110.232956003221,110.210605012401,-0.02235099082000147,32,16
3,SingleTrain_WithBaseValsalva,1,SBP,train,1,postExerciseHgcp,4110,4111,4111,7,32,subject1_day1_setup07_hgcp,110.290601276069,110.210605012401,-0.07999626366799362,32,16
3,SingleTrain_WithBaseValsalva,1,SBP,train,1,postExerciseHgcp,4111,4112,4112,7,32,subject1_day1_setup07_hgcp,110.171470930565,110.171470930565,0.0,32,16
3,SingleTrain_WithBaseValsalva,1,SBP,train,1,postExerciseHgcp,4112,4113,4113,7,32,subject1_day1_setup07_hgcp,109.839543068412,109.839543068412,0.0,32,16
3,SingleTrain_WithBaseValsalva,1,SBP,train,1,postExerciseHgcp,4113,4114,4114,7,32,subject1_day1_setup07_hgcp,109.724307388764,109.757053489048,0.032746100284001045,32,16
3,SingleTrain_WithBaseValsalva,1,SBP,train,1,postExerciseHgcp,4114,4115,4115,7,32,subject1_day1_setup07_hgcp,109.872004223255,109.806116028139,-0.06588819511600263,32,16
3,SingleTrain_WithBaseValsalva,1,SBP,train,1,postExerciseHgcp,4115,4116,4116,7,32,subject1_day1_setup07_hgcp,109.806116028139,109.806116028139,0.0,32,16
3,SingleTrain_WithBaseValsalva,1,SBP,train,1,postExerciseHgcp,4116,4117,4117,7,32,subject1_day1_setup07_hgcp,109.56413080276,109.56413080276,0.0,32,16
3,SingleTrain_WithBaseValsalva,1,SBP,train,1,postExerciseHgcp,4117,4118,4118,7,32,subject1_day1_setup07_hgcp,109.757053489048,109.757053489048,0.0,32,16
3,SingleTrain_WithBaseValsalva,1,SBP,train,1,postExerciseHgcp,4118,4119,4119,7,32,subject1_day1_setup07_hgcp,110.192775921879,110.192775921879,0.0,32,16
3,SingleTrain_WithBaseValsalva,1,SBP,train,1,postExerciseHgcp,4126,4127,4127,8,33,subject1_day1_setup08_hgcp,122.508342691512,122.508342691512,0.0,32,16
3,SingleTrain_WithBaseValsalva,1,SBP,train,1,postExerciseHgcp,4127,4128,4128,8,33,subject1_day1_setup08_hgcp,122.655766989757,122.655766989757,0.0,32,16
3,SingleTrain_WithBaseValsalva,1,SBP,train,1,postExerciseHgcp,4128,4129,4129,8,33,subject1_day1_setup08_hgcp,122.53126799752,122.53126799752,0.0,32,16
3,SingleTrain_WithBaseValsalva,1,SBP,train,1,postExerciseHgcp,4129,4130,4130,8,33,subject1_day1_setup08_hgcp,122.323386654305,122.323386654305,0.0,32,16
3,SingleTrain_WithBaseValsalva,1,SBP,train,1,postExerciseHgcp,4130,4131,4131,8,33,subject1_day1_setup08_hgcp,122.168351743037,122.168351743037,0.0,32,16
3,SingleTrain_WithBaseValsalva,1,SBP,train,1,postExerciseHgcp,4131,4132,4132,8,33,subject1_day1_setup08_hgcp,122.025895048545,122.025895048545,0.0,32,16
3,SingleTrain_WithBaseValsalva,1,SBP,train,1,postExerciseHgcp,4149,4150,4150,8,33,subject1_day1_setup08_hgcp,118.922606996287,118.922606996287,0.0,32,16
3,SingleTrain_WithBaseValsalva,1,SBP,train,1,postExerciseHgcp,4150,4151,4151,8,33,subject1_day1_setup08_hgcp,119.297709887294,119.297709887294,0.0,32,16
3,SingleTrain_WithBaseValsalva,1,SBP,train,1,postExerciseHgcp,4151,4152,4152,8,33,subject1_day1_setup08_hgcp,119.636822406375,119.636822406375,0.0,32,16
3,SingleTrain_WithBaseValsalva,1,SBP,train,1,postExerciseHgcp,4152,4153,4153,8,33,subject1_day1_setup08_hgcp,119.849590932839,119.849590932839,0.0,32,16
3,SingleTrain_WithBaseValsalva,1,SBP,train,1,postExerciseHgcp,4153,4154,4154,8,33,subject1_day1_setup08_hgcp,120.126126607366,120.126126607366,0.0,32,16
3,SingleTrain_WithBaseValsalva,1,SBP,train,1,postExerciseHgcp,4154,4155,4155,8,33,subject1_day1_setup08_hgcp,120.518211236522,120.518211236522,0.0,32,16
3,SingleTrain_WithBaseValsalva,1,SBP,train,1,postExerciseHgcp,4155,4156,4156,8,33,subject1_day1_setup08_hgcp,121.186336330226,121.186336330226,0.0,32,16
3,SingleTrain_WithBaseValsalva,1,SBP,train,1,postExerciseHgcp,4156,4157,4157,8,33,subject1_day1_setup08_hgcp,121.745851224786,121.745851224786,0.0,32,16
3,SingleTrain_WithBaseValsalva,1,SBP,train,1,postExerciseHgcp,4157,4158,4158,8,33,subject1_day1_setup08_hgcp,122.257537520884,122.257537520884,0.0,32,16
3,SingleTrain_WithBaseValsalva,1,SBP,train,1,postExerciseHgcp,4158,4159,4159,8,33,subject1_day1_setup08_hgcp,122.826011486014,122.826011486014,0.0,32,16
3,SingleTrain_WithBaseValsalva,1,SBP,train,1,postExerciseHgcp,4159,4160,4160,8,33,subject1_day1_setup08_hgcp,123.620074564922,123.620074564922,0.0,32,16
3,SingleTrain_WithBaseValsalva,1,SBP,train,1,postExerciseHgcp,4160,4161,4161,8,33,subject1_day1_setup08_hgcp,124.391413617277,124.391413617277,0.0,32,16
3,SingleTrain_WithBaseValsalva,1,SBP,train,1,postExerciseHgcp,4161,4162,4162,8,33,subject1_day1_setup08_hgcp,124.87767811705,124.87767811705,0.0,32,16
3,SingleTrain_WithBaseValsalva,1,SBP,train,1,postExerciseHgcp,4162,4163,4163,8,33,subject1_day1_setup08_hgcp,125.276727358676,125.276727358676,0.0,32,16
3,SingleTrain_WithBaseValsalva,1,SBP,train,1,postExerciseHgcp,4163,4164,4164,8,33,subject1_day1_setup08_hgcp,125.661038719782,125.661038719782,0.0,32,16
3,SingleTrain_WithBaseValsalva,1,SBP,train,1,postExerciseHgcp,4164,4165,4165,8,33,subject1_day1_setup08_hgcp,125.98524895385,125.98524895385,0.0,32,16
3,SingleTrain_WithBaseValsalva,1,SBP,train,1,postExerciseHgcp,4165,4166,4166,8,33,subject1_day1_setup08_hgcp,126.120126042414,126.113010931369,-0.00711511104499607,32,16
3,SingleTrain_WithBaseValsalva,1,SBP,train,1,postExerciseHgcp,4166,4167,4167,8,33,subject1_day1_setup08_hgcp,126.113010931369,126.113010931369,0.0,32,16
3,SingleTrain_WithBaseValsalva,1,SBP,train,1,postExerciseHgcp,4167,4168,4168,8,33,subject1_day1_setup08_hgcp,126.117331827503,126.117331827503,0.0,32,16
3,SingleTrain_WithBaseValsalva,1,SBP,train,1,postExerciseHgcp,4168,4169,4169,8,33,subject1_day1_setup08_hgcp,126.350869301096,126.31774639270502,-0.03312290839097898,32,16
3,SingleTrain_WithBaseValsalva,1,SBP,train,1,postExerciseHgcp,4199,4200,4200,8,33,subject1_day1_setup08_hgcp,134.761649534373,134.761649534373,0.0,32,16
3,SingleTrain_WithBaseValsalva,1,SBP,train,1,postExerciseHgcp,4201,4202,4202,8,33,subject1_day1_setup08_hgcp,134.828509363839,134.828509363839,0.0,32,16
3,SingleTrain_WithBaseValsalva,1,SBP,train,1,postExerciseHgcp,4205,4206,4206,8,33,subject1_day1_setup08_hgcp,136.111550852685,136.111550852685,0.0,32,16
3,SingleTrain_WithBaseValsalva,1,SBP,train,1,postExerciseHgcp,4214,4215,4215,8,33,subject1_day1_setup08_hgcp,137.175082342922,137.175082342922,0.0,32,16
3,SingleTrain_WithBaseValsalva,1,SBP,train,1,postExerciseHgcp,4312,4313,4313,8,34,subject1_day1_setup08_hgcp,138.83256932164,138.83256932164,0.0,32,16
3,SingleTrain_WithBaseValsalva,1,SBP,train,1,postExerciseHgcp,4315,4316,4316,8,34,subject1_day1_setup08_hgcp,139.517951807809,139.517951807809,0.0,32,16
3,SingleTrain_WithBaseValsalva,1,SBP,train,1,postExerciseHgcp,4424,4425,4425,8,35,subject1_day1_setup08_hgcp,133.308801743731,133.308801743731,0.0,32,16
3,SingleTrain_WithBaseValsalva,1,SBP,train,1,postExerciseHgcp,4425,4426,4426,8,35,subject1_day1_setup08_hgcp,132.410014360171,132.410014360171,0.0,32,16
3,SingleTrain_WithBaseValsalva,1,SBP,train,1,postExerciseHgcp,4426,4427,4427,8,35,subject1_day1_setup08_hgcp,131.545557812587,131.545557812587,0.0,32,16
3,SingleTrain_WithBaseValsalva,1,SBP,train,1,postExerciseHgcp,4427,4428,4428,8,35,subject1_day1_setup08_hgcp,130.498985163253,130.498985163253,0.0,32,16
3,SingleTrain_WithBaseValsalva,1,SBP,train,1,postExerciseHgcp,4428,4429,4429,8,35,subject1_day1_setup08_hgcp,129.89467101327,129.801922072422,-0.09274894084799712,32,16
3,SingleTrain_WithBaseValsalva,1,SBP,train,1,postExerciseHgcp,4429,4430,4430,8,35,subject1_day1_setup08_hgcp,129.801922072422,129.801922072422,0.0,32,16
3,SingleTrain_WithBaseValsalva,1,SBP,train,1,postExerciseHgcp,4430,4431,4431,8,35,subject1_day1_setup08_hgcp,129.578836267308,129.578836267308,0.0,32,16
3,SingleTrain_WithBaseValsalva,1,SBP,train,1,postExerciseHgcp,4431,4432,4432,8,35,subject1_day1_setup08_hgcp,129.015719704906,129.015719704906,0.0,32,16
3,SingleTrain_WithBaseValsalva,1,SBP,train,1,postExerciseHgcp,4432,4433,4433,8,35,subject1_day1_setup08_hgcp,128.28793354455,128.28793354455,0.0,32,16
3,SingleTrain_WithBaseValsalva,1,SBP,train,1,postExerciseHgcp,4433,4434,4434,8,35,subject1_day1_setup08_hgcp,127.978374900603,127.978374900603,0.0,32,16
3,SingleTrain_WithBaseValsalva,1,SBP,train,1,postExerciseHgcp,4434,4435,4435,8,35,subject1_day1_setup08_hgcp,128.037477926293,128.034870569559,-0.002607356734017685,32,16
3,SingleTrain_WithBaseValsalva,1,SBP,train,1,postExerciseHgcp,4435,4436,4436,8,35,subject1_day1_setup08_hgcp,128.034870569559,127.978374900603,-0.05649566895598923,32,16
3,SingleTrain_WithBaseValsalva,1,SBP,train,1,postExerciseHgcp,4436,4437,4437,8,35,subject1_day1_setup08_hgcp,127.740658485975,127.740658485975,0.0,32,16
3,SingleTrain_WithBaseValsalva,1,SBP,train,1,postExerciseHgcp,4437,4438,4438,8,35,subject1_day1_setup08_hgcp,127.164606665492,126.65831600810418,-0.5062906573878223,32,16
3,SingleTrain_WithBaseValsalva,1,SBP,train,1,postExerciseHgcp,4438,4439,4439,8,35,subject1_day1_setup08_hgcp,126.468175024935,126.468175024935,0.0,32,16
3,SingleTrain_WithBaseValsalva,1,SBP,train,1,postExerciseHgcp,4439,4440,4440,8,35,subject1_day1_setup08_hgcp,126.228825383881,126.327458403695,0.09863301981400241,32,16
3,SingleTrain_WithBaseValsalva,1,SBP,train,1,postExerciseHgcp,4440,4441,4441,8,35,subject1_day1_setup08_hgcp,126.327458403695,126.327458403695,0.0,32,16
3,SingleTrain_WithBaseValsalva,1,SBP,train,1,postExerciseHgcp,4441,4442,4442,8,35,subject1_day1_setup08_hgcp,126.587286010148,126.587286010148,0.0,32,16
3,SingleTrain_WithBaseValsalva,1,SBP,train,1,postExerciseHgcp,4442,4443,4443,8,35,subject1_day1_setup08_hgcp,126.674078819387,126.674078819387,0.0,32,16
3,SingleTrain_WithBaseValsalva,1,SBP,train,1,postExerciseHgcp,4443,4444,4444,8,35,subject1_day1_setup08_hgcp,126.538619341322,126.538619341322,0.0,32,16
3,SingleTrain_WithBaseValsalva,1,SBP,train,1,postExerciseHgcp,4444,4445,4445,8,35,subject1_day1_setup08_hgcp,126.468767645901,126.519828340889,0.051060694988009914,32,16
3,SingleTrain_WithBaseValsalva,1,SBP,train,1,postExerciseHgcp,4445,4446,4446,8,35,subject1_day1_setup08_hgcp,126.519828340889,126.519828340889,0.0,32,16
3,SingleTrain_WithBaseValsalva,1,SBP,train,1,postExerciseHgcp,4446,4447,4447,8,35,subject1_day1_setup08_hgcp,126.646716390656,126.646716390656,0.0,32,16
3,SingleTrain_WithBaseValsalva,1,SBP,train,1,postExerciseHgcp,4447,4448,4448,8,35,subject1_day1_setup08_hgcp,126.635703507909,126.550550232521,-0.08515327538799511,32,16
3,SingleTrain_WithBaseValsalva,1,SBP,train,1,postExerciseHgcp,4448,4449,4449,8,35,subject1_day1_setup08_hgcp,126.550550232521,126.550550232521,0.0,32,16
3,SingleTrain_WithBaseValsalva,1,SBP,train,1,postExerciseHgcp,4449,4450,4450,8,35,subject1_day1_setup08_hgcp,126.285096076465,126.285096076465,0.0,32,16
3,SingleTrain_WithBaseValsalva,1,SBP,train,1,postExerciseHgcp,4450,4451,4451,8,35,subject1_day1_setup08_hgcp,126.021979352716,126.180570347042,0.15859099432600487,32,16
3,SingleTrain_WithBaseValsalva,1,SBP,train,1,postExerciseHgcp,4451,4452,4452,8,35,subject1_day1_setup08_hgcp,126.084565066725,126.180570347042,0.0960052803170015,32,16
3,SingleTrain_WithBaseValsalva,1,SBP,train,1,postExerciseHgcp,4452,4453,4453,8,35,subject1_day1_setup08_hgcp,126.180570347042,126.180570347042,0.0,32,16
3,SingleTrain_WithBaseValsalva,1,SBP,train,1,postExerciseHgcp,4453,4454,4454,8,35,subject1_day1_setup08_hgcp,126.503308871736,126.503308871736,0.0,32,16
3,SingleTrain_WithBaseValsalva,1,SBP,train,1,postExerciseHgcp,4454,4455,4455,8,35,subject1_day1_setup08_hgcp,126.871536710793,126.871536710793,0.0,32,16
3,SingleTrain_WithBaseValsalva,1,SBP,train,1,postExerciseHgcp,4455,4456,4456,8,35,subject1_day1_setup08_hgcp,127.380924748423,127.380924748423,0.0,32,16
3,SingleTrain_WithBaseValsalva,1,SBP,train,1,postExerciseHgcp,4456,4457,4457,8,35,subject1_day1_setup08_hgcp,127.923860321354,127.923860321354,0.0,32,16
3,SingleTrain_WithBaseValsalva,1,SBP,train,1,postExerciseHgcp,4457,4458,4458,8,35,subject1_day1_setup08_hgcp,128.615080527691,128.615080527691,0.0,32,16
3,SingleTrain_WithBaseValsalva,1,SBP,train,1,postExerciseHgcp,4458,4459,4459,8,35,subject1_day1_setup08_hgcp,129.510417958976,129.510417958976,0.0,32,16
3,SingleTrain_WithBaseValsalva,1,SBP,train,1,postExerciseHgcp,4459,4460,4460,8,35,subject1_day1_setup08_hgcp,130.203359304706,130.203359304706,0.0,32,16
3,SingleTrain_WithBaseValsalva,1,SBP,train,1,postExerciseHgcp,4460,4461,4461,8,35,subject1_day1_setup08_hgcp,130.53691564143,130.57490559930264,0.03798995787263948,32,16
3,SingleTrain_WithBaseValsalva,1,SBP,train,1,postExerciseHgcp,4461,4462,4462,8,35,subject1_day1_setup08_hgcp,130.737568090357,130.737568090357,0.0,32,16
3,SingleTrain_WithBaseValsalva,1,SBP,train,1,postExerciseHgcp,4462,4463,4463,8,35,subject1_day1_setup08_hgcp,131.211531983109,131.211531983109,0.0,32,16
3,SingleTrain_WithBaseValsalva,1,SBP,train,1,postExerciseHgcp,4463,4464,4464,8,35,subject1_day1_setup08_hgcp,132.019480955526,132.019480955526,0.0,32,16
3,SingleTrain_WithBaseValsalva,1,SBP,train,1,postExerciseHgcp,4464,4465,4465,8,35,subject1_day1_setup08_hgcp,132.6226014281,132.6226014281,0.0,32,16
3,SingleTrain_WithBaseValsalva,1,SBP,train,1,postExerciseHgcp,4465,4466,4466,8,35,subject1_day1_setup08_hgcp,132.814695858847,132.814695858847,0.0,32,16
3,SingleTrain_WithBaseValsalva,1,SBP,train,1,postExerciseHgcp,4466,4467,4467,8,35,subject1_day1_setup08_hgcp,133.070985989818,133.070985989818,0.0,32,16
3,SingleTrain_WithBaseValsalva,1,SBP,train,1,postExerciseHgcp,4467,4468,4468,8,35,subject1_day1_setup08_hgcp,133.839195390249,133.839195390249,0.0,32,16
3,SingleTrain_WithBaseValsalva,1,SBP,train,1,postExerciseHgcp,4468,4469,4469,8,35,subject1_day1_setup08_hgcp,134.460046150402,134.460046150402,0.0,32,16
3,SingleTrain_WithBaseValsalva,1,SBP,train,1,postExerciseHgcp,4469,4470,4470,8,35,subject1_day1_setup08_hgcp,134.836730684415,134.836730684415,0.0,32,16
3,SingleTrain_WithBaseValsalva,1,SBP,train,1,postExerciseHgcp,4470,4471,4471,8,35,subject1_day1_setup08_hgcp,135.066948095547,135.066948095547,0.0,32,16
3,SingleTrain_WithBaseValsalva,1,SBP,train,1,postExerciseHgcp,4471,4472,4472,8,35,subject1_day1_setup08_hgcp,135.391306620337,135.391306620337,0.0,32,16
3,SingleTrain_WithBaseValsalva,1,SBP,train,1,postExerciseHgcp,4472,4473,4473,8,35,subject1_day1_setup08_hgcp,136.245847865892,136.245847865892,0.0,32,16
3,SingleTrain_WithBaseValsalva,1,SBP,train,1,postExerciseHgcp,4473,4474,4474,8,35,subject1_day1_setup08_hgcp,137.076869635343,137.076869635343,0.0,32,16
3,SingleTrain_WithBaseValsalva,1,SBP,train,1,postExerciseHgcp,4474,4475,4475,8,35,subject1_day1_setup08_hgcp,137.381464856633,137.381464856633,0.0,32,16
3,SingleTrain_WithBaseValsalva,1,SBP,train,1,postExerciseHgcp,4475,4476,4476,8,35,subject1_day1_setup08_hgcp,137.384242434567,137.384242434567,0.0,32,16
3,SingleTrain_WithBaseValsalva,1,SBP,train,1,postExerciseHgcp,4476,4477,4477,8,35,subject1_day1_setup08_hgcp,137.754353281321,137.754353281321,0.0,32,16
3,SingleTrain_WithBaseValsalva,1,SBP,train,1,postExerciseHgcp,4477,4478,4478,8,35,subject1_day1_setup08_hgcp,138.326054835625,138.326054835625,0.0,32,16
3,SingleTrain_WithBaseValsalva,1,SBP,train,1,postExerciseHgcp,4478,4479,4479,8,35,subject1_day1_setup08_hgcp,138.634612645083,138.634612645083,0.0,32,16
3,SingleTrain_WithBaseValsalva,1,SBP,train,1,postExerciseHgcp,4479,4480,4480,8,35,subject1_day1_setup08_hgcp,138.608659302412,138.608659302412,0.0,32,16
3,SingleTrain_WithBaseValsalva,1,SBP,train,1,postExerciseHgcp,4480,4481,4481,8,35,subject1_day1_setup08_hgcp,138.737265521845,138.737265521845,0.0,32,16
3,SingleTrain_WithBaseValsalva,1,SBP,train,1,postExerciseHgcp,4481,4482,4482,8,35,subject1_day1_setup08_hgcp,139.306078267987,139.306078267987,0.0,32,16
3,SingleTrain_WithBaseValsalva,1,SBP,train,1,postExerciseHgcp,4482,4483,4483,8,35,subject1_day1_setup08_hgcp,139.809479776703,139.809479776703,0.0,32,16
3,SingleTrain_WithBaseValsalva,1,SBP,train,1,postExerciseHgcp,4483,4484,4484,8,35,subject1_day1_setup08_hgcp,139.857849831716,139.809479776703,-0.048370055013009505,32,16
3,SingleTrain_WithBaseValsalva,1,SBP,train,1,postExerciseHgcp,4484,4485,4485,8,35,subject1_day1_setup08_hgcp,139.706388400643,139.706388400643,0.0,32,16
3,SingleTrain_WithBaseValsalva,1,SBP,train,1,postExerciseHgcp,4485,4486,4486,8,35,subject1_day1_setup08_hgcp,139.896643216394,139.896643216394,0.0,32,16
3,SingleTrain_WithBaseValsalva,1,SBP,train,1,postExerciseHgcp,4486,4487,4487,8,35,subject1_day1_setup08_hgcp,140.449004954003,140.449004954003,0.0,32,16
3,SingleTrain_WithBaseValsalva,1,SBP,train,1,postExerciseHgcp,4487,4488,4488,8,35,subject1_day1_setup08_hgcp,140.8099630133,140.8099630133,0.0,32,16
3,SingleTrain_WithBaseValsalva,1,SBP,train,1,postExerciseHgcp,4488,4489,4489,8,35,subject1_day1_setup08_hgcp,141.026914731656,140.8099630133,-0.21695171835600036,32,16
3,SingleTrain_WithBaseValsalva,1,SBP,train,1,postExerciseHgcp,4489,4490,4490,8,35,subject1_day1_setup08_hgcp,141.261038826326,141.18680314306974,-0.07423568325626206,32,16
3,SingleTrain_WithBaseValsalva,1,SBP,train,1,postExerciseHgcp,4490,4491,4491,8,35,subject1_day1_setup08_hgcp,141.820323519273,141.820323519273,0.0,32,16
3,SingleTrain_WithBaseValsalva,1,SBP,train,1,postExerciseHgcp,4491,4492,4492,8,35,subject1_day1_setup08_hgcp,142.259031299044,141.820323519273,-0.43870777977102193,32,16
3,SingleTrain_WithBaseValsalva,1,SBP,train,1,postExerciseHgcp,4492,4493,4493,8,35,subject1_day1_setup08_hgcp,142.11457540289,141.820323519273,-0.29425188361702226,32,16
3,SingleTrain_WithBaseValsalva,1,SBP,train,1,postExerciseHgcp,4493,4494,4494,8,35,subject1_day1_setup08_hgcp,141.454586588136,141.454586588136,0.0,32,16
3,SingleTrain_WithBaseValsalva,1,SBP,train,1,postExerciseHgcp,4494,4495,4495,8,35,subject1_day1_setup08_hgcp,141.145826018186,141.061107916506,-0.0847181016800107,32,16
3,SingleTrain_WithBaseValsalva,1,SBP,train,1,postExerciseHgcp,4495,4496,4496,8,35,subject1_day1_setup08_hgcp,141.061107916506,141.061107916506,0.0,32,16
3,SingleTrain_WithBaseValsalva,1,SBP,train,1,postExerciseHgcp,4496,4497,4497,8,35,subject1_day1_setup08_hgcp,140.596329848098,140.596329848098,0.0,32,16
3,SingleTrain_WithBaseValsalva,1,SBP,train,1,postExerciseHgcp,4497,4498,4498,8,35,subject1_day1_setup08_hgcp,139.764953561722,139.764953561722,0.0,32,16
3,SingleTrain_WithBaseValsalva,1,SBP,train,1,postExerciseHgcp,4498,4499,4499,8,35,subject1_day1_setup08_hgcp,139.108146738875,139.108146738875,0.0,32,16
3,SingleTrain_WithBaseValsalva,1,SBP,train,1,postExerciseHgcp,4499,4500,4500,8,35,subject1_day1_setup08_hgcp,138.958165108835,138.958165108835,0.0,32,16
3,SingleTrain_WithBaseValsalva,1,SBP,train,1,postExerciseHgcp,4500,4501,4501,8,35,subject1_day1_setup08_hgcp,139.039530786532,139.039530786532,0.0,32,16
3,SingleTrain_WithBaseValsalva,1,SBP,train,1,postExerciseHgcp,4501,4502,4502,8,35,subject1_day1_setup08_hgcp,138.700959118269,138.700959118269,0.0,32,16
3,SingleTrain_WithBaseValsalva,1,SBP,train,1,postExerciseHgcp,4502,4503,4503,8,35,subject1_day1_setup08_hgcp,138.317024628248,138.405537473799,0.08851284555100847,32,16
3,SingleTrain_WithBaseValsalva,1,SBP,train,1,postExerciseHgcp,4503,4504,4504,8,35,subject1_day1_setup08_hgcp,138.309340919005,138.405537473799,0.09619655479400535,32,16
3,SingleTrain_WithBaseValsalva,1,SBP,train,1,postExerciseHgcp,4504,4505,4505,8,35,subject1_day1_setup08_hgcp,138.405537473799,138.405537473799,0.0,32,16
3,SingleTrain_WithBaseValsalva,1,SBP,train,1,postExerciseHgcp,4530,4531,4531,8,35,subject1_day1_setup08_hgcp,132.70334878443,132.70334878443,0.0,32,16
3,SingleTrain_WithBaseValsalva,1,SBP,train,1,postExerciseHgcp,4531,4532,4532,8,35,subject1_day1_setup08_hgcp,132.555041476618,132.555041476618,0.0,32,16
3,SingleTrain_WithBaseValsalva,1,SBP,train,1,postExerciseHgcp,4532,4533,4533,8,35,subject1_day1_setup08_hgcp,132.582976135889,132.582976135889,0.0,32,16
3,SingleTrain_WithBaseValsalva,1,SBP,train,1,postExerciseHgcp,4533,4534,4534,8,35,subject1_day1_setup08_hgcp,132.968783137128,132.968783137128,0.0,32,16
3,SingleTrain_WithBaseValsalva,1,SBP,train,1,postExerciseHgcp,4534,4535,4535,8,35,subject1_day1_setup08_hgcp,133.362728720257,133.362728720257,0.0,32,16
3,SingleTrain_WithBaseValsalva,1,SBP,train,1,postExerciseHgcp,4535,4536,4536,8,35,subject1_day1_setup08_hgcp,133.496183275602,133.496183275602,0.0,32,16
3,SingleTrain_WithBaseValsalva,1,SBP,train,1,postExerciseHgcp,4536,4537,4537,8,35,subject1_day1_setup08_hgcp,133.618706814054,133.618706814054,0.0,32,16
3,SingleTrain_WithBaseValsalva,1,SBP,train,1,postExerciseHgcp,4537,4538,4538,8,35,subject1_day1_setup08_hgcp,134.156241855803,134.156241855803,0.0,32,16
3,SingleTrain_WithBaseValsalva,1,SBP,train,1,postExerciseHgcp,4538,4539,4539,8,35,subject1_day1_setup08_hgcp,134.699298157169,134.699298157169,0.0,32,16
3,SingleTrain_WithBaseValsalva,1,SBP,train,1,postExerciseHgcp,4539,4540,4540,8,35,subject1_day1_setup08_hgcp,134.860262891623,134.860262891623,0.0,32,16
3,SingleTrain_WithBaseValsalva,1,SBP,train,1,postExerciseHgcp,4540,4541,4541,8,35,subject1_day1_setup08_hgcp,134.925169315155,134.925169315155,0.0,32,16
3,SingleTrain_WithBaseValsalva,1,SBP,train,1,postExerciseHgcp,4541,4542,4542,8,35,subject1_day1_setup08_hgcp,134.997287563525,134.997287563525,0.0,32,16
3,SingleTrain_WithBaseValsalva,1,SBP,train,1,postExerciseHgcp,4542,4543,4543,8,35,subject1_day1_setup08_hgcp,135.077890311702,135.077890311702,0.0,32,16
3,SingleTrain_WithBaseValsalva,1,SBP,train,1,postExerciseHgcp,4543,4544,4544,8,35,subject1_day1_setup08_hgcp,135.599215941378,135.599215941378,0.0,32,16
3,SingleTrain_WithBaseValsalva,1,SBP,train,1,postExerciseHgcp,4544,4545,4545,8,35,subject1_day1_setup08_hgcp,136.249912224283,136.249912224283,0.0,32,16
3,SingleTrain_WithBaseValsalva,1,SBP,train,1,postExerciseHgcp,4545,4546,4546,8,35,subject1_day1_setup08_hgcp,136.621251621583,136.621251621583,0.0,32,16
3,SingleTrain_WithBaseValsalva,1,SBP,train,1,postExerciseHgcp,4546,4547,4547,8,35,subject1_day1_setup08_hgcp,136.462065053216,136.462065053216,0.0,32,16
3,SingleTrain_WithBaseValsalva,1,SBP,train,1,postExerciseHgcp,4551,4552,4552,8,36,subject1_day1_setup08_hgcp,126.525440664874,126.525440664874,0.0,32,16
3,SingleTrain_WithBaseValsalva,1,SBP,train,1,postExerciseHgcp,4552,4553,4553,8,36,subject1_day1_setup08_hgcp,126.68505353329,126.68505353329,0.0,32,16
3,SingleTrain_WithBaseValsalva,1,SBP,train,1,postExerciseHgcp,4553,4554,4554,8,36,subject1_day1_setup08_hgcp,126.789611266813,126.789611266813,0.0,32,16
3,SingleTrain_WithBaseValsalva,1,SBP,train,1,postExerciseHgcp,4554,4555,4555,8,36,subject1_day1_setup08_hgcp,126.703675869637,126.703675869637,0.0,32,16
3,SingleTrain_WithBaseValsalva,1,SBP,train,1,postExerciseHgcp,4555,4556,4556,8,36,subject1_day1_setup08_hgcp,126.842975742022,127.047970380839,0.20499463881699853,32,16
3,SingleTrain_WithBaseValsalva,1,SBP,train,1,postExerciseHgcp,4556,4557,4557,8,36,subject1_day1_setup08_hgcp,127.302896449763,127.302896449763,0.0,32,16
3,SingleTrain_WithBaseValsalva,1,SBP,train,1,postExerciseHgcp,4557,4558,4558,8,36,subject1_day1_setup08_hgcp,127.397160507167,127.24865312913272,-0.1485073780342816,32,16
3,SingleTrain_WithBaseValsalva,1,SBP,train,1,postExerciseHgcp,4558,4559,4559,8,36,subject1_day1_setup08_hgcp,127.169075081242,127.169075081242,0.0,32,16
3,SingleTrain_WithBaseValsalva,1,SBP,train,1,postExerciseHgcp,4559,4560,4560,8,36,subject1_day1_setup08_hgcp,127.110487122525,127.110487122525,0.0,32,16
3,SingleTrain_WithBaseValsalva,1,SBP,train,1,postExerciseHgcp,4560,4561,4561,8,36,subject1_day1_setup08_hgcp,127.279167255037,127.279167255037,0.0,32,16
3,SingleTrain_WithBaseValsalva,1,SBP,train,1,postExerciseHgcp,4561,4562,4562,8,36,subject1_day1_setup08_hgcp,127.324152570922,127.324152570922,0.0,32,16
3,SingleTrain_WithBaseValsalva,1,SBP,train,1,postExerciseHgcp,4564,4565,4565,8,36,subject1_day1_setup08_hgcp,128.523765136149,128.523765136149,0.0,32,16
3,SingleTrain_WithBaseValsalva,1,SBP,train,1,postExerciseHgcp,4565,4566,4566,8,36,subject1_day1_setup08_hgcp,128.564739588057,128.564739588057,0.0,32,16
3,SingleTrain_WithBaseValsalva,1,SBP,train,1,postExerciseHgcp,4566,4567,4567,8,36,subject1_day1_setup08_hgcp,128.261279145355,128.261279145355,0.0,32,16
3,SingleTrain_WithBaseValsalva,1,SBP,train,1,postExerciseHgcp,4567,4568,4568,8,36,subject1_day1_setup08_hgcp,128.425362249709,128.425362249709,0.0,32,16
3,SingleTrain_WithBaseValsalva,1,SBP,train,1,postExerciseHgcp,4568,4569,4569,8,36,subject1_day1_setup08_hgcp,128.494578688505,128.494578688505,0.0,32,16
3,SingleTrain_WithBaseValsalva,1,SBP,train,1,postExerciseHgcp,4569,4570,4570,8,36,subject1_day1_setup08_hgcp,128.028619454926,128.028619454926,0.0,32,16
3,SingleTrain_WithBaseValsalva,1,SBP,train,1,postExerciseHgcp,4570,4571,4571,8,36,subject1_day1_setup08_hgcp,127.546053930456,127.43905208392653,-0.10700184652947087,32,16
3,SingleTrain_WithBaseValsalva,1,SBP,train,1,postExerciseHgcp,4571,4572,4572,8,36,subject1_day1_setup08_hgcp,127.342552728882,127.342552728882,0.0,32,16
3,SingleTrain_WithBaseValsalva,1,SBP,train,1,postExerciseHgcp,4572,4573,4573,8,36,subject1_day1_setup08_hgcp,127.097091484329,127.097091484329,0.0,32,16
3,SingleTrain_WithBaseValsalva,1,SBP,train,1,postExerciseHgcp,4573,4574,4574,8,36,subject1_day1_setup08_hgcp,126.827789536256,126.827789536256,0.0,32,16
3,SingleTrain_WithBaseValsalva,1,SBP,train,1,postExerciseHgcp,4574,4575,4575,8,36,subject1_day1_setup08_hgcp,126.542936072279,126.542936072279,0.0,32,16
3,SingleTrain_WithBaseValsalva,1,SBP,train,1,postExerciseHgcp,4575,4576,4576,8,36,subject1_day1_setup08_hgcp,126.182650314578,126.182650314578,0.0,32,16
3,SingleTrain_WithBaseValsalva,1,SBP,train,1,postExerciseHgcp,4576,4577,4577,8,36,subject1_day1_setup08_hgcp,125.778476672034,125.778476672034,0.0,32,16
3,SingleTrain_WithBaseValsalva,1,SBP,train,1,postExerciseHgcp,4577,4578,4578,8,36,subject1_day1_setup08_hgcp,125.77830032631,125.77830032631,0.0,32,16
3,SingleTrain_WithBaseValsalva,1,SBP,train,1,postExerciseHgcp,4578,4579,4579,8,36,subject1_day1_setup08_hgcp,126.057879763578,126.057879763578,0.0,32,16
3,SingleTrain_WithBaseValsalva,1,SBP,train,1,postExerciseHgcp,4579,4580,4580,8,36,subject1_day1_setup08_hgcp,125.876062847638,125.876062847638,0.0,32,16
3,SingleTrain_WithBaseValsalva,1,SBP,train,1,postExerciseHgcp,4580,4581,4581,8,36,subject1_day1_setup08_hgcp,125.388787177098,125.388787177098,0.0,32,16
3,SingleTrain_WithBaseValsalva,1,SBP,train,1,postExerciseHgcp,4581,4582,4582,8,36,subject1_day1_setup08_hgcp,124.97000365273,124.97000365273,0.0,32,16
3,SingleTrain_WithBaseValsalva,1,SBP,train,1,postExerciseHgcp,4582,4583,4583,8,36,subject1_day1_setup08_hgcp,124.497848910584,124.497848910584,0.0,32,16
3,SingleTrain_WithBaseValsalva,1,SBP,train,1,postExerciseHgcp,4583,4584,4584,8,36,subject1_day1_setup08_hgcp,123.583923086581,123.583923086581,0.0,32,16
3,SingleTrain_WithBaseValsalva,1,SBP,train,1,postExerciseHgcp,4584,4585,4585,8,36,subject1_day1_setup08_hgcp,122.742913565194,122.742913565194,0.0,32,16
3,SingleTrain_WithBaseValsalva,1,SBP,train,1,postExerciseHgcp,4585,4586,4586,8,36,subject1_day1_setup08_hgcp,122.38328751228,122.38328751228,0.0,32,16
3,SingleTrain_WithBaseValsalva,1,SBP,train,1,postExerciseHgcp,4586,4587,4587,8,36,subject1_day1_setup08_hgcp,122.285272724845,122.285272724845,0.0,32,16
3,SingleTrain_WithBaseValsalva,1,SBP,train,1,postExerciseHgcp,4587,4588,4588,8,36,subject1_day1_setup08_hgcp,121.957028034806,122.285272724845,0.3282446900389999,32,16
3,SingleTrain_WithBaseValsalva,1,SBP,train,1,postExerciseHgcp,4589,4590,4590,8,36,subject1_day1_setup08_hgcp,122.313394957328,122.64813967360067,0.33474471627266666,32,16
3,SingleTrain_WithBaseValsalva,1,SBP,train,1,postExerciseHgcp,4590,4591,4591,8,36,subject1_day1_setup08_hgcp,122.996442230943,122.996442230943,0.0,32,16
3,SingleTrain_WithBaseValsalva,1,SBP,train,1,postExerciseHgcp,4591,4592,4592,8,36,subject1_day1_setup08_hgcp,123.145119944363,123.145119944363,0.0,32,16
3,SingleTrain_WithBaseValsalva,1,SBP,train,1,postExerciseHgcp,4592,4593,4593,8,36,subject1_day1_setup08_hgcp,123.265247542754,123.265247542754,0.0,32,16
3,SingleTrain_WithBaseValsalva,1,SBP,train,1,postExerciseHgcp,4593,4594,4594,8,36,subject1_day1_setup08_hgcp,123.485242361855,123.180323963066,-0.30491839878899896,32,16
3,SingleTrain_WithBaseValsalva,1,SBP,train,1,postExerciseHgcp,4594,4595,4595,8,36,subject1_day1_setup08_hgcp,123.507104150619,123.180323963066,-0.3267801875529983,32,16
3,SingleTrain_WithBaseValsalva,1,SBP,train,1,postExerciseHgcp,4595,4596,4596,8,36,subject1_day1_setup08_hgcp,123.180323963066,123.180323963066,0.0,32,16
3,SingleTrain_WithBaseValsalva,1,SBP,train,1,postExerciseHgcp,4596,4597,4597,8,36,subject1_day1_setup08_hgcp,122.708080151722,122.708080151722,0.0,32,16
3,SingleTrain_WithBaseValsalva,1,SBP,train,1,postExerciseHgcp,4597,4598,4598,8,36,subject1_day1_setup08_hgcp,121.985146036037,121.985146036037,0.0,32,16
3,SingleTrain_WithBaseValsalva,1,SBP,train,1,postExerciseHgcp,4598,4599,4599,8,36,subject1_day1_setup08_hgcp,121.151579139345,121.151579139345,0.0,32,16
3,SingleTrain_WithBaseValsalva,1,SBP,train,1,postExerciseHgcp,4599,4600,4600,8,36,subject1_day1_setup08_hgcp,120.810651945459,120.810651945459,0.0,32,16
3,SingleTrain_WithBaseValsalva,1,SBP,train,1,postExerciseHgcp,4600,4601,4601,8,36,subject1_day1_setup08_hgcp,120.745101908485,120.745101908485,0.0,32,16
3,SingleTrain_WithBaseValsalva,1,SBP,train,1,postExerciseHgcp,4601,4602,4602,8,36,subject1_day1_setup08_hgcp,120.496515603416,120.496515603416,0.0,32,16
3,SingleTrain_WithBaseValsalva,1,SBP,train,1,postExerciseHgcp,4602,4603,4603,8,36,subject1_day1_setup08_hgcp,120.25133427795,120.416488421602,0.16515414365200343,32,16
3,SingleTrain_WithBaseValsalva,1,SBP,train,1,postExerciseHgcp,4603,4604,4604,8,36,subject1_day1_setup08_hgcp,120.493533510801,120.493533510801,0.0,32,16
3,SingleTrain_WithBaseValsalva,1,SBP,train,1,postExerciseHgcp,4604,4605,4605,8,36,subject1_day1_setup08_hgcp,120.65746036158,120.416488421602,-0.24097193997799593,32,16
3,SingleTrain_WithBaseValsalva,1,SBP,train,1,postExerciseHgcp,4605,4606,4606,8,36,subject1_day1_setup08_hgcp,120.416488421602,120.416488421602,0.0,32,16
3,SingleTrain_WithBaseValsalva,1,SBP,train,1,postExerciseHgcp,4606,4607,4607,8,36,subject1_day1_setup08_hgcp,120.286732559308,120.41648842160198,0.12975586229397607,32,16
3,SingleTrain_WithBaseValsalva,1,SBP,train,1,postExerciseHgcp,4607,4608,4608,8,36,subject1_day1_setup08_hgcp,120.266541230827,120.266541230827,0.0,32,16
3,SingleTrain_WithBaseValsalva,1,SBP,train,1,postExerciseHgcp,4608,4609,4609,8,36,subject1_day1_setup08_hgcp,119.832838812835,119.832838812835,0.0,32,16
3,SingleTrain_WithBaseValsalva,1,SBP,train,1,postExerciseHgcp,4609,4610,4610,8,36,subject1_day1_setup08_hgcp,119.126329334946,119.126329334946,0.0,32,16
3,SingleTrain_WithBaseValsalva,1,SBP,train,1,postExerciseHgcp,4610,4611,4611,8,36,subject1_day1_setup08_hgcp,118.58978222601,118.366483818636,-0.22329840737400275,32,16
3,SingleTrain_WithBaseValsalva,1,SBP,train,1,postExerciseHgcp,4611,4612,4612,8,36,subject1_day1_setup08_hgcp,118.366483818636,118.366483818636,0.0,32,16
3,SingleTrain_WithBaseValsalva,1,SBP,train,1,postExerciseHgcp,4612,4613,4613,8,36,subject1_day1_setup08_hgcp,117.718996535228,117.718996535228,0.0,32,16
3,SingleTrain_WithBaseValsalva,1,SBP,train,1,postExerciseHgcp,4613,4614,4614,8,36,subject1_day1_setup08_hgcp,116.793248811131,116.793248811131,0.0,32,16
3,SingleTrain_WithBaseValsalva,1,SBP,train,1,postExerciseHgcp,4614,4615,4615,8,36,subject1_day1_setup08_hgcp,116.352660142252,116.352660142252,0.0,32,16
3,SingleTrain_WithBaseValsalva,1,SBP,train,1,postExerciseHgcp,4615,4616,4616,8,36,subject1_day1_setup08_hgcp,116.255416630888,116.255416630888,0.0,32,16
3,SingleTrain_WithBaseValsalva,1,SBP,train,1,postExerciseHgcp,4619,4620,4620,8,36,subject1_day1_setup08_hgcp,115.182844671373,115.182844671373,0.0,32,16
3,SingleTrain_WithBaseValsalva,1,SBP,train,1,postExerciseHgcp,4633,4634,4634,8,36,subject1_day1_setup08_hgcp,109.698385941062,109.69838594106201,1.4210854715202004e-14,32,16
3,SingleTrain_WithBaseValsalva,1,SBP,train,1,postExerciseHgcp,4634,4635,4635,8,36,subject1_day1_setup08_hgcp,110.041980968439,110.041980968439,0.0,32,16
3,SingleTrain_WithBaseValsalva,1,SBP,train,1,postExerciseHgcp,4635,4636,4636,8,36,subject1_day1_setup08_hgcp,110.252422900646,110.252422900646,0.0,32,16
3,SingleTrain_WithBaseValsalva,1,SBP,train,1,postExerciseHgcp,4636,4637,4637,8,36,subject1_day1_setup08_hgcp,110.399973728255,110.399973728255,0.0,32,16
3,SingleTrain_WithBaseValsalva,1,SBP,train,1,postExerciseHgcp,4637,4638,4638,8,36,subject1_day1_setup08_hgcp,110.882954293409,110.882954293409,0.0,32,16
3,SingleTrain_WithBaseValsalva,1,SBP,train,1,postExerciseHgcp,4647,4648,4648,8,36,subject1_day1_setup08_hgcp,114.63046161227,114.63046161227,0.0,32,16
3,SingleTrain_WithBaseValsalva,1,SBP,train,1,postExerciseHgcp,4649,4650,4650,8,36,subject1_day1_setup08_hgcp,116.380865105002,116.380865105002,0.0,32,16
3,SingleTrain_WithBaseValsalva,1,SBP,train,1,postExerciseHgcp,4651,4652,4652,8,36,subject1_day1_setup08_hgcp,117.821649877751,117.821649877751,0.0,32,16
3,SingleTrain_WithBaseValsalva,1,SBP,train,1,postExerciseHgcp,4652,4653,4653,8,36,subject1_day1_setup08_hgcp,118.263843319978,118.263843319978,0.0,32,16
3,SingleTrain_WithBaseValsalva,1,SBP,train,1,postExerciseHgcp,4653,4654,4654,8,36,subject1_day1_setup08_hgcp,118.758607482114,118.758607482114,0.0,32,16
3,SingleTrain_WithBaseValsalva,1,SBP,train,1,postExerciseHgcp,4673,4674,4674,8,37,subject1_day1_setup08_hgcp,115.353587993431,115.442705170426,0.08911717699498922,32,16
3,SingleTrain_WithBaseValsalva,1,SBP,train,1,postExerciseHgcp,4674,4675,4675,8,37,subject1_day1_setup08_hgcp,115.469103347175,115.469103347175,0.0,32,16
3,SingleTrain_WithBaseValsalva,1,SBP,train,1,postExerciseHgcp,4675,4676,4676,8,37,subject1_day1_setup08_hgcp,115.442705170426,115.442705170426,0.0,32,16
3,SingleTrain_WithBaseValsalva,1,SBP,train,1,postExerciseHgcp,4676,4677,4677,8,37,subject1_day1_setup08_hgcp,115.24635507576,115.24635507576,0.0,32,16
3,SingleTrain_WithBaseValsalva,1,SBP,train,1,postExerciseHgcp,4677,4678,4678,8,37,subject1_day1_setup08_hgcp,115.003500807009,115.003500807009,0.0,32,16
3,SingleTrain_WithBaseValsalva,1,SBP,train,1,postExerciseHgcp,4678,4679,4679,8,37,subject1_day1_setup08_hgcp,114.822296517675,115.003500807009,0.1812042893340049,32,16
3,SingleTrain_WithBaseValsalva,1,SBP,train,1,postExerciseHgcp,4679,4680,4680,8,37,subject1_day1_setup08_hgcp,114.881261760094,114.797375309739,-0.08388645035500986,32,16
3,SingleTrain_WithBaseValsalva,1,SBP,train,1,postExerciseHgcp,4680,4681,4681,8,37,subject1_day1_setup08_hgcp,114.822869876265,114.797375309739,-0.02549456652600668,32,16
3,SingleTrain_WithBaseValsalva,1,SBP,train,1,postExerciseHgcp,4681,4682,4682,8,37,subject1_day1_setup08_hgcp,114.676901040732,114.676901040732,0.0,32,16
3,SingleTrain_WithBaseValsalva,1,SBP,train,1,postExerciseHgcp,4682,4683,4683,8,37,subject1_day1_setup08_hgcp,114.602595763061,114.602595763061,0.0,32,16
3,SingleTrain_WithBaseValsalva,1,SBP,train,1,postExerciseHgcp,4683,4684,4684,8,37,subject1_day1_setup08_hgcp,114.688567651448,114.676901040732,-0.01166661071599151,32,16
3,SingleTrain_WithBaseValsalva,1,SBP,train,1,postExerciseHgcp,4684,4685,4685,8,37,subject1_day1_setup08_hgcp,114.493178691929,114.602595763061,0.10941707113200039,32,16
3,SingleTrain_WithBaseValsalva,1,SBP,train,1,postExerciseHgcp,4685,4686,4686,8,37,subject1_day1_setup08_hgcp,114.201246281693,114.201246281693,0.0,32,16
3,SingleTrain_WithBaseValsalva,1,SBP,train,1,postExerciseHgcp,4686,4687,4687,8,37,subject1_day1_setup08_hgcp,113.917734765121,113.917734765121,0.0,32,16
3,SingleTrain_WithBaseValsalva,1,SBP,train,1,postExerciseHgcp,4687,4688,4688,8,37,subject1_day1_setup08_hgcp,113.653069494214,113.653069494214,0.0,32,16
3,SingleTrain_WithBaseValsalva,1,SBP,train,1,postExerciseHgcp,4688,4689,4689,8,37,subject1_day1_setup08_hgcp,113.257494574901,113.257494574901,0.0,32,16
3,SingleTrain_WithBaseValsalva,1,SBP,train,1,postExerciseHgcp,4689,4690,4690,8,37,subject1_day1_setup08_hgcp,112.731094718223,112.731094718223,0.0,32,16
3,SingleTrain_WithBaseValsalva,1,SBP,train,1,postExerciseHgcp,4690,4691,4691,8,37,subject1_day1_setup08_hgcp,112.068566795604,112.068566795604,0.0,32,16
3,SingleTrain_WithBaseValsalva,1,SBP,train,1,postExerciseHgcp,4691,4692,4692,8,37,subject1_day1_setup08_hgcp,111.403670480696,111.403670480696,0.0,32,16
3,SingleTrain_WithBaseValsalva,1,SBP,train,1,postExerciseHgcp,4698,4699,4699,8,37,subject1_day1_setup08_hgcp,111.619355227343,111.619355227343,0.0,32,16
3,SingleTrain_WithBaseValsalva,1,SBP,train,1,postExerciseHgcp,4699,4700,4700,8,37,subject1_day1_setup08_hgcp,111.967604643846,111.967604643846,0.0,32,16
3,SingleTrain_WithBaseValsalva,1,SBP,train,1,postExerciseHgcp,4700,4701,4701,8,37,subject1_day1_setup08_hgcp,112.503518685817,112.503518685817,0.0,32,16
3,SingleTrain_WithBaseValsalva,1,SBP,train,1,postExerciseHgcp,4701,4702,4702,8,37,subject1_day1_setup08_hgcp,113.169422140456,113.169422140456,0.0,32,16
3,SingleTrain_WithBaseValsalva,1,SBP,train,1,postExerciseHgcp,4702,4703,4703,8,37,subject1_day1_setup08_hgcp,113.813432035775,113.813432035775,0.0,32,16
3,SingleTrain_WithBaseValsalva,1,SBP,train,1,postExerciseHgcp,4703,4704,4704,8,37,subject1_day1_setup08_hgcp,114.268305335352,114.268305335352,0.0,32,16
3,SingleTrain_WithBaseValsalva,1,SBP,train,1,postExerciseHgcp,4704,4705,4705,8,37,subject1_day1_setup08_hgcp,115.087426666287,115.087426666287,0.0,32,16
3,SingleTrain_WithBaseValsalva,1,SBP,train,1,postExerciseHgcp,4705,4706,4706,8,37,subject1_day1_setup08_hgcp,115.94435429751,115.94435429751,0.0,32,16
3,SingleTrain_WithBaseValsalva,1,SBP,train,1,postExerciseHgcp,4714,4715,4715,8,37,subject1_day1_setup08_hgcp,119.424232858719,119.190418510458,-0.23381434826099223,32,16
3,SingleTrain_WithBaseValsalva,1,SBP,train,1,postExerciseHgcp,4715,4716,4716,8,37,subject1_day1_setup08_hgcp,119.419689604933,119.190418510458,-0.2292710944749956,32,16
3,SingleTrain_WithBaseValsalva,1,SBP,train,1,postExerciseHgcp,4716,4717,4717,8,37,subject1_day1_setup08_hgcp,119.462768367617,119.190418510458,-0.27234985715899995,32,16
3,SingleTrain_WithBaseValsalva,1,SBP,train,1,postExerciseHgcp,4717,4718,4718,8,37,subject1_day1_setup08_hgcp,119.190418510458,119.190418510458,0.0,32,16
3,SingleTrain_WithBaseValsalva,1,SBP,train,1,postExerciseHgcp,4718,4719,4719,8,37,subject1_day1_setup08_hgcp,118.801528740737,118.801528740737,0.0,32,16
3,SingleTrain_WithBaseValsalva,1,SBP,train,1,postExerciseHgcp,4719,4720,4720,8,37,subject1_day1_setup08_hgcp,118.730363349622,118.801528740737,0.07116539111500231,32,16
3,SingleTrain_WithBaseValsalva,1,SBP,train,1,postExerciseHgcp,4720,4721,4721,8,37,subject1_day1_setup08_hgcp,118.818846036592,118.818846036592,0.0,32,16
3,SingleTrain_WithBaseValsalva,1,SBP,train,1,postExerciseHgcp,4721,4722,4722,8,37,subject1_day1_setup08_hgcp,118.391682184477,118.391682184477,0.0,32,16
3,SingleTrain_WithBaseValsalva,1,SBP,train,1,postExerciseHgcp,4722,4723,4723,8,37,subject1_day1_setup08_hgcp,118.049610697386,118.049610697386,0.0,32,16
3,SingleTrain_WithBaseValsalva,1,SBP,train,1,postExerciseHgcp,4723,4724,4724,8,37,subject1_day1_setup08_hgcp,117.976100333619,117.976100333619,0.0,32,16
3,SingleTrain_WithBaseValsalva,1,SBP,test,1,postExerciseHgcp,5509,5510,5510,10,44,subject1_day1_setup10_postExerciseHgcp,131.345235784129,130.584111141188,-0.7611246429409846,32,16
3,SingleTrain_WithBaseValsalva,1,SBP,test,1,postExerciseHgcp,5510,5511,5511,10,44,subject1_day1_setup10_postExerciseHgcp,131.467399753047,132.899155737425,1.4317559843779861,32,16
3,SingleTrain_WithBaseValsalva,1,SBP,test,1,postExerciseHgcp,5511,5512,5512,10,44,subject1_day1_setup10_postExerciseHgcp,131.401513495375,129.392555740861,-2.0089577545140003,32,16
3,SingleTrain_WithBaseValsalva,1,SBP,test,1,postExerciseHgcp,5514,5515,5515,10,44,subject1_day1_setup10_postExerciseHgcp,131.780783609606,132.6226014281,0.8418178184940075,32,16
3,SingleTrain_WithBaseValsalva,1,SBP,test,1,postExerciseHgcp,5518,5519,5519,10,44,subject1_day1_setup10_postExerciseHgcp,132.417601022122,128.755459744918,-3.6621412772040003,32,16
3,SingleTrain_WithBaseValsalva,1,SBP,test,1,postExerciseHgcp,5520,5521,5521,10,44,subject1_day1_setup10_postExerciseHgcp,132.9150878729,129.392555740861,-3.5225321320389753,32,16
3,SingleTrain_WithBaseValsalva,1,SBP,test,1,postExerciseHgcp,5523,5524,5524,10,44,subject1_day1_setup10_postExerciseHgcp,134.560424344712,129.392555740861,-5.167868603850991,32,16
3,SingleTrain_WithBaseValsalva,1,SBP,test,1,postExerciseHgcp,5524,5525,5525,10,44,subject1_day1_setup10_postExerciseHgcp,135.021240139397,128.897116146581,-6.12412399281601,32,16
3,SingleTrain_WithBaseValsalva,1,SBP,test,1,postExerciseHgcp,5525,5526,5526,10,44,subject1_day1_setup10_postExerciseHgcp,135.406140427319,128.897116146581,-6.509024280738004,32,16
3,SingleTrain_WithBaseValsalva,1,SBP,test,1,postExerciseHgcp,5527,5528,5528,10,44,subject1_day1_setup10_postExerciseHgcp,135.914798878218,128.755459744918,-7.159339133299994,32,16
3,SingleTrain_WithBaseValsalva,1,SBP,test,1,postExerciseHgcp,5528,5529,5529,10,44,subject1_day1_setup10_postExerciseHgcp,136.100994767631,128.755459744918,-7.345535022712994,32,16
3,SingleTrain_WithBaseValsalva,1,SBP,test,1,postExerciseHgcp,5529,5530,5530,10,44,subject1_day1_setup10_postExerciseHgcp,136.139643516254,132.899155737425,-3.2404877788290207,32,16
3,SingleTrain_WithBaseValsalva,1,SBP,test,1,postExerciseHgcp,5530,5531,5531,10,44,subject1_day1_setup10_postExerciseHgcp,136.15537135694,132.525891489713,-3.629479867227019,32,16
3,SingleTrain_WithBaseValsalva,1,SBP,test,1,postExerciseHgcp,5531,5532,5532,10,44,subject1_day1_setup10_postExerciseHgcp,136.026893128668,126.721200140021,-9.30569298864701,32,16
3,SingleTrain_WithBaseValsalva,1,SBP,test,1,postExerciseHgcp,5533,5534,5534,10,44,subject1_day1_setup10_postExerciseHgcp,136.016069149841,121.965576523937,-14.050492625903999,32,16
3,SingleTrain_WithBaseValsalva,1,SBP,test,1,postExerciseHgcp,5539,5540,5540,10,44,subject1_day1_setup10_postExerciseHgcp,141.204785210198,122.4955782006445,-18.709207009553495,32,16
3,SingleTrain_WithBaseValsalva,1,SBP,test,1,postExerciseHgcp,5542,5543,5543,10,44,subject1_day1_setup10_postExerciseHgcp,143.003041527158,122.90382816354361,-20.099213363614382,32,16
3,SingleTrain_WithBaseValsalva,1,SBP,test,1,postExerciseHgcp,5543,5544,5544,10,44,subject1_day1_setup10_postExerciseHgcp,143.752421959896,123.56977597273772,-20.18264598715828,32,16
3,SingleTrain_WithBaseValsalva,1,SBP,test,1,postExerciseHgcp,5554,5555,5555,10,44,subject1_day1_setup10_postExerciseHgcp,153.399136279986,130.66032392681,-22.738812353176,32,16
3,SingleTrain_WithBaseValsalva,1,SBP,test,1,postExerciseHgcp,5609,5610,5610,10,45,subject1_day1_setup10_postExerciseHgcp,128.202354673339,123.45415884703,-4.7481958263089865,32,16
3,SingleTrain_WithBaseValsalva,1,SBP,test,1,postExerciseHgcp,5610,5611,5611,10,45,subject1_day1_setup10_postExerciseHgcp,128.295808028766,118.758607482114,-9.537200546652002,32,16
3,SingleTrain_WithBaseValsalva,1,SBP,test,1,postExerciseHgcp,5611,5612,5612,10,45,subject1_day1_setup10_postExerciseHgcp,128.459605762641,118.068048777723,-10.391556984917983,32,16
3,SingleTrain_WithBaseValsalva,1,SBP,test,1,postExerciseHgcp,5612,5613,5613,10,45,subject1_day1_setup10_postExerciseHgcp,128.680001821644,114.227286281907,-14.452715539737,32,16
3,SingleTrain_WithBaseValsalva,1,SBP,test,1,postExerciseHgcp,5613,5614,5614,10,45,subject1_day1_setup10_postExerciseHgcp,128.443657017931,114.227286281907,-14.216370736024004,32,16
3,SingleTrain_WithBaseValsalva,1,SBP,test,1,postExerciseHgcp,5614,5615,5615,10,45,subject1_day1_setup10_postExerciseHgcp,128.462454798823,114.227286281907,-14.23516851691599,32,16
3,SingleTrain_WithBaseValsalva,1,SBP,test,1,postExerciseHgcp,5615,5616,5616,10,45,subject1_day1_setup10_postExerciseHgcp,128.555714718411,115.10510526478605,-13.45060945362495,32,16
3,SingleTrain_WithBaseValsalva,1,SBP,test,1,postExerciseHgcp,5616,5617,5617,10,45,subject1_day1_setup10_postExerciseHgcp,128.299466763186,115.112464695342,-13.187002067843991,32,16
3,SingleTrain_WithBaseValsalva,1,SBP,test,1,postExerciseHgcp,5617,5618,5618,10,45,subject1_day1_setup10_postExerciseHgcp,128.215977673618,115.10510526478605,-13.110872408831952,32,16
3,SingleTrain_WithBaseValsalva,1,SBP,test,1,postExerciseHgcp,5618,5619,5619,10,45,subject1_day1_setup10_postExerciseHgcp,128.470433782817,115.105105264786,-13.365328518030992,32,16
3,SingleTrain_WithBaseValsalva,1,SBP,test,1,postExerciseHgcp,5619,5620,5620,10,45,subject1_day1_setup10_postExerciseHgcp,128.593602356825,116.88924783469001,-11.704354522134977,32,16
3,SingleTrain_WithBaseValsalva,1,SBP,test,1,postExerciseHgcp,5620,5621,5621,10,45,subject1_day1_setup10_postExerciseHgcp,128.448584121602,115.10510526478605,-13.343478856815963,32,16
3,SingleTrain_WithBaseValsalva,1,SBP,test,1,postExerciseHgcp,5621,5622,5622,10,45,subject1_day1_setup10_postExerciseHgcp,128.465361051106,115.112464695342,-13.352896355763988,32,16
3,SingleTrain_WithBaseValsalva,1,SBP,test,1,postExerciseHgcp,5622,5623,5623,10,45,subject1_day1_setup10_postExerciseHgcp,128.306307085328,115.10510526478605,-13.201201820541954,32,16
3,SingleTrain_WithBaseValsalva,1,SBP,test,1,postExerciseHgcp,5623,5624,5624,10,45,subject1_day1_setup10_postExerciseHgcp,128.140236566457,115.105105264786,-13.035131301670987,32,16
3,SingleTrain_WithBaseValsalva,1,SBP,test,1,postExerciseHgcp,5624,5625,5625,10,45,subject1_day1_setup10_postExerciseHgcp,128.156503913518,114.874127671687,-13.282376241831003,32,16
3,SingleTrain_WithBaseValsalva,1,SBP,test,1,postExerciseHgcp,5625,5626,5626,10,45,subject1_day1_setup10_postExerciseHgcp,127.952008897036,114.874127671687,-13.077881225348989,32,16
3,SingleTrain_WithBaseValsalva,1,SBP,test,1,postExerciseHgcp,5626,5627,5627,10,45,subject1_day1_setup10_postExerciseHgcp,127.58190493947,114.874127671687,-12.707777267782987,32,16
3,SingleTrain_WithBaseValsalva,1,SBP,test,1,postExerciseHgcp,5627,5628,5628,10,45,subject1_day1_setup10_postExerciseHgcp,127.194675247327,114.874127671687,-12.320547575639992,32,16
3,SingleTrain_WithBaseValsalva,1,SBP,test,1,postExerciseHgcp,5628,5629,5629,10,45,subject1_day1_setup10_postExerciseHgcp,126.46994279068,114.77682094224,-11.69312184844,32,16
3,SingleTrain_WithBaseValsalva,1,SBP,test,1,postExerciseHgcp,5629,5630,5630,10,45,subject1_day1_setup10_postExerciseHgcp,125.494174714072,114.22728628190698,-11.266888432165018,32,16
3,SingleTrain_WithBaseValsalva,1,SBP,test,1,postExerciseHgcp,5630,5631,5631,10,45,subject1_day1_setup10_postExerciseHgcp,125.131294376859,114.169398977346,-10.961895399512997,32,16
3,SingleTrain_WithBaseValsalva,1,SBP,test,1,postExerciseHgcp,5631,5632,5632,10,45,subject1_day1_setup10_postExerciseHgcp,125.083226638322,114.169398977346,-10.913827660975997,32,16
3,SingleTrain_WithBaseValsalva,1,SBP,test,1,postExerciseHgcp,5737,5738,5738,10,46,subject1_day1_setup10_postExerciseHgcp,113.067548964525,118.755334635189,5.687785670663999,32,16
3,SingleTrain_WithBaseValsalva,1,SBP,test,1,postExerciseHgcp,5744,5745,5745,10,46,subject1_day1_setup10_postExerciseHgcp,116.282530851623,108.59667327575,-7.685857575872987,32,16
3,SingleTrain_WithBaseValsalva,1,SBP,test,1,postExerciseHgcp,5745,5746,5746,10,46,subject1_day1_setup10_postExerciseHgcp,116.622734184962,110.354568480671,-6.268165704290993,32,16
3,SingleTrain_WithBaseValsalva,1,SBP,test,1,postExerciseHgcp,5746,5747,5747,10,46,subject1_day1_setup10_postExerciseHgcp,116.724404682254,111.749744279054,-4.974660403200005,32,16
3,SingleTrain_WithBaseValsalva,1,SBP,test,1,postExerciseHgcp,5747,5748,5748,10,46,subject1_day1_setup10_postExerciseHgcp,116.668639679604,113.035459552639,-3.6331801269650015,32,16
3,SingleTrain_WithBaseValsalva,1,SBP,test,1,postExerciseHgcp,5748,5749,5749,10,46,subject1_day1_setup10_postExerciseHgcp,116.707201511358,113.035459552639,-3.6717419587189966,32,16
3,SingleTrain_WithBaseValsalva,1,SBP,test,1,postExerciseHgcp,5749,5750,5750,10,46,subject1_day1_setup10_postExerciseHgcp,116.789793451492,113.035459552639,-3.7543338988530053,32,16
3,SingleTrain_WithBaseValsalva,1,SBP,test,1,postExerciseHgcp,5750,5751,5751,10,46,subject1_day1_setup10_postExerciseHgcp,116.847917279378,113.035459552639,-3.812457726738998,32,16
3,SingleTrain_WithBaseValsalva,1,SBP,test,1,postExerciseHgcp,5751,5752,5752,10,46,subject1_day1_setup10_postExerciseHgcp,116.939123730596,113.035459552639,-3.9036641779569976,32,16
3,SingleTrain_WithBaseValsalva,1,SBP,test,1,postExerciseHgcp,5752,5753,5753,10,46,subject1_day1_setup10_postExerciseHgcp,117.094536814957,113.035459552639,-4.059077262317999,32,16
3,SingleTrain_WithBaseValsalva,1,SBP,test,1,postExerciseHgcp,5753,5754,5754,10,46,subject1_day1_setup10_postExerciseHgcp,117.2740938464,114.483593444348,-2.790500402052004,32,16
3,SingleTrain_WithBaseValsalva,1,SBP,test,1,postExerciseHgcp,5754,5755,5755,10,46,subject1_day1_setup10_postExerciseHgcp,117.401846437196,113.763951259052,-3.6378951781439923,32,16
3,SingleTrain_WithBaseValsalva,1,SBP,test,1,postExerciseHgcp,5755,5756,5756,10,46,subject1_day1_setup10_postExerciseHgcp,117.532808178372,114.483593444348,-3.049214734023991,32,16
3,SingleTrain_WithBaseValsalva,1,SBP,test,1,postExerciseHgcp,5756,5757,5757,10,46,subject1_day1_setup10_postExerciseHgcp,117.445046759634,111.468421207477,-5.976625552157003,32,16
3,SingleTrain_WithBaseValsalva,1,SBP,test,1,postExerciseHgcp,5757,5758,5758,10,46,subject1_day1_setup10_postExerciseHgcp,117.439918439497,113.33676672432298,-4.103151715174022,32,16
3,SingleTrain_WithBaseValsalva,1,SBP,test,1,postExerciseHgcp,5758,5759,5759,10,46,subject1_day1_setup10_postExerciseHgcp,117.179372715883,113.617066349688,-3.5623063661950027,32,16
3,SingleTrain_WithBaseValsalva,1,SBP,test,1,postExerciseHgcp,5759,5760,5760,10,46,subject1_day1_setup10_postExerciseHgcp,116.968934579202,113.617066349688,-3.3518682295139968,32,16
3,SingleTrain_WithBaseValsalva,1,SBP,test,1,postExerciseHgcp,5760,5761,5761,10,46,subject1_day1_setup10_postExerciseHgcp,116.67998448597,112.277628279214,-4.4023562067559965,32,16
3,SingleTrain_WithBaseValsalva,1,SBP,test,1,postExerciseHgcp,5761,5762,5762,10,46,subject1_day1_setup10_postExerciseHgcp,116.447229404263,112.046010045404,-4.401219358858995,32,16
3,SingleTrain_WithBaseValsalva,1,SBP,test,1,postExerciseHgcp,5762,5763,5763,10,46,subject1_day1_setup10_postExerciseHgcp,116.44977906686,112.046010045404,-4.403769021456,32,16
3,SingleTrain_WithBaseValsalva,1,SBP,test,1,postExerciseHgcp,5763,5764,5764,10,46,subject1_day1_setup10_postExerciseHgcp,116.526368123558,112.046010045404,-4.480358078153998,32,16
3,SingleTrain_WithBaseValsalva,1,SBP,test,1,postExerciseHgcp,5764,5765,5765,10,46,subject1_day1_setup10_postExerciseHgcp,116.497394786509,112.277628279214,-4.219766507295006,32,16
3,SingleTrain_WithBaseValsalva,1,SBP,test,1,postExerciseHgcp,5765,5766,5766,10,46,subject1_day1_setup10_postExerciseHgcp,116.760685988845,109.078289723621,-7.682396265224,32,16
3,SingleTrain_WithBaseValsalva,1,SBP,test,1,postExerciseHgcp,5766,5767,5767,10,46,subject1_day1_setup10_postExerciseHgcp,117.428831764263,109.242359845644,-8.186471918618992,32,16
3,SingleTrain_WithBaseValsalva,1,SBP,test,1,postExerciseHgcp,5767,5768,5768,10,46,subject1_day1_setup10_postExerciseHgcp,117.917749069936,108.923857577731,-8.993891492204995,32,16
3,SingleTrain_WithBaseValsalva,1,SBP,test,1,postExerciseHgcp,5768,5769,5769,10,46,subject1_day1_setup10_postExerciseHgcp,118.230402294691,108.923857577731,-9.306544716960005,32,16
3,SingleTrain_WithBaseValsalva,1,SBP,test,1,postExerciseHgcp,5769,5770,5770,10,46,subject1_day1_setup10_postExerciseHgcp,118.909504077318,109.242359845644,-9.667144231674001,32,16
3,SingleTrain_WithBaseValsalva,1,SBP,test,1,postExerciseHgcp,5770,5771,5771,10,46,subject1_day1_setup10_postExerciseHgcp,119.50296102703,109.242359845644,-10.260601181385994,32,16
3,SingleTrain_WithBaseValsalva,1,SBP,test,1,postExerciseHgcp,5771,5772,5772,10,46,subject1_day1_setup10_postExerciseHgcp,119.733221878421,110.13948432673,-9.593737551691007,32,16
3,SingleTrain_WithBaseValsalva,1,SBP,test,1,postExerciseHgcp,5772,5773,5773,10,46,subject1_day1_setup10_postExerciseHgcp,120.229384429827,109.242359845644,-10.98702458418299,32,16
3,SingleTrain_WithBaseValsalva,1,SBP,test,1,postExerciseHgcp,5780,5781,5781,10,46,subject1_day1_setup10_postExerciseHgcp,124.808444652191,116.902112329452,-7.906332322739004,32,16
3,SingleTrain_WithBaseValsalva,1,SBP,test,1,postExerciseHgcp,5781,5782,5782,10,46,subject1_day1_setup10_postExerciseHgcp,125.241908818467,112.6025993304,-12.639309488067,32,16
3,SingleTrain_WithBaseValsalva,1,SBP,test,1,postExerciseHgcp,5782,5783,5783,10,46,subject1_day1_setup10_postExerciseHgcp,125.707572435449,116.167753480177,-9.539818955271997,32,16
3,SingleTrain_WithBaseValsalva,1,SBP,test,1,postExerciseHgcp,5783,5784,5784,10,46,subject1_day1_setup10_postExerciseHgcp,126.432288797428,112.6025993304,-13.829689467028004,32,16
3,SingleTrain_WithBaseValsalva,1,SBP,test,1,postExerciseHgcp,5784,5785,5785,10,46,subject1_day1_setup10_postExerciseHgcp,126.98786065133,117.090178052438,-9.89768259889199,32,16
3,SingleTrain_WithBaseValsalva,1,SBP,test,1,postExerciseHgcp,5785,5786,5786,10,46,subject1_day1_setup10_postExerciseHgcp,127.1431085379,117.090178052438,-10.052930485462,32,16
3,SingleTrain_WithBaseValsalva,1,SBP,test,1,postExerciseHgcp,5786,5787,5787,10,46,subject1_day1_setup10_postExerciseHgcp,127.276746361188,117.090178052438,-10.186568308749997,32,16
3,SingleTrain_WithBaseValsalva,1,SBP,test,1,postExerciseHgcp,5787,5788,5788,10,46,subject1_day1_setup10_postExerciseHgcp,127.61489192212,116.95616556292,-10.658726359199989,32,16
3,SingleTrain_WithBaseValsalva,1,SBP,test,1,postExerciseHgcp,5788,5789,5789,10,46,subject1_day1_setup10_postExerciseHgcp,127.890090584498,117.178073959996,-10.712016624501999,32,16
3,SingleTrain_WithBaseValsalva,1,SBP,test,1,postExerciseHgcp,5789,5790,5790,10,46,subject1_day1_setup10_postExerciseHgcp,127.954266753679,117.60385024182101,-10.350416511857986,32,16
3,SingleTrain_WithBaseValsalva,1,SBP,test,1,postExerciseHgcp,5813,5814,5814,10,46,subject1_day1_setup10_postExerciseHgcp,123.042194683377,118.765036586757,-4.277158096619999,32,16
3,SingleTrain_WithBaseValsalva,1,SBP,test,1,postExerciseHgcp,5814,5815,5815,10,46,subject1_day1_setup10_postExerciseHgcp,121.136084993295,118.578900123437,-2.5571848698580055,32,16
3,SingleTrain_WithBaseValsalva,1,SBP,test,1,postExerciseHgcp,5815,5816,5816,10,46,subject1_day1_setup10_postExerciseHgcp,119.613981830362,117.779184395593,-1.834797434768987,32,16
3,SingleTrain_WithBaseValsalva,1,SBP,test,1,postExerciseHgcp,5816,5817,5817,10,46,subject1_day1_setup10_postExerciseHgcp,118.202507804166,117.444674595834,-0.7578332083320021,32,16
3,SingleTrain_WithBaseValsalva,1,SBP,test,1,postExerciseHgcp,5817,5818,5818,10,46,subject1_day1_setup10_postExerciseHgcp,116.974136874444,114.227286281907,-2.746850592537001,32,16
3,SingleTrain_WithBaseValsalva,1,SBP,test,1,postExerciseHgcp,5818,5819,5819,10,46,subject1_day1_setup10_postExerciseHgcp,115.749603865269,114.874127671687,-0.8754761935819886,32,16
3,SingleTrain_WithBaseValsalva,1,SBP,test,1,postExerciseHgcp,5819,5820,5820,10,46,subject1_day1_setup10_postExerciseHgcp,114.383075997864,116.88924783469,2.506171836825999,32,16
3,SingleTrain_WithBaseValsalva,1,SBP,test,1,postExerciseHgcp,5820,5821,5821,10,46,subject1_day1_setup10_postExerciseHgcp,113.273188458093,117.090178052438,3.816989594345003,32,16
3,SingleTrain_WithBaseValsalva,1,SBP,test,1,postExerciseHgcp,5821,5822,5822,10,46,subject1_day1_setup10_postExerciseHgcp,112.409899247304,115.579833187286,3.169933939982002,32,16
3,SingleTrain_WithBaseValsalva,1,SBP,test,1,postExerciseHgcp,5822,5823,5823,10,46,subject1_day1_setup10_postExerciseHgcp,111.305098935178,115.579833187286,4.274734252108004,32,16
3,SingleTrain_WithBaseValsalva,1,SBP,test,1,postExerciseHgcp,5823,5824,5824,10,46,subject1_day1_setup10_postExerciseHgcp,110.26259926802,115.579833187286,5.317233919266002,32,16
3,SingleTrain_WithBaseValsalva,1,SBP,test,1,postExerciseHgcp,5824,5825,5825,10,46,subject1_day1_setup10_postExerciseHgcp,109.331404588692,116.88924783469,7.557843245998001,32,16
